<?xml version="1.0" encoding="UTF-8"?>
<!-- IFRS Accounting Taxonomy 2025.**********************         Copyright (c) 2025 IFRS Foundation        All rights reserved. Reproduction and use rights are strictly limited.For more information on the IFRS Foundation's copyright and the terms and conditions of use for these files, please refer to https://www.ifrs.org/legal/terms-and-conditions/. The IFRS Foundation has trade marks registered around the world (Marks) including 'IAS', 'IASB', the IASB logo, 'IFRIC', 'IFRS', the IFRS logo, 'IFRS for SMEs', the IFRS for SMEs logo, the 'Hexagon Device', 'International Accounting Standards', 'International Financial Reporting Standards', 'NIIF' and 'SIC'. Further details of the IFRS Foundation's Marks are available from the IFRS Foundation on request.        ********************** -->
<link:linkbase xmlns:link="http://www.xbrl.org/2003/linkbase" xmlns:xlink="http://www.w3.org/1999/xlink" xmlns:xsi="http://www.w3.org/2001/XMLSchema-instance" xsi:schemaLocation="http://www.xbrl.org/2003/linkbase http://www.xbrl.org/2003/xbrl-linkbase-2003-12-31.xsd http://www.w3.org/1999/xlink http://www.xbrl.org/2003/xlink-2003-12-31.xsd">
	<link:roleRef roleURI="https://xbrl.ifrs.org/role/ifrs/ias_1_2025-03-27_role-800100" xlink:href="rol_ias_1_2025-03-27.xsd#ias_1_2025-03-27_role-800100" xlink:type="simple"/>
	<link:roleRef roleURI="https://xbrl.ifrs.org/role/ifrs/ias_1_2025-03-27_role-800100a" xlink:href="rol_ias_1_2025-03-27.xsd#ias_1_2025-03-27_role-800100a" xlink:type="simple"/>
	<link:arcroleRef arcroleURI="https://xbrl.org/2023/arcrole/summation-item" xlink:href="https://www.xbrl.org/2023/calculation-1.1.xsd#summation-item" xlink:type="simple"/>
	<link:calculationLink xlink:role="https://xbrl.ifrs.org/role/ifrs/ias_1_2025-03-27_role-800100" xlink:type="extended">
		<link:loc xlink:href="../../full_ifrs-cor_2025-03-27.xsd#ifrs-full_LoansAndAdvancesAtAmortisedCostGrossCarryingAmount" xlink:label="loc_18" xlink:type="locator"/>
		<link:loc xlink:href="../../full_ifrs-cor_2025-03-27.xsd#ifrs-full_LoansAndAdvancesAtAmortisedCost" xlink:label="loc_17" xlink:type="locator"/>
		<link:calculationArc order="10.0" weight="1.0" xlink:arcrole="https://xbrl.org/2023/arcrole/summation-item" xlink:from="loc_17" xlink:to="loc_18" xlink:type="arc"/>
		<link:loc xlink:href="../../full_ifrs-cor_2025-03-27.xsd#ifrs-full_NoncurrentContractLiabilities" xlink:label="loc_54" xlink:type="locator"/>
		<link:loc xlink:href="../../full_ifrs-cor_2025-03-27.xsd#ifrs-full_NoncurrentDeferredIncomeIncludingNoncurrentContractLiabilities" xlink:label="loc_53" xlink:type="locator"/>
		<link:calculationArc order="10.0" weight="1.0" xlink:arcrole="https://xbrl.org/2023/arcrole/summation-item" xlink:from="loc_53" xlink:to="loc_54" xlink:type="arc"/>
		<link:loc xlink:href="../../full_ifrs-cor_2025-03-27.xsd#ifrs-full_NoncurrentAdvances" xlink:label="loc_55" xlink:type="locator"/>
		<link:calculationArc order="10.0" weight="1.0" xlink:arcrole="https://xbrl.org/2023/arcrole/summation-item" xlink:from="loc_54" xlink:to="loc_55" xlink:type="arc"/>
		<link:loc xlink:href="../../full_ifrs-cor_2025-03-27.xsd#ifrs-full_CurrentContractLiabilities" xlink:label="loc_117" xlink:type="locator"/>
		<link:loc xlink:href="../../full_ifrs-cor_2025-03-27.xsd#ifrs-full_CurrentDeferredIncomeIncludingCurrentContractLiabilities" xlink:label="loc_116" xlink:type="locator"/>
		<link:calculationArc order="10.0" weight="1.0" xlink:arcrole="https://xbrl.org/2023/arcrole/summation-item" xlink:from="loc_116" xlink:to="loc_117" xlink:type="arc"/>
		<link:loc xlink:href="../../full_ifrs-cor_2025-03-27.xsd#ifrs-full_CurrentAdvances" xlink:label="loc_118" xlink:type="locator"/>
		<link:calculationArc order="10.0" weight="1.0" xlink:arcrole="https://xbrl.org/2023/arcrole/summation-item" xlink:from="loc_117" xlink:to="loc_118" xlink:type="arc"/>
		<link:loc xlink:href="../../full_ifrs-cor_2025-03-27.xsd#ifrs-full_CurrentAdvancesToSuppliers" xlink:label="loc_130" xlink:type="locator"/>
		<link:loc xlink:href="../../full_ifrs-cor_2025-03-27.xsd#ifrs-full_CurrentPrepayments" xlink:label="loc_129" xlink:type="locator"/>
		<link:calculationArc order="10.0" weight="1.0" xlink:arcrole="https://xbrl.org/2023/arcrole/summation-item" xlink:from="loc_129" xlink:to="loc_130" xlink:type="arc"/>
		<link:loc xlink:href="../../full_ifrs-cor_2025-03-27.xsd#ifrs-full_ContractLiabilities" xlink:label="loc_143" xlink:type="locator"/>
		<link:loc xlink:href="../../full_ifrs-cor_2025-03-27.xsd#ifrs-full_DeferredIncomeIncludingContractLiabilities" xlink:label="loc_142" xlink:type="locator"/>
		<link:calculationArc order="10.0" weight="1.0" xlink:arcrole="https://xbrl.org/2023/arcrole/summation-item" xlink:from="loc_142" xlink:to="loc_143" xlink:type="arc"/>
		<link:loc xlink:href="../../full_ifrs-cor_2025-03-27.xsd#ifrs-full_Advances" xlink:label="loc_144" xlink:type="locator"/>
		<link:calculationArc order="10.0" weight="1.0" xlink:arcrole="https://xbrl.org/2023/arcrole/summation-item" xlink:from="loc_143" xlink:to="loc_144" xlink:type="arc"/>
		<link:loc xlink:href="../../full_ifrs-cor_2025-03-27.xsd#ifrs-full_RevaluationSurplus" xlink:label="loc_165" xlink:type="locator"/>
		<link:loc xlink:href="../../full_ifrs-cor_2025-03-27.xsd#ifrs-full_AccumulatedOtherComprehensiveIncome" xlink:label="loc_164" xlink:type="locator"/>
		<link:calculationArc order="10.0" weight="1.0" xlink:arcrole="https://xbrl.org/2023/arcrole/summation-item" xlink:from="loc_164" xlink:to="loc_165" xlink:type="arc"/>
		<link:loc xlink:href="../../full_ifrs-cor_2025-03-27.xsd#ifrs-full_ShorttermBorrowings" xlink:label="loc_186" xlink:type="locator"/>
		<link:loc xlink:href="../../full_ifrs-cor_2025-03-27.xsd#ifrs-full_CurrentBorrowingsAndCurrentPortionOfNoncurrentBorrowings" xlink:label="loc_185" xlink:type="locator"/>
		<link:calculationArc order="10.0" weight="1.0" xlink:arcrole="https://xbrl.org/2023/arcrole/summation-item" xlink:from="loc_185" xlink:to="loc_186" xlink:type="arc"/>
		<link:loc xlink:href="../../full_ifrs-cor_2025-03-27.xsd#ifrs-full_Assets" xlink:label="loc_24" xlink:type="locator"/>
		<link:loc xlink:href="../../full_ifrs-cor_2025-03-27.xsd#ifrs-full_NetAssetsLiabilities" xlink:label="loc_23" xlink:type="locator"/>
		<link:calculationArc order="10.0" weight="1.0" xlink:arcrole="https://xbrl.org/2023/arcrole/summation-item" xlink:from="loc_23" xlink:to="loc_24" xlink:type="arc"/>
		<link:loc xlink:href="../../full_ifrs-cor_2025-03-27.xsd#ifrs-full_AssetsLessCurrentLiabilities" xlink:label="loc_181" xlink:type="locator"/>
		<link:calculationArc order="10.0" weight="1.0" xlink:arcrole="https://xbrl.org/2023/arcrole/summation-item" xlink:from="loc_181" xlink:to="loc_24" xlink:type="arc"/>
		<link:loc xlink:href="../../full_ifrs-cor_2025-03-27.xsd#ifrs-full_CashOnHand" xlink:label="loc_190" xlink:type="locator"/>
		<link:loc xlink:href="../../full_ifrs-cor_2025-03-27.xsd#ifrs-full_Cash" xlink:label="loc_189" xlink:type="locator"/>
		<link:calculationArc order="10.0" weight="1.0" xlink:arcrole="https://xbrl.org/2023/arcrole/summation-item" xlink:from="loc_189" xlink:to="loc_190" xlink:type="arc"/>
		<link:loc xlink:href="../../full_ifrs-cor_2025-03-27.xsd#ifrs-full_LongtermBorrowings" xlink:label="loc_184" xlink:type="locator"/>
		<link:loc xlink:href="../../full_ifrs-cor_2025-03-27.xsd#ifrs-full_Borrowings" xlink:label="loc_183" xlink:type="locator"/>
		<link:calculationArc order="10.0" weight="1.0" xlink:arcrole="https://xbrl.org/2023/arcrole/summation-item" xlink:from="loc_183" xlink:to="loc_184" xlink:type="arc"/>
		<link:loc xlink:href="../../full_ifrs-cor_2025-03-27.xsd#ifrs-full_ShorttermDepositsClassifiedAsCashEquivalents" xlink:label="loc_193" xlink:type="locator"/>
		<link:loc xlink:href="../../full_ifrs-cor_2025-03-27.xsd#ifrs-full_CashEquivalents" xlink:label="loc_192" xlink:type="locator"/>
		<link:calculationArc order="10.0" weight="1.0" xlink:arcrole="https://xbrl.org/2023/arcrole/summation-item" xlink:from="loc_192" xlink:to="loc_193" xlink:type="arc"/>
		<link:loc xlink:href="../../full_ifrs-cor_2025-03-27.xsd#ifrs-full_CashAndCashEquivalents" xlink:label="loc_188" xlink:type="locator"/>
		<link:calculationArc order="10.0" weight="1.0" xlink:arcrole="https://xbrl.org/2023/arcrole/summation-item" xlink:from="loc_188" xlink:to="loc_189" xlink:type="arc"/>
		<link:loc xlink:href="../../full_ifrs-cor_2025-03-27.xsd#ifrs-full_CurrentFinancialAssetsAtFairValueThroughProfitOrLossDesignatedUponInitialRecognition" xlink:label="loc_201" xlink:type="locator"/>
		<link:loc xlink:href="../../full_ifrs-cor_2025-03-27.xsd#ifrs-full_CurrentFinancialAssetsAtFairValueThroughProfitOrLoss" xlink:label="loc_200" xlink:type="locator"/>
		<link:calculationArc order="10.0" weight="1.0" xlink:arcrole="https://xbrl.org/2023/arcrole/summation-item" xlink:from="loc_200" xlink:to="loc_201" xlink:type="arc"/>
		<link:loc xlink:href="../../full_ifrs-cor_2025-03-27.xsd#ifrs-full_CurrentAssets" xlink:label="loc_198" xlink:type="locator"/>
		<link:loc xlink:href="../../full_ifrs-cor_2025-03-27.xsd#ifrs-full_CurrentAssetsLiabilities" xlink:label="loc_197" xlink:type="locator"/>
		<link:calculationArc order="10.0" weight="1.0" xlink:arcrole="https://xbrl.org/2023/arcrole/summation-item" xlink:from="loc_197" xlink:to="loc_198" xlink:type="arc"/>
		<link:loc xlink:href="../../full_ifrs-cor_2025-03-27.xsd#ifrs-full_CurrentFinancialAssetsMeasuredAtFairValueThroughOtherComprehensiveIncome" xlink:label="loc_210" xlink:type="locator"/>
		<link:loc xlink:href="../../full_ifrs-cor_2025-03-27.xsd#ifrs-full_CurrentFinancialAssetsAtFairValueThroughOtherComprehensiveIncome" xlink:label="loc_209" xlink:type="locator"/>
		<link:calculationArc order="10.0" weight="1.0" xlink:arcrole="https://xbrl.org/2023/arcrole/summation-item" xlink:from="loc_209" xlink:to="loc_210" xlink:type="arc"/>
		<link:loc xlink:href="../../full_ifrs-cor_2025-03-27.xsd#ifrs-full_CurrentFinancialAssets" xlink:label="loc_199" xlink:type="locator"/>
		<link:calculationArc order="10.0" weight="1.0" xlink:arcrole="https://xbrl.org/2023/arcrole/summation-item" xlink:from="loc_199" xlink:to="loc_200" xlink:type="arc"/>
		<link:loc xlink:href="../../full_ifrs-cor_2025-03-27.xsd#ifrs-full_CurrentFinancialLiabilitiesAtFairValueThroughProfitOrLossClassifiedAsHeldForTrading" xlink:label="loc_215" xlink:type="locator"/>
		<link:loc xlink:href="../../full_ifrs-cor_2025-03-27.xsd#ifrs-full_CurrentFinancialLiabilitiesAtFairValueThroughProfitOrLoss" xlink:label="loc_214" xlink:type="locator"/>
		<link:calculationArc order="10.0" weight="1.0" xlink:arcrole="https://xbrl.org/2023/arcrole/summation-item" xlink:from="loc_214" xlink:to="loc_215" xlink:type="arc"/>
		<link:loc xlink:href="../../full_ifrs-cor_2025-03-27.xsd#ifrs-full_CurrentFinancialLiabilities" xlink:label="loc_213" xlink:type="locator"/>
		<link:calculationArc order="10.0" weight="1.0" xlink:arcrole="https://xbrl.org/2023/arcrole/summation-item" xlink:from="loc_213" xlink:to="loc_214" xlink:type="arc"/>
		<link:loc xlink:href="../../full_ifrs-cor_2025-03-27.xsd#ifrs-full_FinancialAssetsAtFairValueThroughProfitOrLossDesignatedAsUponInitialRecognition" xlink:label="loc_231" xlink:type="locator"/>
		<link:loc xlink:href="../../full_ifrs-cor_2025-03-27.xsd#ifrs-full_FinancialAssetsAtFairValueThroughProfitOrLoss" xlink:label="loc_230" xlink:type="locator"/>
		<link:calculationArc order="10.0" weight="1.0" xlink:arcrole="https://xbrl.org/2023/arcrole/summation-item" xlink:from="loc_230" xlink:to="loc_231" xlink:type="arc"/>
		<link:loc xlink:href="../../full_ifrs-cor_2025-03-27.xsd#ifrs-full_BankDebtInstrumentsHeld" xlink:label="loc_219" xlink:type="locator"/>
		<link:loc xlink:href="../../full_ifrs-cor_2025-03-27.xsd#ifrs-full_DebtInstrumentsHeld" xlink:label="loc_218" xlink:type="locator"/>
		<link:calculationArc order="10.0" weight="1.0" xlink:arcrole="https://xbrl.org/2023/arcrole/summation-item" xlink:from="loc_218" xlink:to="loc_219" xlink:type="arc"/>
		<link:loc xlink:href="../../full_ifrs-cor_2025-03-27.xsd#ifrs-full_FinancialAssetsMeasuredAtFairValueThroughOtherComprehensiveIncome" xlink:label="loc_241" xlink:type="locator"/>
		<link:loc xlink:href="../../full_ifrs-cor_2025-03-27.xsd#ifrs-full_FinancialAssetsAtFairValueThroughOtherComprehensiveIncome" xlink:label="loc_240" xlink:type="locator"/>
		<link:calculationArc order="10.0" weight="1.0" xlink:arcrole="https://xbrl.org/2023/arcrole/summation-item" xlink:from="loc_240" xlink:to="loc_241" xlink:type="arc"/>
		<link:loc xlink:href="../../full_ifrs-cor_2025-03-27.xsd#ifrs-full_BalancesOnTermDepositsFromCustomers" xlink:label="loc_225" xlink:type="locator"/>
		<link:loc xlink:href="../../full_ifrs-cor_2025-03-27.xsd#ifrs-full_DepositsFromCustomers" xlink:label="loc_224" xlink:type="locator"/>
		<link:calculationArc order="10.0" weight="1.0" xlink:arcrole="https://xbrl.org/2023/arcrole/summation-item" xlink:from="loc_224" xlink:to="loc_225" xlink:type="arc"/>
		<link:loc xlink:href="../../full_ifrs-cor_2025-03-27.xsd#ifrs-full_FinancialLiabilitiesAtFairValueThroughProfitOrLossClassifiedAsHeldForTrading" xlink:label="loc_245" xlink:type="locator"/>
		<link:loc xlink:href="../../full_ifrs-cor_2025-03-27.xsd#ifrs-full_FinancialLiabilitiesAtFairValueThroughProfitOrLoss" xlink:label="loc_244" xlink:type="locator"/>
		<link:calculationArc order="10.0" weight="1.0" xlink:arcrole="https://xbrl.org/2023/arcrole/summation-item" xlink:from="loc_244" xlink:to="loc_245" xlink:type="arc"/>
		<link:loc xlink:href="../../full_ifrs-cor_2025-03-27.xsd#ifrs-full_FinancialAssets" xlink:label="loc_229" xlink:type="locator"/>
		<link:calculationArc order="10.0" weight="1.0" xlink:arcrole="https://xbrl.org/2023/arcrole/summation-item" xlink:from="loc_229" xlink:to="loc_230" xlink:type="arc"/>
		<link:loc xlink:href="../../full_ifrs-cor_2025-03-27.xsd#ifrs-full_BrandNames" xlink:label="loc_250" xlink:type="locator"/>
		<link:loc xlink:href="../../full_ifrs-cor_2025-03-27.xsd#ifrs-full_IntangibleAssetsOtherThanGoodwill" xlink:label="loc_249" xlink:type="locator"/>
		<link:calculationArc order="10.0" weight="1.0" xlink:arcrole="https://xbrl.org/2023/arcrole/summation-item" xlink:from="loc_249" xlink:to="loc_250" xlink:type="arc"/>
		<link:loc xlink:href="../../full_ifrs-cor_2025-03-27.xsd#ifrs-full_FinancialLiabilities" xlink:label="loc_243" xlink:type="locator"/>
		<link:calculationArc order="10.0" weight="1.0" xlink:arcrole="https://xbrl.org/2023/arcrole/summation-item" xlink:from="loc_243" xlink:to="loc_244" xlink:type="arc"/>
		<link:loc xlink:href="../../full_ifrs-cor_2025-03-27.xsd#ifrs-full_RawMaterials" xlink:label="loc_262" xlink:type="locator"/>
		<link:loc xlink:href="../../full_ifrs-cor_2025-03-27.xsd#ifrs-full_CurrentRawMaterialsAndCurrentProductionSupplies" xlink:label="loc_261" xlink:type="locator"/>
		<link:calculationArc order="10.0" weight="1.0" xlink:arcrole="https://xbrl.org/2023/arcrole/summation-item" xlink:from="loc_261" xlink:to="loc_262" xlink:type="arc"/>
		<link:loc xlink:href="../../full_ifrs-cor_2025-03-27.xsd#ifrs-full_NoncurrentFinancialAssetsAtFairValueThroughProfitOrLossDesignatedUponInitialRecognition" xlink:label="loc_31" xlink:type="locator"/>
		<link:loc xlink:href="../../full_ifrs-cor_2025-03-27.xsd#ifrs-full_NoncurrentFinancialAssetsAtFairValueThroughProfitOrLoss" xlink:label="loc_30" xlink:type="locator"/>
		<link:calculationArc order="10.0" weight="1.0" xlink:arcrole="https://xbrl.org/2023/arcrole/summation-item" xlink:from="loc_30" xlink:to="loc_31" xlink:type="arc"/>
		<link:loc xlink:href="../../full_ifrs-cor_2025-03-27.xsd#ifrs-full_IntangibleAssetsAndGoodwill" xlink:label="loc_248" xlink:type="locator"/>
		<link:calculationArc order="10.0" weight="1.0" xlink:arcrole="https://xbrl.org/2023/arcrole/summation-item" xlink:from="loc_248" xlink:to="loc_249" xlink:type="arc"/>
		<link:loc xlink:href="../../full_ifrs-cor_2025-03-27.xsd#ifrs-full_NoncurrentFinancialAssetsMeasuredAtFairValueThroughOtherComprehensiveIncome" xlink:label="loc_40" xlink:type="locator"/>
		<link:loc xlink:href="../../full_ifrs-cor_2025-03-27.xsd#ifrs-full_NoncurrentFinancialAssetsAtFairValueThroughOtherComprehensiveIncome" xlink:label="loc_39" xlink:type="locator"/>
		<link:calculationArc order="10.0" weight="1.0" xlink:arcrole="https://xbrl.org/2023/arcrole/summation-item" xlink:from="loc_39" xlink:to="loc_40" xlink:type="arc"/>
		<link:loc xlink:href="../../full_ifrs-cor_2025-03-27.xsd#ifrs-full_Inventories" xlink:label="loc_260" xlink:type="locator"/>
		<link:calculationArc order="10.0" weight="1.0" xlink:arcrole="https://xbrl.org/2023/arcrole/summation-item" xlink:from="loc_260" xlink:to="loc_261" xlink:type="arc"/>
		<link:loc xlink:href="../../full_ifrs-cor_2025-03-27.xsd#ifrs-full_InvestmentsInAssociatesAccountedForUsingEquityMethod" xlink:label="loc_2" xlink:type="locator"/>
		<link:loc xlink:href="../../full_ifrs-cor_2025-03-27.xsd#ifrs-full_InvestmentAccountedForUsingEquityMethod" xlink:label="loc_1" xlink:type="locator"/>
		<link:calculationArc order="10.0" weight="1.0" xlink:arcrole="https://xbrl.org/2023/arcrole/summation-item" xlink:from="loc_1" xlink:to="loc_2" xlink:type="arc"/>
		<link:loc xlink:href="../../full_ifrs-cor_2025-03-27.xsd#ifrs-full_NoncurrentFinancialLiabilitiesAtFairValueThroughProfitOrLossClassifiedAsHeldForTrading" xlink:label="loc_45" xlink:type="locator"/>
		<link:loc xlink:href="../../full_ifrs-cor_2025-03-27.xsd#ifrs-full_NoncurrentFinancialLiabilitiesAtFairValueThroughProfitOrLoss" xlink:label="loc_44" xlink:type="locator"/>
		<link:calculationArc order="10.0" weight="1.0" xlink:arcrole="https://xbrl.org/2023/arcrole/summation-item" xlink:from="loc_44" xlink:to="loc_45" xlink:type="arc"/>
		<link:loc xlink:href="../../full_ifrs-cor_2025-03-27.xsd#ifrs-full_InvestmentPropertyCompleted" xlink:label="loc_5" xlink:type="locator"/>
		<link:loc xlink:href="../../full_ifrs-cor_2025-03-27.xsd#ifrs-full_InvestmentProperty" xlink:label="loc_4" xlink:type="locator"/>
		<link:calculationArc order="10.0" weight="1.0" xlink:arcrole="https://xbrl.org/2023/arcrole/summation-item" xlink:from="loc_4" xlink:to="loc_5" xlink:type="arc"/>
		<link:loc xlink:href="../../full_ifrs-cor_2025-03-27.xsd#ifrs-full_NoncurrentAccrualsAndNoncurrentDeferredIncomeIncludingNoncurrentContractLiabilities" xlink:label="loc_52" xlink:type="locator"/>
		<link:calculationArc order="10.0" weight="1.0" xlink:arcrole="https://xbrl.org/2023/arcrole/summation-item" xlink:from="loc_52" xlink:to="loc_53" xlink:type="arc"/>
		<link:loc xlink:href="../../full_ifrs-cor_2025-03-27.xsd#ifrs-full_InvestmentsInSubsidiaries" xlink:label="loc_8" xlink:type="locator"/>
		<link:loc xlink:href="../../full_ifrs-cor_2025-03-27.xsd#ifrs-full_InvestmentsInSubsidiariesJointVenturesAndAssociates" xlink:label="loc_7" xlink:type="locator"/>
		<link:calculationArc order="10.0" weight="1.0" xlink:arcrole="https://xbrl.org/2023/arcrole/summation-item" xlink:from="loc_7" xlink:to="loc_8" xlink:type="arc"/>
		<link:loc xlink:href="../../full_ifrs-cor_2025-03-27.xsd#ifrs-full_NoncurrentPrepayments" xlink:label="loc_66" xlink:type="locator"/>
		<link:loc xlink:href="../../full_ifrs-cor_2025-03-27.xsd#ifrs-full_NoncurrentPrepaymentsAndNoncurrentAccruedIncomeOtherThanNoncurrentContractAssets" xlink:label="loc_65" xlink:type="locator"/>
		<link:calculationArc order="10.0" weight="1.0" xlink:arcrole="https://xbrl.org/2023/arcrole/summation-item" xlink:from="loc_65" xlink:to="loc_66" xlink:type="arc"/>
		<link:loc xlink:href="../../full_ifrs-cor_2025-03-27.xsd#ifrs-full_IssuedCapitalOrdinaryShares" xlink:label="loc_12" xlink:type="locator"/>
		<link:loc xlink:href="../../full_ifrs-cor_2025-03-27.xsd#ifrs-full_IssuedCapital" xlink:label="loc_11" xlink:type="locator"/>
		<link:calculationArc order="10.0" weight="1.0" xlink:arcrole="https://xbrl.org/2023/arcrole/summation-item" xlink:from="loc_11" xlink:to="loc_12" xlink:type="arc"/>
		<link:loc xlink:href="../../full_ifrs-cor_2025-03-27.xsd#ifrs-full_Land" xlink:label="loc_80" xlink:type="locator"/>
		<link:loc xlink:href="../../full_ifrs-cor_2025-03-27.xsd#ifrs-full_LandAndBuildings" xlink:label="loc_79" xlink:type="locator"/>
		<link:calculationArc order="10.0" weight="1.0" xlink:arcrole="https://xbrl.org/2023/arcrole/summation-item" xlink:from="loc_79" xlink:to="loc_80" xlink:type="arc"/>
		<link:loc xlink:href="../../full_ifrs-cor_2025-03-27.xsd#ifrs-full_LongtermLegalProceedingsProvision" xlink:label="loc_15" xlink:type="locator"/>
		<link:loc xlink:href="../../full_ifrs-cor_2025-03-27.xsd#ifrs-full_LegalProceedingsProvision" xlink:label="loc_14" xlink:type="locator"/>
		<link:calculationArc order="10.0" weight="1.0" xlink:arcrole="https://xbrl.org/2023/arcrole/summation-item" xlink:from="loc_14" xlink:to="loc_15" xlink:type="arc"/>
		<link:loc xlink:href="../../full_ifrs-cor_2025-03-27.xsd#ifrs-full_Ships" xlink:label="loc_84" xlink:type="locator"/>
		<link:loc xlink:href="../../full_ifrs-cor_2025-03-27.xsd#ifrs-full_Vehicles" xlink:label="loc_83" xlink:type="locator"/>
		<link:calculationArc order="10.0" weight="1.0" xlink:arcrole="https://xbrl.org/2023/arcrole/summation-item" xlink:from="loc_83" xlink:to="loc_84" xlink:type="arc"/>
		<link:loc xlink:href="../../full_ifrs-cor_2025-03-27.xsd#ifrs-full_LongtermMiscellaneousOtherProvisions" xlink:label="loc_21" xlink:type="locator"/>
		<link:loc xlink:href="../../full_ifrs-cor_2025-03-27.xsd#ifrs-full_MiscellaneousOtherProvisions" xlink:label="loc_20" xlink:type="locator"/>
		<link:calculationArc order="10.0" weight="1.0" xlink:arcrole="https://xbrl.org/2023/arcrole/summation-item" xlink:from="loc_20" xlink:to="loc_21" xlink:type="arc"/>
		<link:loc xlink:href="../../full_ifrs-cor_2025-03-27.xsd#ifrs-full_CurrentAccrualsAndCurrentDeferredIncomeIncludingCurrentContractLiabilities" xlink:label="loc_115" xlink:type="locator"/>
		<link:calculationArc order="10.0" weight="1.0" xlink:arcrole="https://xbrl.org/2023/arcrole/summation-item" xlink:from="loc_115" xlink:to="loc_116" xlink:type="arc"/>
		<link:loc xlink:href="../../full_ifrs-cor_2025-03-27.xsd#ifrs-full_CurrentPrepaymentsAndCurrentAccruedIncomeOtherThanCurrentContractAssets" xlink:label="loc_128" xlink:type="locator"/>
		<link:calculationArc order="10.0" weight="1.0" xlink:arcrole="https://xbrl.org/2023/arcrole/summation-item" xlink:from="loc_128" xlink:to="loc_129" xlink:type="arc"/>
		<link:loc xlink:href="../../full_ifrs-cor_2025-03-27.xsd#ifrs-full_NoncurrentAssetsOrDisposalGroupsClassifiedAsHeldForSale" xlink:label="loc_27" xlink:type="locator"/>
		<link:loc xlink:href="../../full_ifrs-cor_2025-03-27.xsd#ifrs-full_NoncurrentAssetsOrDisposalGroupsClassifiedAsHeldForSaleOrAsHeldForDistributionToOwners" xlink:label="loc_26" xlink:type="locator"/>
		<link:calculationArc order="10.0" weight="1.0" xlink:arcrole="https://xbrl.org/2023/arcrole/summation-item" xlink:from="loc_26" xlink:to="loc_27" xlink:type="arc"/>
		<link:loc xlink:href="../../full_ifrs-cor_2025-03-27.xsd#ifrs-full_AccrualsAndDeferredIncomeIncludingContractLiabilities" xlink:label="loc_141" xlink:type="locator"/>
		<link:calculationArc order="10.0" weight="1.0" xlink:arcrole="https://xbrl.org/2023/arcrole/summation-item" xlink:from="loc_141" xlink:to="loc_142" xlink:type="arc"/>
		<link:loc xlink:href="../../full_ifrs-cor_2025-03-27.xsd#ifrs-full_NoncurrentFinancialAssets" xlink:label="loc_29" xlink:type="locator"/>
		<link:calculationArc order="10.0" weight="1.0" xlink:arcrole="https://xbrl.org/2023/arcrole/summation-item" xlink:from="loc_29" xlink:to="loc_30" xlink:type="arc"/>
		<link:loc xlink:href="../../full_ifrs-cor_2025-03-27.xsd#ifrs-full_Prepayments" xlink:label="loc_155" xlink:type="locator"/>
		<link:loc xlink:href="../../full_ifrs-cor_2025-03-27.xsd#ifrs-full_PrepaymentsAndAccruedIncomeOtherThanContractAssets" xlink:label="loc_154" xlink:type="locator"/>
		<link:calculationArc order="10.0" weight="1.0" xlink:arcrole="https://xbrl.org/2023/arcrole/summation-item" xlink:from="loc_154" xlink:to="loc_155" xlink:type="arc"/>
		<link:loc xlink:href="../../full_ifrs-cor_2025-03-27.xsd#ifrs-full_NoncurrentFinancialLiabilities" xlink:label="loc_43" xlink:type="locator"/>
		<link:calculationArc order="10.0" weight="1.0" xlink:arcrole="https://xbrl.org/2023/arcrole/summation-item" xlink:from="loc_43" xlink:to="loc_44" xlink:type="arc"/>
		<link:loc xlink:href="../../full_ifrs-cor_2025-03-27.xsd#ifrs-full_NoncurrentPayablesToTradeSuppliers" xlink:label="loc_49" xlink:type="locator"/>
		<link:loc xlink:href="../../full_ifrs-cor_2025-03-27.xsd#ifrs-full_NoncurrentPayables" xlink:label="loc_48" xlink:type="locator"/>
		<link:calculationArc order="10.0" weight="1.0" xlink:arcrole="https://xbrl.org/2023/arcrole/summation-item" xlink:from="loc_48" xlink:to="loc_49" xlink:type="arc"/>
		<link:loc xlink:href="../../full_ifrs-cor_2025-03-27.xsd#ifrs-full_NoncurrentTradeReceivables" xlink:label="loc_63" xlink:type="locator"/>
		<link:loc xlink:href="../../full_ifrs-cor_2025-03-27.xsd#ifrs-full_NoncurrentReceivables" xlink:label="loc_62" xlink:type="locator"/>
		<link:calculationArc order="10.0" weight="1.0" xlink:arcrole="https://xbrl.org/2023/arcrole/summation-item" xlink:from="loc_62" xlink:to="loc_63" xlink:type="arc"/>
		<link:loc xlink:href="../../full_ifrs-cor_2025-03-27.xsd#ifrs-full_LongtermOnerousContractsProvision" xlink:label="loc_73" xlink:type="locator"/>
		<link:loc xlink:href="../../full_ifrs-cor_2025-03-27.xsd#ifrs-full_OnerousContractsProvision" xlink:label="loc_72" xlink:type="locator"/>
		<link:calculationArc order="10.0" weight="1.0" xlink:arcrole="https://xbrl.org/2023/arcrole/summation-item" xlink:from="loc_72" xlink:to="loc_73" xlink:type="arc"/>
		<link:loc xlink:href="../../full_ifrs-cor_2025-03-27.xsd#ifrs-full_OtherLongtermProvisions" xlink:label="loc_76" xlink:type="locator"/>
		<link:loc xlink:href="../../full_ifrs-cor_2025-03-27.xsd#ifrs-full_OtherProvisions" xlink:label="loc_75" xlink:type="locator"/>
		<link:calculationArc order="10.0" weight="1.0" xlink:arcrole="https://xbrl.org/2023/arcrole/summation-item" xlink:from="loc_75" xlink:to="loc_76" xlink:type="arc"/>
		<link:loc xlink:href="../../full_ifrs-cor_2025-03-27.xsd#ifrs-full_PropertyPlantAndEquipment" xlink:label="loc_78" xlink:type="locator"/>
		<link:calculationArc order="10.0" weight="1.0" xlink:arcrole="https://xbrl.org/2023/arcrole/summation-item" xlink:from="loc_78" xlink:to="loc_79" xlink:type="arc"/>
		<link:loc xlink:href="../../full_ifrs-cor_2025-03-27.xsd#ifrs-full_LongtermProvisionForDecommissioningRestorationAndRehabilitationCosts" xlink:label="loc_97" xlink:type="locator"/>
		<link:loc xlink:href="../../full_ifrs-cor_2025-03-27.xsd#ifrs-full_ProvisionForDecommissioningRestorationAndRehabilitationCosts" xlink:label="loc_96" xlink:type="locator"/>
		<link:calculationArc order="10.0" weight="1.0" xlink:arcrole="https://xbrl.org/2023/arcrole/summation-item" xlink:from="loc_96" xlink:to="loc_97" xlink:type="arc"/>
		<link:loc xlink:href="../../full_ifrs-cor_2025-03-27.xsd#ifrs-full_NoncurrentRefundsProvision" xlink:label="loc_100" xlink:type="locator"/>
		<link:loc xlink:href="../../full_ifrs-cor_2025-03-27.xsd#ifrs-full_RefundsProvision" xlink:label="loc_99" xlink:type="locator"/>
		<link:calculationArc order="10.0" weight="1.0" xlink:arcrole="https://xbrl.org/2023/arcrole/summation-item" xlink:from="loc_99" xlink:to="loc_100" xlink:type="arc"/>
		<link:loc xlink:href="../../full_ifrs-cor_2025-03-27.xsd#ifrs-full_LongtermRestructuringProvision" xlink:label="loc_103" xlink:type="locator"/>
		<link:loc xlink:href="../../full_ifrs-cor_2025-03-27.xsd#ifrs-full_RestructuringProvision" xlink:label="loc_102" xlink:type="locator"/>
		<link:calculationArc order="10.0" weight="1.0" xlink:arcrole="https://xbrl.org/2023/arcrole/summation-item" xlink:from="loc_102" xlink:to="loc_103" xlink:type="arc"/>
		<link:loc xlink:href="../../full_ifrs-cor_2025-03-27.xsd#ifrs-full_RetainedEarningsProfitLossForReportingPeriod" xlink:label="loc_106" xlink:type="locator"/>
		<link:loc xlink:href="../../full_ifrs-cor_2025-03-27.xsd#ifrs-full_RetainedEarnings" xlink:label="loc_105" xlink:type="locator"/>
		<link:calculationArc order="10.0" weight="1.0" xlink:arcrole="https://xbrl.org/2023/arcrole/summation-item" xlink:from="loc_105" xlink:to="loc_106" xlink:type="arc"/>
		<link:loc xlink:href="../../full_ifrs-cor_2025-03-27.xsd#ifrs-full_DatedSubordinatedLiabilities" xlink:label="loc_109" xlink:type="locator"/>
		<link:loc xlink:href="../../full_ifrs-cor_2025-03-27.xsd#ifrs-full_SubordinatedLiabilities" xlink:label="loc_108" xlink:type="locator"/>
		<link:calculationArc order="10.0" weight="1.0" xlink:arcrole="https://xbrl.org/2023/arcrole/summation-item" xlink:from="loc_108" xlink:to="loc_109" xlink:type="arc"/>
		<link:loc xlink:href="../../full_ifrs-cor_2025-03-27.xsd#ifrs-full_TradeAndOtherCurrentPayablesToTradeSuppliers" xlink:label="loc_112" xlink:type="locator"/>
		<link:loc xlink:href="../../full_ifrs-cor_2025-03-27.xsd#ifrs-full_TradeAndOtherCurrentPayables" xlink:label="loc_111" xlink:type="locator"/>
		<link:calculationArc order="10.0" weight="1.0" xlink:arcrole="https://xbrl.org/2023/arcrole/summation-item" xlink:from="loc_111" xlink:to="loc_112" xlink:type="arc"/>
		<link:loc xlink:href="../../full_ifrs-cor_2025-03-27.xsd#ifrs-full_CurrentTradeReceivables" xlink:label="loc_126" xlink:type="locator"/>
		<link:loc xlink:href="../../full_ifrs-cor_2025-03-27.xsd#ifrs-full_TradeAndOtherCurrentReceivables" xlink:label="loc_125" xlink:type="locator"/>
		<link:calculationArc order="10.0" weight="1.0" xlink:arcrole="https://xbrl.org/2023/arcrole/summation-item" xlink:from="loc_125" xlink:to="loc_126" xlink:type="arc"/>
		<link:loc xlink:href="../../full_ifrs-cor_2025-03-27.xsd#ifrs-full_TradeAndOtherPayablesToTradeSuppliers" xlink:label="loc_138" xlink:type="locator"/>
		<link:loc xlink:href="../../full_ifrs-cor_2025-03-27.xsd#ifrs-full_TradeAndOtherPayables" xlink:label="loc_137" xlink:type="locator"/>
		<link:calculationArc order="10.0" weight="1.0" xlink:arcrole="https://xbrl.org/2023/arcrole/summation-item" xlink:from="loc_137" xlink:to="loc_138" xlink:type="arc"/>
		<link:loc xlink:href="../../full_ifrs-cor_2025-03-27.xsd#ifrs-full_TradeReceivables" xlink:label="loc_152" xlink:type="locator"/>
		<link:loc xlink:href="../../full_ifrs-cor_2025-03-27.xsd#ifrs-full_TradeAndOtherReceivables" xlink:label="loc_151" xlink:type="locator"/>
		<link:calculationArc order="10.0" weight="1.0" xlink:arcrole="https://xbrl.org/2023/arcrole/summation-item" xlink:from="loc_151" xlink:to="loc_152" xlink:type="arc"/>
		<link:loc xlink:href="../../full_ifrs-cor_2025-03-27.xsd#ifrs-full_LongtermWarrantyProvision" xlink:label="loc_162" xlink:type="locator"/>
		<link:loc xlink:href="../../full_ifrs-cor_2025-03-27.xsd#ifrs-full_WarrantyProvision" xlink:label="loc_161" xlink:type="locator"/>
		<link:calculationArc order="10.0" weight="1.0" xlink:arcrole="https://xbrl.org/2023/arcrole/summation-item" xlink:from="loc_161" xlink:to="loc_162" xlink:type="arc"/>
		<link:loc xlink:href="../../full_ifrs-cor_2025-03-27.xsd#ifrs-full_LoansAndAdvancesAtAmortisedCostAllowanceForExpectedCreditLosses" xlink:label="loc_19" xlink:type="locator"/>
		<link:calculationArc order="20.0" weight="-1.0" xlink:arcrole="https://xbrl.org/2023/arcrole/summation-item" xlink:from="loc_17" xlink:to="loc_19" xlink:type="arc"/>
		<link:loc xlink:href="../../full_ifrs-cor_2025-03-27.xsd#ifrs-full_NoncurrentContractLiabilitiesForPerformanceObligationsSatisfiedOverTime" xlink:label="loc_56" xlink:type="locator"/>
		<link:calculationArc order="20.0" weight="1.0" xlink:arcrole="https://xbrl.org/2023/arcrole/summation-item" xlink:from="loc_54" xlink:to="loc_56" xlink:type="arc"/>
		<link:loc xlink:href="../../full_ifrs-cor_2025-03-27.xsd#ifrs-full_NoncurrentDeferredIncomeOtherThanNoncurrentContractLiabilities" xlink:label="loc_57" xlink:type="locator"/>
		<link:calculationArc order="20.0" weight="1.0" xlink:arcrole="https://xbrl.org/2023/arcrole/summation-item" xlink:from="loc_53" xlink:to="loc_57" xlink:type="arc"/>
		<link:loc xlink:href="../../full_ifrs-cor_2025-03-27.xsd#ifrs-full_CurrentContractLiabilitiesForPerformanceObligationsSatisfiedOverTime" xlink:label="loc_119" xlink:type="locator"/>
		<link:calculationArc order="20.0" weight="1.0" xlink:arcrole="https://xbrl.org/2023/arcrole/summation-item" xlink:from="loc_117" xlink:to="loc_119" xlink:type="arc"/>
		<link:loc xlink:href="../../full_ifrs-cor_2025-03-27.xsd#ifrs-full_CurrentDeferredIncomeOtherThanCurrentContractLiabilities" xlink:label="loc_120" xlink:type="locator"/>
		<link:calculationArc order="20.0" weight="1.0" xlink:arcrole="https://xbrl.org/2023/arcrole/summation-item" xlink:from="loc_116" xlink:to="loc_120" xlink:type="arc"/>
		<link:loc xlink:href="../../full_ifrs-cor_2025-03-27.xsd#ifrs-full_CurrentPrepaidExpenses" xlink:label="loc_131" xlink:type="locator"/>
		<link:calculationArc order="20.0" weight="1.0" xlink:arcrole="https://xbrl.org/2023/arcrole/summation-item" xlink:from="loc_129" xlink:to="loc_131" xlink:type="arc"/>
		<link:loc xlink:href="../../full_ifrs-cor_2025-03-27.xsd#ifrs-full_ContractLiabilitiesForPerformanceObligationsSatisfiedOverTime" xlink:label="loc_145" xlink:type="locator"/>
		<link:calculationArc order="20.0" weight="1.0" xlink:arcrole="https://xbrl.org/2023/arcrole/summation-item" xlink:from="loc_143" xlink:to="loc_145" xlink:type="arc"/>
		<link:loc xlink:href="../../full_ifrs-cor_2025-03-27.xsd#ifrs-full_DeferredIncomeOtherThanContractLiabilities" xlink:label="loc_146" xlink:type="locator"/>
		<link:calculationArc order="20.0" weight="1.0" xlink:arcrole="https://xbrl.org/2023/arcrole/summation-item" xlink:from="loc_142" xlink:to="loc_146" xlink:type="arc"/>
		<link:loc xlink:href="../../full_ifrs-cor_2025-03-27.xsd#ifrs-full_CurrentPortionOfLongtermBorrowings" xlink:label="loc_187" xlink:type="locator"/>
		<link:calculationArc order="20.0" weight="1.0" xlink:arcrole="https://xbrl.org/2023/arcrole/summation-item" xlink:from="loc_185" xlink:to="loc_187" xlink:type="arc"/>
		<link:loc xlink:href="../../full_ifrs-cor_2025-03-27.xsd#ifrs-full_BalancesWithBanks" xlink:label="loc_191" xlink:type="locator"/>
		<link:calculationArc order="20.0" weight="1.0" xlink:arcrole="https://xbrl.org/2023/arcrole/summation-item" xlink:from="loc_189" xlink:to="loc_191" xlink:type="arc"/>
		<link:loc xlink:href="../../full_ifrs-cor_2025-03-27.xsd#ifrs-full_ShorttermInvestmentsClassifiedAsCashEquivalents" xlink:label="loc_194" xlink:type="locator"/>
		<link:calculationArc order="20.0" weight="1.0" xlink:arcrole="https://xbrl.org/2023/arcrole/summation-item" xlink:from="loc_192" xlink:to="loc_194" xlink:type="arc"/>
		<link:loc xlink:href="../../full_ifrs-cor_2025-03-27.xsd#ifrs-full_CurrentFinancialAssetsAtFairValueThroughProfitOrLossMeasuredAsSuchInAccordanceWithExemptionForRepurchaseOfOwnFinancialLiabilities" xlink:label="loc_202" xlink:type="locator"/>
		<link:calculationArc order="20.0" weight="1.0" xlink:arcrole="https://xbrl.org/2023/arcrole/summation-item" xlink:from="loc_200" xlink:to="loc_202" xlink:type="arc"/>
		<link:loc xlink:href="../../full_ifrs-cor_2025-03-27.xsd#ifrs-full_CurrentInvestmentsInEquityInstrumentsDesignatedAtFairValueThroughOtherComprehensiveIncome" xlink:label="loc_211" xlink:type="locator"/>
		<link:calculationArc order="20.0" weight="1.0" xlink:arcrole="https://xbrl.org/2023/arcrole/summation-item" xlink:from="loc_209" xlink:to="loc_211" xlink:type="arc"/>
		<link:loc xlink:href="../../full_ifrs-cor_2025-03-27.xsd#ifrs-full_CurrentFinancialLiabilitiesAtFairValueThroughProfitOrLossDesignatedUponInitialRecognition" xlink:label="loc_216" xlink:type="locator"/>
		<link:calculationArc order="20.0" weight="1.0" xlink:arcrole="https://xbrl.org/2023/arcrole/summation-item" xlink:from="loc_214" xlink:to="loc_216" xlink:type="arc"/>
		<link:loc xlink:href="../../full_ifrs-cor_2025-03-27.xsd#ifrs-full_FinancialAssetsAtFairValueThroughProfitOrLossMeasuredAsSuchInAccordanceWithExemptionForRepurchaseOfOwnFinancialLiabilities" xlink:label="loc_232" xlink:type="locator"/>
		<link:calculationArc order="20.0" weight="1.0" xlink:arcrole="https://xbrl.org/2023/arcrole/summation-item" xlink:from="loc_230" xlink:to="loc_232" xlink:type="arc"/>
		<link:loc xlink:href="../../full_ifrs-cor_2025-03-27.xsd#ifrs-full_FairValueOfInvestmentsInEquityInstrumentsDesignatedAsMeasuredAtFairValueThroughOtherComprehensiveIncome" xlink:label="loc_242" xlink:type="locator"/>
		<link:calculationArc order="20.0" weight="1.0" xlink:arcrole="https://xbrl.org/2023/arcrole/summation-item" xlink:from="loc_240" xlink:to="loc_242" xlink:type="arc"/>
		<link:loc xlink:href="../../full_ifrs-cor_2025-03-27.xsd#ifrs-full_FinancialLiabilitiesAtFairValueThroughProfitOrLossDesignatedAsUponInitialRecognition" xlink:label="loc_246" xlink:type="locator"/>
		<link:calculationArc order="20.0" weight="1.0" xlink:arcrole="https://xbrl.org/2023/arcrole/summation-item" xlink:from="loc_244" xlink:to="loc_246" xlink:type="arc"/>
		<link:loc xlink:href="../../full_ifrs-cor_2025-03-27.xsd#ifrs-full_IntangibleExplorationAndEvaluationAssets" xlink:label="loc_251" xlink:type="locator"/>
		<link:calculationArc order="20.0" weight="1.0" xlink:arcrole="https://xbrl.org/2023/arcrole/summation-item" xlink:from="loc_249" xlink:to="loc_251" xlink:type="arc"/>
		<link:loc xlink:href="../../full_ifrs-cor_2025-03-27.xsd#ifrs-full_ProductionSupplies" xlink:label="loc_263" xlink:type="locator"/>
		<link:calculationArc order="20.0" weight="1.0" xlink:arcrole="https://xbrl.org/2023/arcrole/summation-item" xlink:from="loc_261" xlink:to="loc_263" xlink:type="arc"/>
		<link:loc xlink:href="../../full_ifrs-cor_2025-03-27.xsd#ifrs-full_NoncurrentFinancialAssetsAtFairValueThroughProfitOrLossMeasuredAsSuchInAccordanceWithExemptionForRepurchaseOfOwnFinancialLiabilities" xlink:label="loc_32" xlink:type="locator"/>
		<link:calculationArc order="20.0" weight="1.0" xlink:arcrole="https://xbrl.org/2023/arcrole/summation-item" xlink:from="loc_30" xlink:to="loc_32" xlink:type="arc"/>
		<link:loc xlink:href="../../full_ifrs-cor_2025-03-27.xsd#ifrs-full_NoncurrentInvestmentsInEquityInstrumentsDesignatedAtFairValueThroughOtherComprehensiveIncome" xlink:label="loc_41" xlink:type="locator"/>
		<link:calculationArc order="20.0" weight="1.0" xlink:arcrole="https://xbrl.org/2023/arcrole/summation-item" xlink:from="loc_39" xlink:to="loc_41" xlink:type="arc"/>
		<link:loc xlink:href="../../full_ifrs-cor_2025-03-27.xsd#ifrs-full_NoncurrentFinancialLiabilitiesAtFairValueThroughProfitOrLossDesignatedUponInitialRecognition" xlink:label="loc_46" xlink:type="locator"/>
		<link:calculationArc order="20.0" weight="1.0" xlink:arcrole="https://xbrl.org/2023/arcrole/summation-item" xlink:from="loc_44" xlink:to="loc_46" xlink:type="arc"/>
		<link:loc xlink:href="../../full_ifrs-cor_2025-03-27.xsd#ifrs-full_AccrualsClassifiedAsNoncurrent" xlink:label="loc_58" xlink:type="locator"/>
		<link:calculationArc order="20.0" weight="1.0" xlink:arcrole="https://xbrl.org/2023/arcrole/summation-item" xlink:from="loc_52" xlink:to="loc_58" xlink:type="arc"/>
		<link:loc xlink:href="../../full_ifrs-cor_2025-03-27.xsd#ifrs-full_NoncurrentAccruedIncomeOtherThanNoncurrentContractAssets" xlink:label="loc_67" xlink:type="locator"/>
		<link:calculationArc order="20.0" weight="1.0" xlink:arcrole="https://xbrl.org/2023/arcrole/summation-item" xlink:from="loc_65" xlink:to="loc_67" xlink:type="arc"/>
		<link:loc xlink:href="../../full_ifrs-cor_2025-03-27.xsd#ifrs-full_Buildings" xlink:label="loc_81" xlink:type="locator"/>
		<link:calculationArc order="20.0" weight="1.0" xlink:arcrole="https://xbrl.org/2023/arcrole/summation-item" xlink:from="loc_79" xlink:to="loc_81" xlink:type="arc"/>
		<link:loc xlink:href="../../full_ifrs-cor_2025-03-27.xsd#ifrs-full_Aircraft" xlink:label="loc_85" xlink:type="locator"/>
		<link:calculationArc order="20.0" weight="1.0" xlink:arcrole="https://xbrl.org/2023/arcrole/summation-item" xlink:from="loc_83" xlink:to="loc_85" xlink:type="arc"/>
		<link:loc xlink:href="../../full_ifrs-cor_2025-03-27.xsd#ifrs-full_AccrualsClassifiedAsCurrent" xlink:label="loc_121" xlink:type="locator"/>
		<link:calculationArc order="20.0" weight="1.0" xlink:arcrole="https://xbrl.org/2023/arcrole/summation-item" xlink:from="loc_115" xlink:to="loc_121" xlink:type="arc"/>
		<link:loc xlink:href="../../full_ifrs-cor_2025-03-27.xsd#ifrs-full_CurrentAccruedIncomeOtherThanCurrentContractAssets" xlink:label="loc_132" xlink:type="locator"/>
		<link:calculationArc order="20.0" weight="1.0" xlink:arcrole="https://xbrl.org/2023/arcrole/summation-item" xlink:from="loc_128" xlink:to="loc_132" xlink:type="arc"/>
		<link:loc xlink:href="../../full_ifrs-cor_2025-03-27.xsd#ifrs-full_Accruals" xlink:label="loc_147" xlink:type="locator"/>
		<link:calculationArc order="20.0" weight="1.0" xlink:arcrole="https://xbrl.org/2023/arcrole/summation-item" xlink:from="loc_141" xlink:to="loc_147" xlink:type="arc"/>
		<link:loc xlink:href="../../full_ifrs-cor_2025-03-27.xsd#ifrs-full_AccruedIncomeOtherThanContractAssets" xlink:label="loc_156" xlink:type="locator"/>
		<link:calculationArc order="20.0" weight="1.0" xlink:arcrole="https://xbrl.org/2023/arcrole/summation-item" xlink:from="loc_154" xlink:to="loc_156" xlink:type="arc"/>
		<link:loc xlink:href="../../full_ifrs-cor_2025-03-27.xsd#ifrs-full_ReserveOfExchangeDifferencesOnTranslation" xlink:label="loc_166" xlink:type="locator"/>
		<link:calculationArc order="20.0" weight="1.0" xlink:arcrole="https://xbrl.org/2023/arcrole/summation-item" xlink:from="loc_164" xlink:to="loc_166" xlink:type="arc"/>
		<link:calculationArc order="20.0" weight="1.0" xlink:arcrole="https://xbrl.org/2023/arcrole/summation-item" xlink:from="loc_183" xlink:to="loc_185" xlink:type="arc"/>
		<link:calculationArc order="20.0" weight="1.0" xlink:arcrole="https://xbrl.org/2023/arcrole/summation-item" xlink:from="loc_188" xlink:to="loc_192" xlink:type="arc"/>
		<link:loc xlink:href="../../full_ifrs-cor_2025-03-27.xsd#ifrs-full_CurrentLiabilities" xlink:label="loc_182" xlink:type="locator"/>
		<link:calculationArc order="20.0" weight="-1.0" xlink:arcrole="https://xbrl.org/2023/arcrole/summation-item" xlink:from="loc_181" xlink:to="loc_182" xlink:type="arc"/>
		<link:calculationArc order="20.0" weight="-1.0" xlink:arcrole="https://xbrl.org/2023/arcrole/summation-item" xlink:from="loc_197" xlink:to="loc_182" xlink:type="arc"/>
		<link:loc xlink:href="../../full_ifrs-cor_2025-03-27.xsd#ifrs-full_CurrentFinancialAssetsAvailableforsale" xlink:label="loc_206" xlink:type="locator"/>
		<link:calculationArc order="20.0" weight="1.0" xlink:arcrole="https://xbrl.org/2023/arcrole/summation-item" xlink:from="loc_199" xlink:to="loc_206" xlink:type="arc"/>
		<link:loc xlink:href="../../full_ifrs-cor_2025-03-27.xsd#ifrs-full_CurrentFinancialLiabilitiesAtAmortisedCost" xlink:label="loc_217" xlink:type="locator"/>
		<link:calculationArc order="20.0" weight="1.0" xlink:arcrole="https://xbrl.org/2023/arcrole/summation-item" xlink:from="loc_213" xlink:to="loc_217" xlink:type="arc"/>
		<link:loc xlink:href="../../full_ifrs-cor_2025-03-27.xsd#ifrs-full_CorporateDebtInstrumentsHeld" xlink:label="loc_220" xlink:type="locator"/>
		<link:calculationArc order="20.0" weight="1.0" xlink:arcrole="https://xbrl.org/2023/arcrole/summation-item" xlink:from="loc_218" xlink:to="loc_220" xlink:type="arc"/>
		<link:loc xlink:href="../../full_ifrs-cor_2025-03-27.xsd#ifrs-full_BalancesOnDemandDepositsFromCustomers" xlink:label="loc_226" xlink:type="locator"/>
		<link:calculationArc order="20.0" weight="1.0" xlink:arcrole="https://xbrl.org/2023/arcrole/summation-item" xlink:from="loc_224" xlink:to="loc_226" xlink:type="arc"/>
		<link:loc xlink:href="../../full_ifrs-cor_2025-03-27.xsd#ifrs-full_FinancialAssetsAvailableforsale" xlink:label="loc_236" xlink:type="locator"/>
		<link:calculationArc order="20.0" weight="1.0" xlink:arcrole="https://xbrl.org/2023/arcrole/summation-item" xlink:from="loc_229" xlink:to="loc_236" xlink:type="arc"/>
		<link:loc xlink:href="../../full_ifrs-cor_2025-03-27.xsd#ifrs-full_FinancialLiabilitiesAtAmortisedCost" xlink:label="loc_247" xlink:type="locator"/>
		<link:calculationArc order="20.0" weight="1.0" xlink:arcrole="https://xbrl.org/2023/arcrole/summation-item" xlink:from="loc_243" xlink:to="loc_247" xlink:type="arc"/>
		<link:loc xlink:href="../../full_ifrs-cor_2025-03-27.xsd#ifrs-full_Goodwill" xlink:label="loc_259" xlink:type="locator"/>
		<link:calculationArc order="20.0" weight="1.0" xlink:arcrole="https://xbrl.org/2023/arcrole/summation-item" xlink:from="loc_248" xlink:to="loc_259" xlink:type="arc"/>
		<link:loc xlink:href="../../full_ifrs-cor_2025-03-27.xsd#ifrs-full_Merchandise" xlink:label="loc_264" xlink:type="locator"/>
		<link:calculationArc order="20.0" weight="1.0" xlink:arcrole="https://xbrl.org/2023/arcrole/summation-item" xlink:from="loc_260" xlink:to="loc_264" xlink:type="arc"/>
		<link:loc xlink:href="../../full_ifrs-cor_2025-03-27.xsd#ifrs-full_InvestmentsInJointVenturesAccountedForUsingEquityMethod" xlink:label="loc_3" xlink:type="locator"/>
		<link:calculationArc order="20.0" weight="1.0" xlink:arcrole="https://xbrl.org/2023/arcrole/summation-item" xlink:from="loc_1" xlink:to="loc_3" xlink:type="arc"/>
		<link:loc xlink:href="../../full_ifrs-cor_2025-03-27.xsd#ifrs-full_InvestmentPropertyUnderConstructionOrDevelopment" xlink:label="loc_6" xlink:type="locator"/>
		<link:calculationArc order="20.0" weight="1.0" xlink:arcrole="https://xbrl.org/2023/arcrole/summation-item" xlink:from="loc_4" xlink:to="loc_6" xlink:type="arc"/>
		<link:loc xlink:href="../../full_ifrs-cor_2025-03-27.xsd#ifrs-full_InvestmentsInJointVentures" xlink:label="loc_9" xlink:type="locator"/>
		<link:calculationArc order="20.0" weight="1.0" xlink:arcrole="https://xbrl.org/2023/arcrole/summation-item" xlink:from="loc_7" xlink:to="loc_9" xlink:type="arc"/>
		<link:loc xlink:href="../../full_ifrs-cor_2025-03-27.xsd#ifrs-full_IssuedCapitalPreferenceShares" xlink:label="loc_13" xlink:type="locator"/>
		<link:calculationArc order="20.0" weight="1.0" xlink:arcrole="https://xbrl.org/2023/arcrole/summation-item" xlink:from="loc_11" xlink:to="loc_13" xlink:type="arc"/>
		<link:loc xlink:href="../../full_ifrs-cor_2025-03-27.xsd#ifrs-full_ShorttermLegalProceedingsProvision" xlink:label="loc_16" xlink:type="locator"/>
		<link:calculationArc order="20.0" weight="1.0" xlink:arcrole="https://xbrl.org/2023/arcrole/summation-item" xlink:from="loc_14" xlink:to="loc_16" xlink:type="arc"/>
		<link:loc xlink:href="../../full_ifrs-cor_2025-03-27.xsd#ifrs-full_ShorttermMiscellaneousOtherProvisions" xlink:label="loc_22" xlink:type="locator"/>
		<link:calculationArc order="20.0" weight="1.0" xlink:arcrole="https://xbrl.org/2023/arcrole/summation-item" xlink:from="loc_20" xlink:to="loc_22" xlink:type="arc"/>
		<link:loc xlink:href="../../full_ifrs-cor_2025-03-27.xsd#ifrs-full_Liabilities" xlink:label="loc_25" xlink:type="locator"/>
		<link:calculationArc order="20.0" weight="-1.0" xlink:arcrole="https://xbrl.org/2023/arcrole/summation-item" xlink:from="loc_23" xlink:to="loc_25" xlink:type="arc"/>
		<link:loc xlink:href="../../full_ifrs-cor_2025-03-27.xsd#ifrs-full_NoncurrentAssetsOrDisposalGroupsClassifiedAsHeldForDistributionToOwners" xlink:label="loc_28" xlink:type="locator"/>
		<link:calculationArc order="20.0" weight="1.0" xlink:arcrole="https://xbrl.org/2023/arcrole/summation-item" xlink:from="loc_26" xlink:to="loc_28" xlink:type="arc"/>
		<link:loc xlink:href="../../full_ifrs-cor_2025-03-27.xsd#ifrs-full_NoncurrentFinancialAssetsAvailableforsale" xlink:label="loc_36" xlink:type="locator"/>
		<link:calculationArc order="20.0" weight="1.0" xlink:arcrole="https://xbrl.org/2023/arcrole/summation-item" xlink:from="loc_29" xlink:to="loc_36" xlink:type="arc"/>
		<link:loc xlink:href="../../full_ifrs-cor_2025-03-27.xsd#ifrs-full_NoncurrentFinancialLiabilitiesAtAmortisedCost" xlink:label="loc_47" xlink:type="locator"/>
		<link:calculationArc order="20.0" weight="1.0" xlink:arcrole="https://xbrl.org/2023/arcrole/summation-item" xlink:from="loc_43" xlink:to="loc_47" xlink:type="arc"/>
		<link:loc xlink:href="../../full_ifrs-cor_2025-03-27.xsd#ifrs-full_NoncurrentPayablesToRelatedParties" xlink:label="loc_50" xlink:type="locator"/>
		<link:calculationArc order="20.0" weight="1.0" xlink:arcrole="https://xbrl.org/2023/arcrole/summation-item" xlink:from="loc_48" xlink:to="loc_50" xlink:type="arc"/>
		<link:loc xlink:href="../../full_ifrs-cor_2025-03-27.xsd#ifrs-full_NoncurrentReceivablesDueFromRelatedParties" xlink:label="loc_64" xlink:type="locator"/>
		<link:calculationArc order="20.0" weight="1.0" xlink:arcrole="https://xbrl.org/2023/arcrole/summation-item" xlink:from="loc_62" xlink:to="loc_64" xlink:type="arc"/>
		<link:loc xlink:href="../../full_ifrs-cor_2025-03-27.xsd#ifrs-full_ShorttermOnerousContractsProvision" xlink:label="loc_74" xlink:type="locator"/>
		<link:calculationArc order="20.0" weight="1.0" xlink:arcrole="https://xbrl.org/2023/arcrole/summation-item" xlink:from="loc_72" xlink:to="loc_74" xlink:type="arc"/>
		<link:loc xlink:href="../../full_ifrs-cor_2025-03-27.xsd#ifrs-full_OtherShorttermProvisions" xlink:label="loc_77" xlink:type="locator"/>
		<link:calculationArc order="20.0" weight="1.0" xlink:arcrole="https://xbrl.org/2023/arcrole/summation-item" xlink:from="loc_75" xlink:to="loc_77" xlink:type="arc"/>
		<link:loc xlink:href="../../full_ifrs-cor_2025-03-27.xsd#ifrs-full_Machinery" xlink:label="loc_82" xlink:type="locator"/>
		<link:calculationArc order="20.0" weight="1.0" xlink:arcrole="https://xbrl.org/2023/arcrole/summation-item" xlink:from="loc_78" xlink:to="loc_82" xlink:type="arc"/>
		<link:loc xlink:href="../../full_ifrs-cor_2025-03-27.xsd#ifrs-full_ShorttermProvisionForDecommissioningRestorationAndRehabilitationCosts" xlink:label="loc_98" xlink:type="locator"/>
		<link:calculationArc order="20.0" weight="1.0" xlink:arcrole="https://xbrl.org/2023/arcrole/summation-item" xlink:from="loc_96" xlink:to="loc_98" xlink:type="arc"/>
		<link:loc xlink:href="../../full_ifrs-cor_2025-03-27.xsd#ifrs-full_CurrentRefundsProvision" xlink:label="loc_101" xlink:type="locator"/>
		<link:calculationArc order="20.0" weight="1.0" xlink:arcrole="https://xbrl.org/2023/arcrole/summation-item" xlink:from="loc_99" xlink:to="loc_101" xlink:type="arc"/>
		<link:loc xlink:href="../../full_ifrs-cor_2025-03-27.xsd#ifrs-full_ShorttermRestructuringProvision" xlink:label="loc_104" xlink:type="locator"/>
		<link:calculationArc order="20.0" weight="1.0" xlink:arcrole="https://xbrl.org/2023/arcrole/summation-item" xlink:from="loc_102" xlink:to="loc_104" xlink:type="arc"/>
		<link:loc xlink:href="../../full_ifrs-cor_2025-03-27.xsd#ifrs-full_RetainedEarningsExcludingProfitLossForReportingPeriod" xlink:label="loc_107" xlink:type="locator"/>
		<link:calculationArc order="20.0" weight="1.0" xlink:arcrole="https://xbrl.org/2023/arcrole/summation-item" xlink:from="loc_105" xlink:to="loc_107" xlink:type="arc"/>
		<link:loc xlink:href="../../full_ifrs-cor_2025-03-27.xsd#ifrs-full_UndatedSubordinatedLiabilities" xlink:label="loc_110" xlink:type="locator"/>
		<link:calculationArc order="20.0" weight="1.0" xlink:arcrole="https://xbrl.org/2023/arcrole/summation-item" xlink:from="loc_108" xlink:to="loc_110" xlink:type="arc"/>
		<link:loc xlink:href="../../full_ifrs-cor_2025-03-27.xsd#ifrs-full_TradeAndOtherCurrentPayablesToRelatedParties" xlink:label="loc_113" xlink:type="locator"/>
		<link:calculationArc order="20.0" weight="1.0" xlink:arcrole="https://xbrl.org/2023/arcrole/summation-item" xlink:from="loc_111" xlink:to="loc_113" xlink:type="arc"/>
		<link:loc xlink:href="../../full_ifrs-cor_2025-03-27.xsd#ifrs-full_TradeAndOtherCurrentReceivablesDueFromRelatedParties" xlink:label="loc_127" xlink:type="locator"/>
		<link:calculationArc order="20.0" weight="1.0" xlink:arcrole="https://xbrl.org/2023/arcrole/summation-item" xlink:from="loc_125" xlink:to="loc_127" xlink:type="arc"/>
		<link:loc xlink:href="../../full_ifrs-cor_2025-03-27.xsd#ifrs-full_TradeAndOtherPayablesToRelatedParties" xlink:label="loc_139" xlink:type="locator"/>
		<link:calculationArc order="20.0" weight="1.0" xlink:arcrole="https://xbrl.org/2023/arcrole/summation-item" xlink:from="loc_137" xlink:to="loc_139" xlink:type="arc"/>
		<link:loc xlink:href="../../full_ifrs-cor_2025-03-27.xsd#ifrs-full_TradeAndOtherReceivablesDueFromRelatedParties" xlink:label="loc_153" xlink:type="locator"/>
		<link:calculationArc order="20.0" weight="1.0" xlink:arcrole="https://xbrl.org/2023/arcrole/summation-item" xlink:from="loc_151" xlink:to="loc_153" xlink:type="arc"/>
		<link:loc xlink:href="../../full_ifrs-cor_2025-03-27.xsd#ifrs-full_ShorttermWarrantyProvision" xlink:label="loc_163" xlink:type="locator"/>
		<link:calculationArc order="20.0" weight="1.0" xlink:arcrole="https://xbrl.org/2023/arcrole/summation-item" xlink:from="loc_161" xlink:to="loc_163" xlink:type="arc"/>
		<link:loc xlink:href="../../full_ifrs-cor_2025-03-27.xsd#ifrs-full_BankingArrangementsClassifiedAsCashEquivalents" xlink:label="loc_195" xlink:type="locator"/>
		<link:calculationArc order="30.0" weight="1.0" xlink:arcrole="https://xbrl.org/2023/arcrole/summation-item" xlink:from="loc_192" xlink:to="loc_195" xlink:type="arc"/>
		<link:loc xlink:href="../../full_ifrs-cor_2025-03-27.xsd#ifrs-full_CurrentFinancialAssetsAtFairValueThroughProfitOrLossMeasuredAsSuchInAccordanceWithExemptionForReacquisitionOfOwnEquityInstruments" xlink:label="loc_203" xlink:type="locator"/>
		<link:calculationArc order="30.0" weight="1.0" xlink:arcrole="https://xbrl.org/2023/arcrole/summation-item" xlink:from="loc_200" xlink:to="loc_203" xlink:type="arc"/>
		<link:loc xlink:href="../../full_ifrs-cor_2025-03-27.xsd#ifrs-full_FinancialAssetsAtFairValueThroughProfitOrLossMeasuredAsSuchInAccordanceWithExemptionForReacquisitionOfOwnEquityInstruments" xlink:label="loc_233" xlink:type="locator"/>
		<link:calculationArc order="30.0" weight="1.0" xlink:arcrole="https://xbrl.org/2023/arcrole/summation-item" xlink:from="loc_230" xlink:to="loc_233" xlink:type="arc"/>
		<link:loc xlink:href="../../full_ifrs-cor_2025-03-27.xsd#ifrs-full_MastheadsAndPublishingTitles" xlink:label="loc_252" xlink:type="locator"/>
		<link:calculationArc order="30.0" weight="1.0" xlink:arcrole="https://xbrl.org/2023/arcrole/summation-item" xlink:from="loc_249" xlink:to="loc_252" xlink:type="arc"/>
		<link:loc xlink:href="../../full_ifrs-cor_2025-03-27.xsd#ifrs-full_NoncurrentFinancialAssetsAtFairValueThroughProfitOrLossMeasuredAsSuchInAccordanceWithExemptionForReacquisitionOfOwnEquityInstruments" xlink:label="loc_33" xlink:type="locator"/>
		<link:calculationArc order="30.0" weight="1.0" xlink:arcrole="https://xbrl.org/2023/arcrole/summation-item" xlink:from="loc_30" xlink:to="loc_33" xlink:type="arc"/>
		<link:loc xlink:href="../../full_ifrs-cor_2025-03-27.xsd#ifrs-full_MotorVehicles" xlink:label="loc_86" xlink:type="locator"/>
		<link:calculationArc order="30.0" weight="1.0" xlink:arcrole="https://xbrl.org/2023/arcrole/summation-item" xlink:from="loc_83" xlink:to="loc_86" xlink:type="arc"/>
		<link:loc xlink:href="../../full_ifrs-cor_2025-03-27.xsd#ifrs-full_ReserveOfCashFlowHedges" xlink:label="loc_167" xlink:type="locator"/>
		<link:calculationArc order="30.0" weight="1.0" xlink:arcrole="https://xbrl.org/2023/arcrole/summation-item" xlink:from="loc_164" xlink:to="loc_167" xlink:type="arc"/>
		<link:loc xlink:href="../../full_ifrs-cor_2025-03-27.xsd#ifrs-full_OtherCashAndCashEquivalents" xlink:label="loc_196" xlink:type="locator"/>
		<link:calculationArc order="30.0" weight="1.0" xlink:arcrole="https://xbrl.org/2023/arcrole/summation-item" xlink:from="loc_188" xlink:to="loc_196" xlink:type="arc"/>
		<link:loc xlink:href="../../full_ifrs-cor_2025-03-27.xsd#ifrs-full_CurrentHeldtomaturityInvestments" xlink:label="loc_207" xlink:type="locator"/>
		<link:calculationArc order="30.0" weight="1.0" xlink:arcrole="https://xbrl.org/2023/arcrole/summation-item" xlink:from="loc_199" xlink:to="loc_207" xlink:type="arc"/>
		<link:loc xlink:href="../../full_ifrs-cor_2025-03-27.xsd#ifrs-full_GovernmentDebtInstrumentsHeld" xlink:label="loc_221" xlink:type="locator"/>
		<link:calculationArc order="30.0" weight="1.0" xlink:arcrole="https://xbrl.org/2023/arcrole/summation-item" xlink:from="loc_218" xlink:to="loc_221" xlink:type="arc"/>
		<link:loc xlink:href="../../full_ifrs-cor_2025-03-27.xsd#ifrs-full_BalancesOnCurrentAccountsFromCustomers" xlink:label="loc_227" xlink:type="locator"/>
		<link:calculationArc order="30.0" weight="1.0" xlink:arcrole="https://xbrl.org/2023/arcrole/summation-item" xlink:from="loc_224" xlink:to="loc_227" xlink:type="arc"/>
		<link:loc xlink:href="../../full_ifrs-cor_2025-03-27.xsd#ifrs-full_HeldtomaturityInvestments" xlink:label="loc_237" xlink:type="locator"/>
		<link:calculationArc order="30.0" weight="1.0" xlink:arcrole="https://xbrl.org/2023/arcrole/summation-item" xlink:from="loc_229" xlink:to="loc_237" xlink:type="arc"/>
		<link:loc xlink:href="../../full_ifrs-cor_2025-03-27.xsd#ifrs-full_CurrentFoodAndBeverage" xlink:label="loc_265" xlink:type="locator"/>
		<link:calculationArc order="30.0" weight="1.0" xlink:arcrole="https://xbrl.org/2023/arcrole/summation-item" xlink:from="loc_260" xlink:to="loc_265" xlink:type="arc"/>
		<link:loc xlink:href="../../full_ifrs-cor_2025-03-27.xsd#ifrs-full_InvestmentsInAssociates" xlink:label="loc_10" xlink:type="locator"/>
		<link:calculationArc order="30.0" weight="1.0" xlink:arcrole="https://xbrl.org/2023/arcrole/summation-item" xlink:from="loc_7" xlink:to="loc_10" xlink:type="arc"/>
		<link:loc xlink:href="../../full_ifrs-cor_2025-03-27.xsd#ifrs-full_NoncurrentHeldtomaturityInvestments" xlink:label="loc_37" xlink:type="locator"/>
		<link:calculationArc order="30.0" weight="1.0" xlink:arcrole="https://xbrl.org/2023/arcrole/summation-item" xlink:from="loc_29" xlink:to="loc_37" xlink:type="arc"/>
		<link:loc xlink:href="../../full_ifrs-cor_2025-03-27.xsd#ifrs-full_NoncurrentPayablesForPurchaseOfNoncurrentAssets" xlink:label="loc_51" xlink:type="locator"/>
		<link:calculationArc order="30.0" weight="1.0" xlink:arcrole="https://xbrl.org/2023/arcrole/summation-item" xlink:from="loc_48" xlink:to="loc_51" xlink:type="arc"/>
		<link:calculationArc order="30.0" weight="1.0" xlink:arcrole="https://xbrl.org/2023/arcrole/summation-item" xlink:from="loc_62" xlink:to="loc_65" xlink:type="arc"/>
		<link:calculationArc order="30.0" weight="1.0" xlink:arcrole="https://xbrl.org/2023/arcrole/summation-item" xlink:from="loc_78" xlink:to="loc_83" xlink:type="arc"/>
		<link:loc xlink:href="../../full_ifrs-cor_2025-03-27.xsd#ifrs-full_CurrentPayablesForPurchaseOfNoncurrentAssets" xlink:label="loc_114" xlink:type="locator"/>
		<link:calculationArc order="30.0" weight="1.0" xlink:arcrole="https://xbrl.org/2023/arcrole/summation-item" xlink:from="loc_111" xlink:to="loc_114" xlink:type="arc"/>
		<link:calculationArc order="30.0" weight="1.0" xlink:arcrole="https://xbrl.org/2023/arcrole/summation-item" xlink:from="loc_125" xlink:to="loc_128" xlink:type="arc"/>
		<link:loc xlink:href="../../full_ifrs-cor_2025-03-27.xsd#ifrs-full_PayablesForPurchaseOfNoncurrentAssets" xlink:label="loc_140" xlink:type="locator"/>
		<link:calculationArc order="30.0" weight="1.0" xlink:arcrole="https://xbrl.org/2023/arcrole/summation-item" xlink:from="loc_137" xlink:to="loc_140" xlink:type="arc"/>
		<link:calculationArc order="30.0" weight="1.0" xlink:arcrole="https://xbrl.org/2023/arcrole/summation-item" xlink:from="loc_151" xlink:to="loc_154" xlink:type="arc"/>
		<link:loc xlink:href="../../full_ifrs-cor_2025-03-27.xsd#ifrs-full_CurrentFinancialAssetsAtFairValueThroughProfitOrLossClassifiedAsHeldForTrading" xlink:label="loc_204" xlink:type="locator"/>
		<link:calculationArc order="40.0" weight="1.0" xlink:arcrole="https://xbrl.org/2023/arcrole/summation-item" xlink:from="loc_200" xlink:to="loc_204" xlink:type="arc"/>
		<link:loc xlink:href="../../full_ifrs-cor_2025-03-27.xsd#ifrs-full_FinancialAssetsAtFairValueThroughProfitOrLossClassifiedAsHeldForTrading" xlink:label="loc_234" xlink:type="locator"/>
		<link:calculationArc order="40.0" weight="1.0" xlink:arcrole="https://xbrl.org/2023/arcrole/summation-item" xlink:from="loc_230" xlink:to="loc_234" xlink:type="arc"/>
		<link:loc xlink:href="../../full_ifrs-cor_2025-03-27.xsd#ifrs-full_ComputerSoftware" xlink:label="loc_253" xlink:type="locator"/>
		<link:calculationArc order="40.0" weight="1.0" xlink:arcrole="https://xbrl.org/2023/arcrole/summation-item" xlink:from="loc_249" xlink:to="loc_253" xlink:type="arc"/>
		<link:loc xlink:href="../../full_ifrs-cor_2025-03-27.xsd#ifrs-full_NoncurrentFinancialAssetsAtFairValueThroughProfitOrLossClassifiedAsHeldForTrading" xlink:label="loc_34" xlink:type="locator"/>
		<link:calculationArc order="40.0" weight="1.0" xlink:arcrole="https://xbrl.org/2023/arcrole/summation-item" xlink:from="loc_30" xlink:to="loc_34" xlink:type="arc"/>
		<link:loc xlink:href="../../full_ifrs-cor_2025-03-27.xsd#ifrs-full_ReserveOfGainsAndLossesOnHedgingInstrumentsThatHedgeInvestmentsInEquityInstruments" xlink:label="loc_168" xlink:type="locator"/>
		<link:calculationArc order="40.0" weight="1.0" xlink:arcrole="https://xbrl.org/2023/arcrole/summation-item" xlink:from="loc_164" xlink:to="loc_168" xlink:type="arc"/>
		<link:loc xlink:href="../../full_ifrs-cor_2025-03-27.xsd#ifrs-full_CurrentLoansAndReceivables" xlink:label="loc_208" xlink:type="locator"/>
		<link:calculationArc order="40.0" weight="1.0" xlink:arcrole="https://xbrl.org/2023/arcrole/summation-item" xlink:from="loc_199" xlink:to="loc_208" xlink:type="arc"/>
		<link:loc xlink:href="../../full_ifrs-cor_2025-03-27.xsd#ifrs-full_AssetbackedDebtInstrumentsHeld" xlink:label="loc_222" xlink:type="locator"/>
		<link:calculationArc order="40.0" weight="1.0" xlink:arcrole="https://xbrl.org/2023/arcrole/summation-item" xlink:from="loc_218" xlink:to="loc_222" xlink:type="arc"/>
		<link:loc xlink:href="../../full_ifrs-cor_2025-03-27.xsd#ifrs-full_BalancesOnOtherDepositsFromCustomers" xlink:label="loc_228" xlink:type="locator"/>
		<link:calculationArc order="40.0" weight="1.0" xlink:arcrole="https://xbrl.org/2023/arcrole/summation-item" xlink:from="loc_224" xlink:to="loc_228" xlink:type="arc"/>
		<link:loc xlink:href="../../full_ifrs-cor_2025-03-27.xsd#ifrs-full_LoansAndReceivables" xlink:label="loc_238" xlink:type="locator"/>
		<link:calculationArc order="40.0" weight="1.0" xlink:arcrole="https://xbrl.org/2023/arcrole/summation-item" xlink:from="loc_229" xlink:to="loc_238" xlink:type="arc"/>
		<link:loc xlink:href="../../full_ifrs-cor_2025-03-27.xsd#ifrs-full_CurrentAgriculturalProduce" xlink:label="loc_266" xlink:type="locator"/>
		<link:calculationArc order="40.0" weight="1.0" xlink:arcrole="https://xbrl.org/2023/arcrole/summation-item" xlink:from="loc_260" xlink:to="loc_266" xlink:type="arc"/>
		<link:loc xlink:href="../../full_ifrs-cor_2025-03-27.xsd#ifrs-full_NoncurrentLoansAndReceivables" xlink:label="loc_38" xlink:type="locator"/>
		<link:calculationArc order="40.0" weight="1.0" xlink:arcrole="https://xbrl.org/2023/arcrole/summation-item" xlink:from="loc_29" xlink:to="loc_38" xlink:type="arc"/>
		<link:calculationArc order="40.0" weight="1.0" xlink:arcrole="https://xbrl.org/2023/arcrole/summation-item" xlink:from="loc_48" xlink:to="loc_52" xlink:type="arc"/>
		<link:loc xlink:href="../../full_ifrs-cor_2025-03-27.xsd#ifrs-full_NoncurrentReceivablesFromTaxesOtherThanIncomeTax" xlink:label="loc_68" xlink:type="locator"/>
		<link:calculationArc order="40.0" weight="1.0" xlink:arcrole="https://xbrl.org/2023/arcrole/summation-item" xlink:from="loc_62" xlink:to="loc_68" xlink:type="arc"/>
		<link:loc xlink:href="../../full_ifrs-cor_2025-03-27.xsd#ifrs-full_FixturesAndFittings" xlink:label="loc_87" xlink:type="locator"/>
		<link:calculationArc order="40.0" weight="1.0" xlink:arcrole="https://xbrl.org/2023/arcrole/summation-item" xlink:from="loc_78" xlink:to="loc_87" xlink:type="arc"/>
		<link:calculationArc order="40.0" weight="1.0" xlink:arcrole="https://xbrl.org/2023/arcrole/summation-item" xlink:from="loc_111" xlink:to="loc_115" xlink:type="arc"/>
		<link:loc xlink:href="../../full_ifrs-cor_2025-03-27.xsd#ifrs-full_CurrentReceivablesFromTaxesOtherThanIncomeTax" xlink:label="loc_133" xlink:type="locator"/>
		<link:calculationArc order="40.0" weight="1.0" xlink:arcrole="https://xbrl.org/2023/arcrole/summation-item" xlink:from="loc_125" xlink:to="loc_133" xlink:type="arc"/>
		<link:calculationArc order="40.0" weight="1.0" xlink:arcrole="https://xbrl.org/2023/arcrole/summation-item" xlink:from="loc_137" xlink:to="loc_141" xlink:type="arc"/>
		<link:loc xlink:href="../../full_ifrs-cor_2025-03-27.xsd#ifrs-full_ReceivablesFromTaxesOtherThanIncomeTax" xlink:label="loc_157" xlink:type="locator"/>
		<link:calculationArc order="40.0" weight="1.0" xlink:arcrole="https://xbrl.org/2023/arcrole/summation-item" xlink:from="loc_151" xlink:to="loc_157" xlink:type="arc"/>
		<link:loc xlink:href="../../full_ifrs-cor_2025-03-27.xsd#ifrs-full_CurrentFinancialAssetsAtFairValueThroughProfitOrLossMandatorilyMeasuredAtFairValue" xlink:label="loc_205" xlink:type="locator"/>
		<link:calculationArc order="50.0" weight="1.0" xlink:arcrole="https://xbrl.org/2023/arcrole/summation-item" xlink:from="loc_200" xlink:to="loc_205" xlink:type="arc"/>
		<link:loc xlink:href="../../full_ifrs-cor_2025-03-27.xsd#ifrs-full_FinancialAssetsAtFairValueThroughProfitOrLossMandatorilyMeasuredAtFairValue" xlink:label="loc_235" xlink:type="locator"/>
		<link:calculationArc order="50.0" weight="1.0" xlink:arcrole="https://xbrl.org/2023/arcrole/summation-item" xlink:from="loc_230" xlink:to="loc_235" xlink:type="arc"/>
		<link:loc xlink:href="../../full_ifrs-cor_2025-03-27.xsd#ifrs-full_LicencesAndFranchises" xlink:label="loc_254" xlink:type="locator"/>
		<link:calculationArc order="50.0" weight="1.0" xlink:arcrole="https://xbrl.org/2023/arcrole/summation-item" xlink:from="loc_249" xlink:to="loc_254" xlink:type="arc"/>
		<link:loc xlink:href="../../full_ifrs-cor_2025-03-27.xsd#ifrs-full_NoncurrentFinancialAssetsAtFairValueThroughProfitOrLossMandatorilyMeasuredAtFairValue" xlink:label="loc_35" xlink:type="locator"/>
		<link:calculationArc order="50.0" weight="1.0" xlink:arcrole="https://xbrl.org/2023/arcrole/summation-item" xlink:from="loc_30" xlink:to="loc_35" xlink:type="arc"/>
		<link:loc xlink:href="../../full_ifrs-cor_2025-03-27.xsd#ifrs-full_ReserveOfChangeInValueOfTimeValueOfOptions" xlink:label="loc_169" xlink:type="locator"/>
		<link:calculationArc order="50.0" weight="1.0" xlink:arcrole="https://xbrl.org/2023/arcrole/summation-item" xlink:from="loc_164" xlink:to="loc_169" xlink:type="arc"/>
		<link:calculationArc order="50.0" weight="1.0" xlink:arcrole="https://xbrl.org/2023/arcrole/summation-item" xlink:from="loc_199" xlink:to="loc_209" xlink:type="arc"/>
		<link:loc xlink:href="../../full_ifrs-cor_2025-03-27.xsd#ifrs-full_OtherDebtInstrumentsHeld" xlink:label="loc_223" xlink:type="locator"/>
		<link:calculationArc order="50.0" weight="1.0" xlink:arcrole="https://xbrl.org/2023/arcrole/summation-item" xlink:from="loc_218" xlink:to="loc_223" xlink:type="arc"/>
		<link:loc xlink:href="../../full_ifrs-cor_2025-03-27.xsd#ifrs-full_FinancialAssetsAtAmortisedCost" xlink:label="loc_239" xlink:type="locator"/>
		<link:calculationArc order="50.0" weight="1.0" xlink:arcrole="https://xbrl.org/2023/arcrole/summation-item" xlink:from="loc_229" xlink:to="loc_239" xlink:type="arc"/>
		<link:loc xlink:href="../../full_ifrs-cor_2025-03-27.xsd#ifrs-full_WorkInProgress" xlink:label="loc_267" xlink:type="locator"/>
		<link:calculationArc order="50.0" weight="1.0" xlink:arcrole="https://xbrl.org/2023/arcrole/summation-item" xlink:from="loc_260" xlink:to="loc_267" xlink:type="arc"/>
		<link:calculationArc order="50.0" weight="1.0" xlink:arcrole="https://xbrl.org/2023/arcrole/summation-item" xlink:from="loc_29" xlink:to="loc_39" xlink:type="arc"/>
		<link:loc xlink:href="../../full_ifrs-cor_2025-03-27.xsd#ifrs-full_NoncurrentPayablesOnSocialSecurityAndTaxesOtherThanIncomeTax" xlink:label="loc_59" xlink:type="locator"/>
		<link:calculationArc order="50.0" weight="1.0" xlink:arcrole="https://xbrl.org/2023/arcrole/summation-item" xlink:from="loc_48" xlink:to="loc_59" xlink:type="arc"/>
		<link:loc xlink:href="../../full_ifrs-cor_2025-03-27.xsd#ifrs-full_NoncurrentReceivablesFromSaleOfProperties" xlink:label="loc_69" xlink:type="locator"/>
		<link:calculationArc order="50.0" weight="1.0" xlink:arcrole="https://xbrl.org/2023/arcrole/summation-item" xlink:from="loc_62" xlink:to="loc_69" xlink:type="arc"/>
		<link:loc xlink:href="../../full_ifrs-cor_2025-03-27.xsd#ifrs-full_OfficeEquipment" xlink:label="loc_88" xlink:type="locator"/>
		<link:calculationArc order="50.0" weight="1.0" xlink:arcrole="https://xbrl.org/2023/arcrole/summation-item" xlink:from="loc_78" xlink:to="loc_88" xlink:type="arc"/>
		<link:loc xlink:href="../../full_ifrs-cor_2025-03-27.xsd#ifrs-full_CurrentPayablesOnSocialSecurityAndTaxesOtherThanIncomeTax" xlink:label="loc_122" xlink:type="locator"/>
		<link:calculationArc order="50.0" weight="1.0" xlink:arcrole="https://xbrl.org/2023/arcrole/summation-item" xlink:from="loc_111" xlink:to="loc_122" xlink:type="arc"/>
		<link:loc xlink:href="../../full_ifrs-cor_2025-03-27.xsd#ifrs-full_CurrentReceivablesFromSaleOfProperties" xlink:label="loc_134" xlink:type="locator"/>
		<link:calculationArc order="50.0" weight="1.0" xlink:arcrole="https://xbrl.org/2023/arcrole/summation-item" xlink:from="loc_125" xlink:to="loc_134" xlink:type="arc"/>
		<link:loc xlink:href="../../full_ifrs-cor_2025-03-27.xsd#ifrs-full_PayablesOnSocialSecurityAndTaxesOtherThanIncomeTax" xlink:label="loc_148" xlink:type="locator"/>
		<link:calculationArc order="50.0" weight="1.0" xlink:arcrole="https://xbrl.org/2023/arcrole/summation-item" xlink:from="loc_137" xlink:to="loc_148" xlink:type="arc"/>
		<link:loc xlink:href="../../full_ifrs-cor_2025-03-27.xsd#ifrs-full_ReceivablesFromSaleOfProperties" xlink:label="loc_158" xlink:type="locator"/>
		<link:calculationArc order="50.0" weight="1.0" xlink:arcrole="https://xbrl.org/2023/arcrole/summation-item" xlink:from="loc_151" xlink:to="loc_158" xlink:type="arc"/>
		<link:loc xlink:href="../../full_ifrs-cor_2025-03-27.xsd#ifrs-full_CopyrightsPatentsAndOtherIndustrialPropertyRightsServiceAndOperatingRights" xlink:label="loc_255" xlink:type="locator"/>
		<link:calculationArc order="60.0" weight="1.0" xlink:arcrole="https://xbrl.org/2023/arcrole/summation-item" xlink:from="loc_249" xlink:to="loc_255" xlink:type="arc"/>
		<link:loc xlink:href="../../full_ifrs-cor_2025-03-27.xsd#ifrs-full_ReserveOfChangeInValueOfForwardElementsOfForwardContracts" xlink:label="loc_170" xlink:type="locator"/>
		<link:calculationArc order="60.0" weight="1.0" xlink:arcrole="https://xbrl.org/2023/arcrole/summation-item" xlink:from="loc_164" xlink:to="loc_170" xlink:type="arc"/>
		<link:loc xlink:href="../../full_ifrs-cor_2025-03-27.xsd#ifrs-full_CurrentFinancialAssetsAtAmortisedCost" xlink:label="loc_212" xlink:type="locator"/>
		<link:calculationArc order="60.0" weight="1.0" xlink:arcrole="https://xbrl.org/2023/arcrole/summation-item" xlink:from="loc_199" xlink:to="loc_212" xlink:type="arc"/>
		<link:calculationArc order="60.0" weight="1.0" xlink:arcrole="https://xbrl.org/2023/arcrole/summation-item" xlink:from="loc_229" xlink:to="loc_240" xlink:type="arc"/>
		<link:loc xlink:href="../../full_ifrs-cor_2025-03-27.xsd#ifrs-full_FinishedGoods" xlink:label="loc_268" xlink:type="locator"/>
		<link:calculationArc order="60.0" weight="1.0" xlink:arcrole="https://xbrl.org/2023/arcrole/summation-item" xlink:from="loc_260" xlink:to="loc_268" xlink:type="arc"/>
		<link:loc xlink:href="../../full_ifrs-cor_2025-03-27.xsd#ifrs-full_NoncurrentFinancialAssetsAtAmortisedCost" xlink:label="loc_42" xlink:type="locator"/>
		<link:calculationArc order="60.0" weight="1.0" xlink:arcrole="https://xbrl.org/2023/arcrole/summation-item" xlink:from="loc_29" xlink:to="loc_42" xlink:type="arc"/>
		<link:loc xlink:href="../../full_ifrs-cor_2025-03-27.xsd#ifrs-full_NoncurrentRetentionPayables" xlink:label="loc_60" xlink:type="locator"/>
		<link:calculationArc order="60.0" weight="1.0" xlink:arcrole="https://xbrl.org/2023/arcrole/summation-item" xlink:from="loc_48" xlink:to="loc_60" xlink:type="arc"/>
		<link:loc xlink:href="../../full_ifrs-cor_2025-03-27.xsd#ifrs-full_NoncurrentReceivablesFromRentalOfProperties" xlink:label="loc_70" xlink:type="locator"/>
		<link:calculationArc order="60.0" weight="1.0" xlink:arcrole="https://xbrl.org/2023/arcrole/summation-item" xlink:from="loc_62" xlink:to="loc_70" xlink:type="arc"/>
		<link:loc xlink:href="../../full_ifrs-cor_2025-03-27.xsd#ifrs-full_BearerPlants" xlink:label="loc_89" xlink:type="locator"/>
		<link:calculationArc order="60.0" weight="1.0" xlink:arcrole="https://xbrl.org/2023/arcrole/summation-item" xlink:from="loc_78" xlink:to="loc_89" xlink:type="arc"/>
		<link:loc xlink:href="../../full_ifrs-cor_2025-03-27.xsd#ifrs-full_CurrentRetentionPayables" xlink:label="loc_123" xlink:type="locator"/>
		<link:calculationArc order="60.0" weight="1.0" xlink:arcrole="https://xbrl.org/2023/arcrole/summation-item" xlink:from="loc_111" xlink:to="loc_123" xlink:type="arc"/>
		<link:loc xlink:href="../../full_ifrs-cor_2025-03-27.xsd#ifrs-full_CurrentReceivablesFromRentalOfProperties" xlink:label="loc_135" xlink:type="locator"/>
		<link:calculationArc order="60.0" weight="1.0" xlink:arcrole="https://xbrl.org/2023/arcrole/summation-item" xlink:from="loc_125" xlink:to="loc_135" xlink:type="arc"/>
		<link:loc xlink:href="../../full_ifrs-cor_2025-03-27.xsd#ifrs-full_RetentionPayables" xlink:label="loc_149" xlink:type="locator"/>
		<link:calculationArc order="60.0" weight="1.0" xlink:arcrole="https://xbrl.org/2023/arcrole/summation-item" xlink:from="loc_137" xlink:to="loc_149" xlink:type="arc"/>
		<link:loc xlink:href="../../full_ifrs-cor_2025-03-27.xsd#ifrs-full_ReceivablesFromRentalOfProperties" xlink:label="loc_159" xlink:type="locator"/>
		<link:calculationArc order="60.0" weight="1.0" xlink:arcrole="https://xbrl.org/2023/arcrole/summation-item" xlink:from="loc_151" xlink:to="loc_159" xlink:type="arc"/>
		<link:loc xlink:href="../../full_ifrs-cor_2025-03-27.xsd#ifrs-full_RecipesFormulaeModelsDesignsAndPrototypes" xlink:label="loc_256" xlink:type="locator"/>
		<link:calculationArc order="70.0" weight="1.0" xlink:arcrole="https://xbrl.org/2023/arcrole/summation-item" xlink:from="loc_249" xlink:to="loc_256" xlink:type="arc"/>
		<link:loc xlink:href="../../full_ifrs-cor_2025-03-27.xsd#ifrs-full_ReserveOfChangeInValueOfForeignCurrencyBasisSpreads" xlink:label="loc_171" xlink:type="locator"/>
		<link:calculationArc order="70.0" weight="1.0" xlink:arcrole="https://xbrl.org/2023/arcrole/summation-item" xlink:from="loc_164" xlink:to="loc_171" xlink:type="arc"/>
		<link:loc xlink:href="../../full_ifrs-cor_2025-03-27.xsd#ifrs-full_CurrentPackagingAndStorageMaterials" xlink:label="loc_269" xlink:type="locator"/>
		<link:calculationArc order="70.0" weight="1.0" xlink:arcrole="https://xbrl.org/2023/arcrole/summation-item" xlink:from="loc_260" xlink:to="loc_269" xlink:type="arc"/>
		<link:loc xlink:href="../../full_ifrs-cor_2025-03-27.xsd#ifrs-full_OtherNoncurrentPayables" xlink:label="loc_61" xlink:type="locator"/>
		<link:calculationArc order="70.0" weight="1.0" xlink:arcrole="https://xbrl.org/2023/arcrole/summation-item" xlink:from="loc_48" xlink:to="loc_61" xlink:type="arc"/>
		<link:loc xlink:href="../../full_ifrs-cor_2025-03-27.xsd#ifrs-full_OtherNoncurrentReceivables" xlink:label="loc_71" xlink:type="locator"/>
		<link:calculationArc order="70.0" weight="1.0" xlink:arcrole="https://xbrl.org/2023/arcrole/summation-item" xlink:from="loc_62" xlink:to="loc_71" xlink:type="arc"/>
		<link:loc xlink:href="../../full_ifrs-cor_2025-03-27.xsd#ifrs-full_TangibleExplorationAndEvaluationAssets" xlink:label="loc_90" xlink:type="locator"/>
		<link:calculationArc order="70.0" weight="1.0" xlink:arcrole="https://xbrl.org/2023/arcrole/summation-item" xlink:from="loc_78" xlink:to="loc_90" xlink:type="arc"/>
		<link:loc xlink:href="../../full_ifrs-cor_2025-03-27.xsd#ifrs-full_OtherCurrentPayables" xlink:label="loc_124" xlink:type="locator"/>
		<link:calculationArc order="70.0" weight="1.0" xlink:arcrole="https://xbrl.org/2023/arcrole/summation-item" xlink:from="loc_111" xlink:to="loc_124" xlink:type="arc"/>
		<link:loc xlink:href="../../full_ifrs-cor_2025-03-27.xsd#ifrs-full_OtherCurrentReceivables" xlink:label="loc_136" xlink:type="locator"/>
		<link:calculationArc order="70.0" weight="1.0" xlink:arcrole="https://xbrl.org/2023/arcrole/summation-item" xlink:from="loc_125" xlink:to="loc_136" xlink:type="arc"/>
		<link:loc xlink:href="../../full_ifrs-cor_2025-03-27.xsd#ifrs-full_OtherPayables" xlink:label="loc_150" xlink:type="locator"/>
		<link:calculationArc order="70.0" weight="1.0" xlink:arcrole="https://xbrl.org/2023/arcrole/summation-item" xlink:from="loc_137" xlink:to="loc_150" xlink:type="arc"/>
		<link:loc xlink:href="../../full_ifrs-cor_2025-03-27.xsd#ifrs-full_OtherReceivables" xlink:label="loc_160" xlink:type="locator"/>
		<link:calculationArc order="70.0" weight="1.0" xlink:arcrole="https://xbrl.org/2023/arcrole/summation-item" xlink:from="loc_151" xlink:to="loc_160" xlink:type="arc"/>
		<link:loc xlink:href="../../full_ifrs-cor_2025-03-27.xsd#ifrs-full_IntangibleAssetsUnderDevelopment" xlink:label="loc_257" xlink:type="locator"/>
		<link:calculationArc order="80.0" weight="1.0" xlink:arcrole="https://xbrl.org/2023/arcrole/summation-item" xlink:from="loc_249" xlink:to="loc_257" xlink:type="arc"/>
		<link:loc xlink:href="../../full_ifrs-cor_2025-03-27.xsd#ifrs-full_ReserveOfGainsAndLossesOnFinancialAssetsMeasuredAtFairValueThroughOtherComprehensiveIncome" xlink:label="loc_172" xlink:type="locator"/>
		<link:calculationArc order="80.0" weight="1.0" xlink:arcrole="https://xbrl.org/2023/arcrole/summation-item" xlink:from="loc_164" xlink:to="loc_172" xlink:type="arc"/>
		<link:loc xlink:href="../../full_ifrs-cor_2025-03-27.xsd#ifrs-full_SpareParts" xlink:label="loc_270" xlink:type="locator"/>
		<link:calculationArc order="80.0" weight="1.0" xlink:arcrole="https://xbrl.org/2023/arcrole/summation-item" xlink:from="loc_260" xlink:to="loc_270" xlink:type="arc"/>
		<link:loc xlink:href="../../full_ifrs-cor_2025-03-27.xsd#ifrs-full_MiningAssets" xlink:label="loc_91" xlink:type="locator"/>
		<link:calculationArc order="80.0" weight="1.0" xlink:arcrole="https://xbrl.org/2023/arcrole/summation-item" xlink:from="loc_78" xlink:to="loc_91" xlink:type="arc"/>
		<link:loc xlink:href="../../full_ifrs-cor_2025-03-27.xsd#ifrs-full_OtherIntangibleAssets" xlink:label="loc_258" xlink:type="locator"/>
		<link:calculationArc order="90.0" weight="1.0" xlink:arcrole="https://xbrl.org/2023/arcrole/summation-item" xlink:from="loc_249" xlink:to="loc_258" xlink:type="arc"/>
		<link:loc xlink:href="../../full_ifrs-cor_2025-03-27.xsd#ifrs-full_ReserveOfInsuranceFinanceIncomeExpensesFromInsuranceContractsIssuedExcludedFromProfitOrLossThatWillBeReclassifiedToProfitOrLoss" xlink:label="loc_173" xlink:type="locator"/>
		<link:calculationArc order="90.0" weight="1.0" xlink:arcrole="https://xbrl.org/2023/arcrole/summation-item" xlink:from="loc_164" xlink:to="loc_173" xlink:type="arc"/>
		<link:loc xlink:href="../../full_ifrs-cor_2025-03-27.xsd#ifrs-full_CurrentFuel" xlink:label="loc_271" xlink:type="locator"/>
		<link:calculationArc order="90.0" weight="1.0" xlink:arcrole="https://xbrl.org/2023/arcrole/summation-item" xlink:from="loc_260" xlink:to="loc_271" xlink:type="arc"/>
		<link:loc xlink:href="../../full_ifrs-cor_2025-03-27.xsd#ifrs-full_OilAndGasAssets" xlink:label="loc_92" xlink:type="locator"/>
		<link:calculationArc order="90.0" weight="1.0" xlink:arcrole="https://xbrl.org/2023/arcrole/summation-item" xlink:from="loc_78" xlink:to="loc_92" xlink:type="arc"/>
		<link:loc xlink:href="../../full_ifrs-cor_2025-03-27.xsd#ifrs-full_ReserveOfInsuranceFinanceIncomeExpensesFromInsuranceContractsIssuedExcludedFromProfitOrLossThatWillNotBeReclassifiedToProfitOrLoss" xlink:label="loc_174" xlink:type="locator"/>
		<link:calculationArc order="100.0" weight="1.0" xlink:arcrole="https://xbrl.org/2023/arcrole/summation-item" xlink:from="loc_164" xlink:to="loc_174" xlink:type="arc"/>
		<link:loc xlink:href="../../full_ifrs-cor_2025-03-27.xsd#ifrs-full_PropertyIntendedForSaleInOrdinaryCourseOfBusiness" xlink:label="loc_272" xlink:type="locator"/>
		<link:calculationArc order="100.0" weight="1.0" xlink:arcrole="https://xbrl.org/2023/arcrole/summation-item" xlink:from="loc_260" xlink:to="loc_272" xlink:type="arc"/>
		<link:loc xlink:href="../../full_ifrs-cor_2025-03-27.xsd#ifrs-full_ConstructionInProgress" xlink:label="loc_93" xlink:type="locator"/>
		<link:calculationArc order="100.0" weight="1.0" xlink:arcrole="https://xbrl.org/2023/arcrole/summation-item" xlink:from="loc_78" xlink:to="loc_93" xlink:type="arc"/>
		<link:loc xlink:href="../../full_ifrs-cor_2025-03-27.xsd#ifrs-full_ReserveOfFinanceIncomeExpensesFromReinsuranceContractsHeldExcludedFromProfitOrLoss" xlink:label="loc_175" xlink:type="locator"/>
		<link:calculationArc order="110.0" weight="1.0" xlink:arcrole="https://xbrl.org/2023/arcrole/summation-item" xlink:from="loc_164" xlink:to="loc_175" xlink:type="arc"/>
		<link:loc xlink:href="../../full_ifrs-cor_2025-03-27.xsd#ifrs-full_CurrentInventoriesInTransit" xlink:label="loc_273" xlink:type="locator"/>
		<link:calculationArc order="110.0" weight="1.0" xlink:arcrole="https://xbrl.org/2023/arcrole/summation-item" xlink:from="loc_260" xlink:to="loc_273" xlink:type="arc"/>
		<link:loc xlink:href="../../full_ifrs-cor_2025-03-27.xsd#ifrs-full_OwneroccupiedPropertyMeasuredUsingInvestmentPropertyFairValueModel" xlink:label="loc_94" xlink:type="locator"/>
		<link:calculationArc order="110.0" weight="1.0" xlink:arcrole="https://xbrl.org/2023/arcrole/summation-item" xlink:from="loc_78" xlink:to="loc_94" xlink:type="arc"/>
		<link:loc xlink:href="../../full_ifrs-cor_2025-03-27.xsd#ifrs-full_ReserveOfGainsAndLossesOnRemeasuringAvailableforsaleFinancialAssets" xlink:label="loc_176" xlink:type="locator"/>
		<link:calculationArc order="120.0" weight="1.0" xlink:arcrole="https://xbrl.org/2023/arcrole/summation-item" xlink:from="loc_164" xlink:to="loc_176" xlink:type="arc"/>
		<link:loc xlink:href="../../full_ifrs-cor_2025-03-27.xsd#ifrs-full_OtherInventories" xlink:label="loc_274" xlink:type="locator"/>
		<link:calculationArc order="120.0" weight="1.0" xlink:arcrole="https://xbrl.org/2023/arcrole/summation-item" xlink:from="loc_260" xlink:to="loc_274" xlink:type="arc"/>
		<link:loc xlink:href="../../full_ifrs-cor_2025-03-27.xsd#ifrs-full_OtherPropertyPlantAndEquipment" xlink:label="loc_95" xlink:type="locator"/>
		<link:calculationArc order="120.0" weight="1.0" xlink:arcrole="https://xbrl.org/2023/arcrole/summation-item" xlink:from="loc_78" xlink:to="loc_95" xlink:type="arc"/>
		<link:loc xlink:href="../../full_ifrs-cor_2025-03-27.xsd#ifrs-full_ReserveOfRemeasurementsOfDefinedBenefitPlans" xlink:label="loc_177" xlink:type="locator"/>
		<link:calculationArc order="130.0" weight="1.0" xlink:arcrole="https://xbrl.org/2023/arcrole/summation-item" xlink:from="loc_164" xlink:to="loc_177" xlink:type="arc"/>
		<link:loc xlink:href="../../full_ifrs-cor_2025-03-27.xsd#ifrs-full_AmountRecognisedInOtherComprehensiveIncomeAndAccumulatedInEquityRelatingToNoncurrentAssetsOrDisposalGroupsHeldForSale" xlink:label="loc_178" xlink:type="locator"/>
		<link:calculationArc order="140.0" weight="1.0" xlink:arcrole="https://xbrl.org/2023/arcrole/summation-item" xlink:from="loc_164" xlink:to="loc_178" xlink:type="arc"/>
		<link:loc xlink:href="../../full_ifrs-cor_2025-03-27.xsd#ifrs-full_ReserveOfGainsAndLossesFromInvestmentsInEquityInstruments" xlink:label="loc_179" xlink:type="locator"/>
		<link:calculationArc order="150.0" weight="1.0" xlink:arcrole="https://xbrl.org/2023/arcrole/summation-item" xlink:from="loc_164" xlink:to="loc_179" xlink:type="arc"/>
		<link:loc xlink:href="../../full_ifrs-cor_2025-03-27.xsd#ifrs-full_ReserveOfChangeInFairValueOfFinancialLiabilityAttributableToChangeInCreditRiskOfLiability" xlink:label="loc_180" xlink:type="locator"/>
		<link:calculationArc order="160.0" weight="1.0" xlink:arcrole="https://xbrl.org/2023/arcrole/summation-item" xlink:from="loc_164" xlink:to="loc_180" xlink:type="arc"/>
	</link:calculationLink>
	<link:calculationLink xlink:role="https://xbrl.ifrs.org/role/ifrs/ias_1_2025-03-27_role-800100a" xlink:type="extended">
		<link:loc xlink:href="../../full_ifrs-cor_2025-03-27.xsd#ifrs-full_NoncurrentPortionOfNoncurrentLoansReceived" xlink:label="loc_2" xlink:type="locator"/>
		<link:loc xlink:href="../../full_ifrs-cor_2025-03-27.xsd#ifrs-full_LongtermBorrowings" xlink:label="loc_1" xlink:type="locator"/>
		<link:calculationArc order="10.0" weight="1.0" xlink:arcrole="https://xbrl.org/2023/arcrole/summation-item" xlink:from="loc_1" xlink:to="loc_2" xlink:type="arc"/>
		<link:loc xlink:href="../../full_ifrs-cor_2025-03-27.xsd#ifrs-full_NoncurrentPrepayments" xlink:label="loc_8" xlink:type="locator"/>
		<link:loc xlink:href="../../full_ifrs-cor_2025-03-27.xsd#ifrs-full_NoncurrentPrepaymentsAndNoncurrentAccruedIncomeIncludingNoncurrentContractAssets" xlink:label="loc_7" xlink:type="locator"/>
		<link:calculationArc order="10.0" weight="1.0" xlink:arcrole="https://xbrl.org/2023/arcrole/summation-item" xlink:from="loc_7" xlink:to="loc_8" xlink:type="arc"/>
		<link:loc xlink:href="../../full_ifrs-cor_2025-03-27.xsd#ifrs-full_NoncurrentContractAssets" xlink:label="loc_10" xlink:type="locator"/>
		<link:loc xlink:href="../../full_ifrs-cor_2025-03-27.xsd#ifrs-full_NoncurrentAccruedIncomeIncludingNoncurrentContractAssets" xlink:label="loc_9" xlink:type="locator"/>
		<link:calculationArc order="10.0" weight="1.0" xlink:arcrole="https://xbrl.org/2023/arcrole/summation-item" xlink:from="loc_9" xlink:to="loc_10" xlink:type="arc"/>
		<link:loc xlink:href="../../full_ifrs-cor_2025-03-27.xsd#ifrs-full_Prepayments" xlink:label="loc_13" xlink:type="locator"/>
		<link:loc xlink:href="../../full_ifrs-cor_2025-03-27.xsd#ifrs-full_PrepaymentsAndAccruedIncomeIncludingContractAssets" xlink:label="loc_12" xlink:type="locator"/>
		<link:calculationArc order="10.0" weight="1.0" xlink:arcrole="https://xbrl.org/2023/arcrole/summation-item" xlink:from="loc_12" xlink:to="loc_13" xlink:type="arc"/>
		<link:loc xlink:href="../../full_ifrs-cor_2025-03-27.xsd#ifrs-full_ContractAssets" xlink:label="loc_15" xlink:type="locator"/>
		<link:loc xlink:href="../../full_ifrs-cor_2025-03-27.xsd#ifrs-full_AccruedIncomeIncludingContractAssets" xlink:label="loc_14" xlink:type="locator"/>
		<link:calculationArc order="10.0" weight="1.0" xlink:arcrole="https://xbrl.org/2023/arcrole/summation-item" xlink:from="loc_14" xlink:to="loc_15" xlink:type="arc"/>
		<link:loc xlink:href="../../full_ifrs-cor_2025-03-27.xsd#ifrs-full_LoansReceived" xlink:label="loc_18" xlink:type="locator"/>
		<link:loc xlink:href="../../full_ifrs-cor_2025-03-27.xsd#ifrs-full_Borrowings" xlink:label="loc_17" xlink:type="locator"/>
		<link:calculationArc order="10.0" weight="1.0" xlink:arcrole="https://xbrl.org/2023/arcrole/summation-item" xlink:from="loc_17" xlink:to="loc_18" xlink:type="arc"/>
		<link:loc xlink:href="../../full_ifrs-cor_2025-03-27.xsd#ifrs-full_CurrentLoansReceivedAndCurrentPortionOfNoncurrentLoansReceived" xlink:label="loc_24" xlink:type="locator"/>
		<link:loc xlink:href="../../full_ifrs-cor_2025-03-27.xsd#ifrs-full_CurrentBorrowingsAndCurrentPortionOfNoncurrentBorrowings" xlink:label="loc_23" xlink:type="locator"/>
		<link:calculationArc order="10.0" weight="1.0" xlink:arcrole="https://xbrl.org/2023/arcrole/summation-item" xlink:from="loc_23" xlink:to="loc_24" xlink:type="arc"/>
		<link:loc xlink:href="../../full_ifrs-cor_2025-03-27.xsd#ifrs-full_CurrentPrepayments" xlink:label="loc_30" xlink:type="locator"/>
		<link:loc xlink:href="../../full_ifrs-cor_2025-03-27.xsd#ifrs-full_CurrentPrepaymentsAndCurrentAccruedIncomeIncludingCurrentContractAssets" xlink:label="loc_29" xlink:type="locator"/>
		<link:calculationArc order="10.0" weight="1.0" xlink:arcrole="https://xbrl.org/2023/arcrole/summation-item" xlink:from="loc_29" xlink:to="loc_30" xlink:type="arc"/>
		<link:loc xlink:href="../../full_ifrs-cor_2025-03-27.xsd#ifrs-full_CurrentAdvancesToSuppliers" xlink:label="loc_31" xlink:type="locator"/>
		<link:calculationArc order="10.0" weight="1.0" xlink:arcrole="https://xbrl.org/2023/arcrole/summation-item" xlink:from="loc_30" xlink:to="loc_31" xlink:type="arc"/>
		<link:loc xlink:href="../../full_ifrs-cor_2025-03-27.xsd#ifrs-full_CurrentContractAssets" xlink:label="loc_34" xlink:type="locator"/>
		<link:loc xlink:href="../../full_ifrs-cor_2025-03-27.xsd#ifrs-full_CurrentAccruedIncomeIncludingCurrentContractAssets" xlink:label="loc_33" xlink:type="locator"/>
		<link:calculationArc order="10.0" weight="1.0" xlink:arcrole="https://xbrl.org/2023/arcrole/summation-item" xlink:from="loc_33" xlink:to="loc_34" xlink:type="arc"/>
		<link:loc xlink:href="../../full_ifrs-cor_2025-03-27.xsd#ifrs-full_CurrentInventoriesHeldForSale" xlink:label="loc_37" xlink:type="locator"/>
		<link:loc xlink:href="../../full_ifrs-cor_2025-03-27.xsd#ifrs-full_Inventories" xlink:label="loc_36" xlink:type="locator"/>
		<link:calculationArc order="10.0" weight="1.0" xlink:arcrole="https://xbrl.org/2023/arcrole/summation-item" xlink:from="loc_36" xlink:to="loc_37" xlink:type="arc"/>
		<link:loc xlink:href="../../full_ifrs-cor_2025-03-27.xsd#ifrs-full_NoncurrentPortionOfNoncurrentBondsIssued" xlink:label="loc_3" xlink:type="locator"/>
		<link:calculationArc order="20.0" weight="1.0" xlink:arcrole="https://xbrl.org/2023/arcrole/summation-item" xlink:from="loc_1" xlink:to="loc_3" xlink:type="arc"/>
		<link:calculationArc order="20.0" weight="1.0" xlink:arcrole="https://xbrl.org/2023/arcrole/summation-item" xlink:from="loc_7" xlink:to="loc_9" xlink:type="arc"/>
		<link:loc xlink:href="../../full_ifrs-cor_2025-03-27.xsd#ifrs-full_NoncurrentAccruedIncomeOtherThanNoncurrentContractAssets" xlink:label="loc_11" xlink:type="locator"/>
		<link:calculationArc order="20.0" weight="1.0" xlink:arcrole="https://xbrl.org/2023/arcrole/summation-item" xlink:from="loc_9" xlink:to="loc_11" xlink:type="arc"/>
		<link:calculationArc order="20.0" weight="1.0" xlink:arcrole="https://xbrl.org/2023/arcrole/summation-item" xlink:from="loc_12" xlink:to="loc_14" xlink:type="arc"/>
		<link:loc xlink:href="../../full_ifrs-cor_2025-03-27.xsd#ifrs-full_AccruedIncomeOtherThanContractAssets" xlink:label="loc_16" xlink:type="locator"/>
		<link:calculationArc order="20.0" weight="1.0" xlink:arcrole="https://xbrl.org/2023/arcrole/summation-item" xlink:from="loc_14" xlink:to="loc_16" xlink:type="arc"/>
		<link:loc xlink:href="../../full_ifrs-cor_2025-03-27.xsd#ifrs-full_BondsIssued" xlink:label="loc_19" xlink:type="locator"/>
		<link:calculationArc order="20.0" weight="1.0" xlink:arcrole="https://xbrl.org/2023/arcrole/summation-item" xlink:from="loc_17" xlink:to="loc_19" xlink:type="arc"/>
		<link:loc xlink:href="../../full_ifrs-cor_2025-03-27.xsd#ifrs-full_CurrentBondsIssuedAndCurrentPortionOfNoncurrentBondsIssued" xlink:label="loc_25" xlink:type="locator"/>
		<link:calculationArc order="20.0" weight="1.0" xlink:arcrole="https://xbrl.org/2023/arcrole/summation-item" xlink:from="loc_23" xlink:to="loc_25" xlink:type="arc"/>
		<link:loc xlink:href="../../full_ifrs-cor_2025-03-27.xsd#ifrs-full_CurrentPrepaidExpenses" xlink:label="loc_32" xlink:type="locator"/>
		<link:calculationArc order="20.0" weight="1.0" xlink:arcrole="https://xbrl.org/2023/arcrole/summation-item" xlink:from="loc_30" xlink:to="loc_32" xlink:type="arc"/>
		<link:calculationArc order="20.0" weight="1.0" xlink:arcrole="https://xbrl.org/2023/arcrole/summation-item" xlink:from="loc_29" xlink:to="loc_33" xlink:type="arc"/>
		<link:loc xlink:href="../../full_ifrs-cor_2025-03-27.xsd#ifrs-full_CurrentAccruedIncomeOtherThanCurrentContractAssets" xlink:label="loc_35" xlink:type="locator"/>
		<link:calculationArc order="20.0" weight="1.0" xlink:arcrole="https://xbrl.org/2023/arcrole/summation-item" xlink:from="loc_33" xlink:to="loc_35" xlink:type="arc"/>
		<link:loc xlink:href="../../full_ifrs-cor_2025-03-27.xsd#ifrs-full_WorkInProgress" xlink:label="loc_38" xlink:type="locator"/>
		<link:calculationArc order="20.0" weight="1.0" xlink:arcrole="https://xbrl.org/2023/arcrole/summation-item" xlink:from="loc_36" xlink:to="loc_38" xlink:type="arc"/>
		<link:loc xlink:href="../../full_ifrs-cor_2025-03-27.xsd#ifrs-full_NoncurrentPortionOfNoncurrentNotesAndDebenturesIssued" xlink:label="loc_4" xlink:type="locator"/>
		<link:calculationArc order="30.0" weight="1.0" xlink:arcrole="https://xbrl.org/2023/arcrole/summation-item" xlink:from="loc_1" xlink:to="loc_4" xlink:type="arc"/>
		<link:loc xlink:href="../../full_ifrs-cor_2025-03-27.xsd#ifrs-full_NotesAndDebenturesIssued" xlink:label="loc_20" xlink:type="locator"/>
		<link:calculationArc order="30.0" weight="1.0" xlink:arcrole="https://xbrl.org/2023/arcrole/summation-item" xlink:from="loc_17" xlink:to="loc_20" xlink:type="arc"/>
		<link:loc xlink:href="../../full_ifrs-cor_2025-03-27.xsd#ifrs-full_CurrentNotesAndDebenturesIssuedAndCurrentPortionOfNoncurrentNotesAndDebenturesIssued" xlink:label="loc_26" xlink:type="locator"/>
		<link:calculationArc order="30.0" weight="1.0" xlink:arcrole="https://xbrl.org/2023/arcrole/summation-item" xlink:from="loc_23" xlink:to="loc_26" xlink:type="arc"/>
		<link:loc xlink:href="../../full_ifrs-cor_2025-03-27.xsd#ifrs-full_CurrentMaterialsAndSuppliesToBeConsumedInProductionProcessOrRenderingServices" xlink:label="loc_39" xlink:type="locator"/>
		<link:calculationArc order="30.0" weight="1.0" xlink:arcrole="https://xbrl.org/2023/arcrole/summation-item" xlink:from="loc_36" xlink:to="loc_39" xlink:type="arc"/>
		<link:loc xlink:href="../../full_ifrs-cor_2025-03-27.xsd#ifrs-full_NoncurrentPortionOfNoncurrentCommercialPapersIssued" xlink:label="loc_5" xlink:type="locator"/>
		<link:calculationArc order="40.0" weight="1.0" xlink:arcrole="https://xbrl.org/2023/arcrole/summation-item" xlink:from="loc_1" xlink:to="loc_5" xlink:type="arc"/>
		<link:loc xlink:href="../../full_ifrs-cor_2025-03-27.xsd#ifrs-full_CommercialPapersIssued" xlink:label="loc_21" xlink:type="locator"/>
		<link:calculationArc order="40.0" weight="1.0" xlink:arcrole="https://xbrl.org/2023/arcrole/summation-item" xlink:from="loc_17" xlink:to="loc_21" xlink:type="arc"/>
		<link:loc xlink:href="../../full_ifrs-cor_2025-03-27.xsd#ifrs-full_CurrentCommercialPapersIssuedAndCurrentPortionOfNoncurrentCommercialPapersIssued" xlink:label="loc_27" xlink:type="locator"/>
		<link:calculationArc order="40.0" weight="1.0" xlink:arcrole="https://xbrl.org/2023/arcrole/summation-item" xlink:from="loc_23" xlink:to="loc_27" xlink:type="arc"/>
		<link:loc xlink:href="../../full_ifrs-cor_2025-03-27.xsd#ifrs-full_NoncurrentPortionOfOtherNoncurrentBorrowings" xlink:label="loc_6" xlink:type="locator"/>
		<link:calculationArc order="50.0" weight="1.0" xlink:arcrole="https://xbrl.org/2023/arcrole/summation-item" xlink:from="loc_1" xlink:to="loc_6" xlink:type="arc"/>
		<link:loc xlink:href="../../full_ifrs-cor_2025-03-27.xsd#ifrs-full_OtherBorrowings" xlink:label="loc_22" xlink:type="locator"/>
		<link:calculationArc order="50.0" weight="1.0" xlink:arcrole="https://xbrl.org/2023/arcrole/summation-item" xlink:from="loc_17" xlink:to="loc_22" xlink:type="arc"/>
		<link:loc xlink:href="../../full_ifrs-cor_2025-03-27.xsd#ifrs-full_OtherCurrentBorrowingsAndCurrentPortionOfOtherNoncurrentBorrowings" xlink:label="loc_28" xlink:type="locator"/>
		<link:calculationArc order="50.0" weight="1.0" xlink:arcrole="https://xbrl.org/2023/arcrole/summation-item" xlink:from="loc_23" xlink:to="loc_28" xlink:type="arc"/>
	</link:calculationLink>
</link:linkbase>
