<?xml version="1.0" encoding="UTF-8"?>
<!-- IFRS Accounting Taxonomy 2025.**********************         Copyright (c) 2025 IFRS Foundation        All rights reserved. Reproduction and use rights are strictly limited.For more information on the IFRS Foundation's copyright and the terms and conditions of use for these files, please refer to https://www.ifrs.org/legal/terms-and-conditions/. The IFRS Foundation has trade marks registered around the world (Marks) including 'IAS', 'IASB', the IASB logo, 'IFRIC', 'IFRS', the IFRS logo, 'IFRS for SMEs', the IFRS for SMEs logo, the 'Hexagon Device', 'International Accounting Standards', 'International Financial Reporting Standards', 'NIIF' and 'SIC'. Further details of the IFRS Foundation's Marks are available from the IFRS Foundation on request.        ********************** -->
<link:linkbase xmlns:gen="http://xbrl.org/2008/generic" xmlns:label="http://xbrl.org/2008/label" xmlns:link="http://www.xbrl.org/2003/linkbase" xmlns:xbrldt="http://xbrl.org/2005/xbrldt" xmlns:xlink="http://www.w3.org/1999/xlink" xmlns:xsi="http://www.w3.org/2001/XMLSchema-instance" xsi:schemaLocation="http://www.xbrl.org/2003/linkbase http://www.xbrl.org/2003/xbrl-linkbase-2003-12-31.xsd http://www.w3.org/1999/xlink http://www.xbrl.org/2003/xlink-2003-12-31.xsd http://xbrl.org/2008/generic http://www.xbrl.org/2008/generic-link.xsd http://xbrl.org/2008/label http://www.xbrl.org/2008/generic-label.xsd">
	<link:roleRef roleURI="http://www.xbrl.org/2008/role/link" xlink:href="http://www.xbrl.org/2008/generic-link.xsd#standard-link-role" xlink:type="simple"/>
	<link:roleRef roleURI="http://www.xbrl.org/2008/role/label" xlink:href="http://www.xbrl.org/2008/generic-label.xsd#standard-label" xlink:type="simple"/>
	<link:arcroleRef arcroleURI="http://xbrl.org/arcrole/2008/element-label" xlink:href="http://www.xbrl.org/2008/generic-label.xsd#element-label" xlink:type="simple"/>
	<gen:link xlink:role="http://www.xbrl.org/2008/role/link" xlink:type="extended">
		<label:label xlink:label="res_1" xlink:role="http://www.xbrl.org/2008/role/label" xlink:type="resource" xml:lang="en">[811000] Notes - Accounting policies, changes in accounting estimates and errors</label:label>
		<link:loc xlink:href="rol_ias_8_2025-03-27.xsd#ias_8_2025-03-27_role-811000" xlink:label="loc_1" xlink:type="locator"/>
		<gen:arc xlink:arcrole="http://xbrl.org/arcrole/2008/element-label" xlink:from="loc_1" xlink:to="res_1" xlink:type="arc"/>
		<label:label xlink:label="res_2" xlink:role="http://www.xbrl.org/2008/role/label" xlink:type="resource" xml:lang="en">[811000a] Notes - Accounting policies, changes in accounting estimates and errors - Disclosure of initial application of standards or interpretations</label:label>
		<link:loc xlink:href="rol_ias_8_2025-03-27.xsd#ias_8_2025-03-27_role-811000a" xlink:label="loc_2" xlink:type="locator"/>
		<gen:arc xlink:arcrole="http://xbrl.org/arcrole/2008/element-label" xlink:from="loc_2" xlink:to="res_2" xlink:type="arc"/>
		<label:label xlink:label="res_3" xlink:role="http://www.xbrl.org/2008/role/label" xlink:type="resource" xml:lang="en">[811000b] Notes - Accounting policies, changes in accounting estimates and errors - Disclosure of voluntary change in accounting policy</label:label>
		<link:loc xlink:href="rol_ias_8_2025-03-27.xsd#ias_8_2025-03-27_role-811000b" xlink:label="loc_3" xlink:type="locator"/>
		<gen:arc xlink:arcrole="http://xbrl.org/arcrole/2008/element-label" xlink:from="loc_3" xlink:to="res_3" xlink:type="arc"/>
		<label:label xlink:label="res_4" xlink:role="http://www.xbrl.org/2008/role/label" xlink:type="resource" xml:lang="en">[811000c] Notes - Accounting policies, changes in accounting estimates and errors - Disclosure of changes in accounting estimates</label:label>
		<link:loc xlink:href="rol_ias_8_2025-03-27.xsd#ias_8_2025-03-27_role-811000c" xlink:label="loc_4" xlink:type="locator"/>
		<gen:arc xlink:arcrole="http://xbrl.org/arcrole/2008/element-label" xlink:from="loc_4" xlink:to="res_4" xlink:type="arc"/>		
	</gen:link>
</link:linkbase>
