<?xml version="1.0" encoding="UTF-8"?>
<!-- IFRS Accounting Taxonomy 2025.**********************         Copyright (c) 2025 IFRS Foundation        All rights reserved. Reproduction and use rights are strictly limited.For more information on the IFRS Foundation's copyright and the terms and conditions of use for these files, please refer to https://www.ifrs.org/legal/terms-and-conditions/. The IFRS Foundation has trade marks registered around the world (Marks) including 'IAS', 'IASB', the IASB logo, 'IFRIC', 'IFRS', the IFRS logo, 'IFRS for SMEs', the IFRS for SMEs logo, the 'Hexagon Device', 'International Accounting Standards', 'International Financial Reporting Standards', 'NIIF' and 'SIC'. Further details of the IFRS Foundation's Marks are available from the IFRS Foundation on request.        ********************** -->
<link:linkbase xmlns:link="http://www.xbrl.org/2003/linkbase" xmlns:xbrldt="http://xbrl.org/2005/xbrldt" xmlns:xlink="http://www.w3.org/1999/xlink" xmlns:xsi="http://www.w3.org/2001/XMLSchema-instance" xsi:schemaLocation="http://www.xbrl.org/2003/linkbase http://www.xbrl.org/2003/xbrl-linkbase-2003-12-31.xsd http://www.w3.org/1999/xlink http://www.xbrl.org/2003/xlink-2003-12-31.xsd">
	<link:roleRef roleURI="https://xbrl.ifrs.org/role/ifrs-ea/ifrs-dim_2025-03-27_role-990000" xlink:href="rol_ifrs_ea-dim_2025-03-27.xsd#ifrs-dim_2025-03-27_role-990000" xlink:type="simple"/>
	<link:arcroleRef arcroleURI="http://xbrl.org/int/dim/arcrole/dimension-default" xlink:href="http://www.xbrl.org/2005/xbrldt-2005.xsd#dimension-default" xlink:type="simple"/>
	<link:definitionLink xlink:role="https://xbrl.ifrs.org/role/ifrs-ea/ifrs-dim_2025-03-27_role-990000" xlink:type="extended">
		<link:loc xlink:href="../full_ifrs-cor_2025-03-27.xsd#ifrs-full_AccountingEstimatesDomain" xlink:label="loc_2" xlink:type="locator"/>
		<link:loc xlink:href="../full_ifrs-cor_2025-03-27.xsd#ifrs-full_AccountingEstimatesAxis" xlink:label="loc_1" xlink:type="locator"/>
		<link:definitionArc order="10.0" xlink:arcrole="http://xbrl.org/int/dim/arcrole/dimension-default" xlink:from="loc_1" xlink:to="loc_2" xlink:type="arc"/>
		<link:loc xlink:href="../full_ifrs-cor_2025-03-27.xsd#ifrs-full_ActuarialAssumptionsDomain" xlink:label="loc_4" xlink:type="locator"/>
		<link:loc xlink:href="../full_ifrs-cor_2025-03-27.xsd#ifrs-full_ActuarialAssumptionsAxis" xlink:label="loc_3" xlink:type="locator"/>
		<link:definitionArc order="10.0" xlink:arcrole="http://xbrl.org/int/dim/arcrole/dimension-default" xlink:from="loc_3" xlink:to="loc_4" xlink:type="arc"/>
		<link:loc xlink:href="../full_ifrs-cor_2025-03-27.xsd#ifrs-full_AgriculturalProduceByGroupDomain" xlink:label="loc_6" xlink:type="locator"/>
		<link:loc xlink:href="../full_ifrs-cor_2025-03-27.xsd#ifrs-full_AgriculturalProduceByGroupAxis" xlink:label="loc_5" xlink:type="locator"/>
		<link:definitionArc order="10.0" xlink:arcrole="http://xbrl.org/int/dim/arcrole/dimension-default" xlink:from="loc_5" xlink:to="loc_6" xlink:type="arc"/>
		<link:loc xlink:href="../full_ifrs-cor_2025-03-27.xsd#ifrs-full_AssetsAndLiabilitiesDomain" xlink:label="loc_8" xlink:type="locator"/>
		<link:loc xlink:href="../full_ifrs-cor_2025-03-27.xsd#ifrs-full_AssetsAndLiabilitiesAxis" xlink:label="loc_7" xlink:type="locator"/>
		<link:definitionArc order="10.0" xlink:arcrole="http://xbrl.org/int/dim/arcrole/dimension-default" xlink:from="loc_7" xlink:to="loc_8" xlink:type="arc"/>
		<link:loc xlink:href="../full_ifrs-cor_2025-03-27.xsd#ifrs-full_AssetsAndLiabilitiesNotClassifiedAsHeldForSaleMember" xlink:label="loc_10" xlink:type="locator"/>
		<link:loc xlink:href="../full_ifrs-cor_2025-03-27.xsd#ifrs-full_AssetsAndLiabilitiesClassifiedAsHeldForSaleAxis" xlink:label="loc_9" xlink:type="locator"/>
		<link:definitionArc order="10.0" xlink:arcrole="http://xbrl.org/int/dim/arcrole/dimension-default" xlink:from="loc_9" xlink:to="loc_10" xlink:type="arc"/>
		<link:loc xlink:href="../full_ifrs-cor_2025-03-27.xsd#ifrs-full_BiologicalAssetsDomain" xlink:label="loc_12" xlink:type="locator"/>
		<link:loc xlink:href="../full_ifrs-cor_2025-03-27.xsd#ifrs-full_BiologicalAssetsAxis" xlink:label="loc_11" xlink:type="locator"/>
		<link:definitionArc order="10.0" xlink:arcrole="http://xbrl.org/int/dim/arcrole/dimension-default" xlink:from="loc_11" xlink:to="loc_12" xlink:type="arc"/>
		<link:loc xlink:href="../full_ifrs-cor_2025-03-27.xsd#ifrs-full_BiologicalAssetsByAgeDomain" xlink:label="loc_14" xlink:type="locator"/>
		<link:loc xlink:href="../full_ifrs-cor_2025-03-27.xsd#ifrs-full_BiologicalAssetsByAgeAxis" xlink:label="loc_13" xlink:type="locator"/>
		<link:definitionArc order="10.0" xlink:arcrole="http://xbrl.org/int/dim/arcrole/dimension-default" xlink:from="loc_13" xlink:to="loc_14" xlink:type="arc"/>
		<link:loc xlink:href="../full_ifrs-cor_2025-03-27.xsd#ifrs-full_BiologicalAssetsByGroupDomain" xlink:label="loc_16" xlink:type="locator"/>
		<link:loc xlink:href="../full_ifrs-cor_2025-03-27.xsd#ifrs-full_BiologicalAssetsByGroupAxis" xlink:label="loc_15" xlink:type="locator"/>
		<link:definitionArc order="10.0" xlink:arcrole="http://xbrl.org/int/dim/arcrole/dimension-default" xlink:from="loc_15" xlink:to="loc_16" xlink:type="arc"/>
		<link:loc xlink:href="../full_ifrs-cor_2025-03-27.xsd#ifrs-full_BiologicalAssetsByTypeDomain" xlink:label="loc_18" xlink:type="locator"/>
		<link:loc xlink:href="../full_ifrs-cor_2025-03-27.xsd#ifrs-full_BiologicalAssetsByTypeAxis" xlink:label="loc_17" xlink:type="locator"/>
		<link:definitionArc order="10.0" xlink:arcrole="http://xbrl.org/int/dim/arcrole/dimension-default" xlink:from="loc_17" xlink:to="loc_18" xlink:type="arc"/>
		<link:loc xlink:href="../full_ifrs-cor_2025-03-27.xsd#ifrs-full_BorrowingsByNameDomain" xlink:label="loc_20" xlink:type="locator"/>
		<link:loc xlink:href="../full_ifrs-cor_2025-03-27.xsd#ifrs-full_BorrowingsByNameAxis" xlink:label="loc_19" xlink:type="locator"/>
		<link:definitionArc order="10.0" xlink:arcrole="http://xbrl.org/int/dim/arcrole/dimension-default" xlink:from="loc_19" xlink:to="loc_20" xlink:type="arc"/>
		<link:loc xlink:href="../full_ifrs-cor_2025-03-27.xsd#ifrs-full_BusinessCombinationsDomain" xlink:label="loc_22" xlink:type="locator"/>
		<link:loc xlink:href="../full_ifrs-cor_2025-03-27.xsd#ifrs-full_BusinessCombinationsAxis" xlink:label="loc_21" xlink:type="locator"/>
		<link:definitionArc order="10.0" xlink:arcrole="http://xbrl.org/int/dim/arcrole/dimension-default" xlink:from="loc_21" xlink:to="loc_22" xlink:type="arc"/>
		<link:loc xlink:href="../full_ifrs-cor_2025-03-27.xsd#ifrs-full_CapitalRequirementsDomain" xlink:label="loc_24" xlink:type="locator"/>
		<link:loc xlink:href="../full_ifrs-cor_2025-03-27.xsd#ifrs-full_CapitalRequirementsAxis" xlink:label="loc_23" xlink:type="locator"/>
		<link:definitionArc order="10.0" xlink:arcrole="http://xbrl.org/int/dim/arcrole/dimension-default" xlink:from="loc_23" xlink:to="loc_24" xlink:type="arc"/>
		<link:loc xlink:href="../full_ifrs-cor_2025-03-27.xsd#ifrs-full_CarryingAmountMember" xlink:label="loc_26" xlink:type="locator"/>
		<link:loc xlink:href="../full_ifrs-cor_2025-03-27.xsd#ifrs-full_CarryingAmountAccumulatedDepreciationAmortisationAndImpairmentAndGrossCarryingAmountAxis" xlink:label="loc_25" xlink:type="locator"/>
		<link:definitionArc order="10.0" xlink:arcrole="http://xbrl.org/int/dim/arcrole/dimension-default" xlink:from="loc_25" xlink:to="loc_26" xlink:type="arc"/>
		<link:loc xlink:href="../full_ifrs-cor_2025-03-27.xsd#ifrs-full_CategoriesOfAssetsRecognisedFromCostsToObtainOrFulfilContractsWithCustomersDomain" xlink:label="loc_28" xlink:type="locator"/>
		<link:loc xlink:href="../full_ifrs-cor_2025-03-27.xsd#ifrs-full_CategoriesOfAssetsRecognisedFromCostsToObtainOrFulfilContractsWithCustomersAxis" xlink:label="loc_27" xlink:type="locator"/>
		<link:definitionArc order="10.0" xlink:arcrole="http://xbrl.org/int/dim/arcrole/dimension-default" xlink:from="loc_27" xlink:to="loc_28" xlink:type="arc"/>
		<link:loc xlink:href="../full_ifrs-cor_2025-03-27.xsd#ifrs-full_CategoriesOfFinancialAssetsDomain" xlink:label="loc_30" xlink:type="locator"/>
		<link:loc xlink:href="../full_ifrs-cor_2025-03-27.xsd#ifrs-full_CategoriesOfFinancialAssetsAxis" xlink:label="loc_29" xlink:type="locator"/>
		<link:definitionArc order="10.0" xlink:arcrole="http://xbrl.org/int/dim/arcrole/dimension-default" xlink:from="loc_29" xlink:to="loc_30" xlink:type="arc"/>
		<link:loc xlink:href="../full_ifrs-cor_2025-03-27.xsd#ifrs-full_CategoriesOfFinancialLiabilitiesDomain" xlink:label="loc_32" xlink:type="locator"/>
		<link:loc xlink:href="../full_ifrs-cor_2025-03-27.xsd#ifrs-full_CategoriesOfFinancialLiabilitiesAxis" xlink:label="loc_31" xlink:type="locator"/>
		<link:definitionArc order="10.0" xlink:arcrole="http://xbrl.org/int/dim/arcrole/dimension-default" xlink:from="loc_31" xlink:to="loc_32" xlink:type="arc"/>
		<link:loc xlink:href="../full_ifrs-cor_2025-03-27.xsd#ifrs-full_CategoriesOfRelatedPartiesDomain" xlink:label="loc_34" xlink:type="locator"/>
		<link:loc xlink:href="../full_ifrs-cor_2025-03-27.xsd#ifrs-full_CategoriesOfRelatedPartiesAxis" xlink:label="loc_33" xlink:type="locator"/>
		<link:definitionArc order="10.0" xlink:arcrole="http://xbrl.org/int/dim/arcrole/dimension-default" xlink:from="loc_33" xlink:to="loc_34" xlink:type="arc"/>
		<link:loc xlink:href="../full_ifrs-cor_2025-03-27.xsd#ifrs-full_CharacteristicsOfDefinedBenefitPlansDomain" xlink:label="loc_36" xlink:type="locator"/>
		<link:loc xlink:href="../full_ifrs-cor_2025-03-27.xsd#ifrs-full_CharacteristicsOfDefinedBenefitPlansAxis" xlink:label="loc_35" xlink:type="locator"/>
		<link:definitionArc order="10.0" xlink:arcrole="http://xbrl.org/int/dim/arcrole/dimension-default" xlink:from="loc_35" xlink:to="loc_36" xlink:type="arc"/>
		<link:loc xlink:href="../full_ifrs-cor_2025-03-27.xsd#ifrs-full_ClassesOfAcquiredReceivablesDomain" xlink:label="loc_38" xlink:type="locator"/>
		<link:loc xlink:href="../full_ifrs-cor_2025-03-27.xsd#ifrs-full_ClassesOfAcquiredReceivablesAxis" xlink:label="loc_37" xlink:type="locator"/>
		<link:definitionArc order="10.0" xlink:arcrole="http://xbrl.org/int/dim/arcrole/dimension-default" xlink:from="loc_37" xlink:to="loc_38" xlink:type="arc"/>
		<link:loc xlink:href="../full_ifrs-cor_2025-03-27.xsd#ifrs-full_ClassesOfAssetsDomain" xlink:label="loc_40" xlink:type="locator"/>
		<link:loc xlink:href="../full_ifrs-cor_2025-03-27.xsd#ifrs-full_ClassesOfAssetsAxis" xlink:label="loc_39" xlink:type="locator"/>
		<link:definitionArc order="10.0" xlink:arcrole="http://xbrl.org/int/dim/arcrole/dimension-default" xlink:from="loc_39" xlink:to="loc_40" xlink:type="arc"/>
		<link:loc xlink:href="../full_ifrs-cor_2025-03-27.xsd#ifrs-full_ClassesOfContingentLiabilitiesDomain" xlink:label="loc_42" xlink:type="locator"/>
		<link:loc xlink:href="../full_ifrs-cor_2025-03-27.xsd#ifrs-full_ClassesOfContingentLiabilitiesAxis" xlink:label="loc_41" xlink:type="locator"/>
		<link:definitionArc order="10.0" xlink:arcrole="http://xbrl.org/int/dim/arcrole/dimension-default" xlink:from="loc_41" xlink:to="loc_42" xlink:type="arc"/>
		<link:loc xlink:href="../full_ifrs-cor_2025-03-27.xsd#ifrs-full_ClassesOfEntitysOwnEquityInstrumentsDomain" xlink:label="loc_44" xlink:type="locator"/>
		<link:loc xlink:href="../full_ifrs-cor_2025-03-27.xsd#ifrs-full_ClassesOfEntitysOwnEquityInstrumentsAxis" xlink:label="loc_43" xlink:type="locator"/>
		<link:definitionArc order="10.0" xlink:arcrole="http://xbrl.org/int/dim/arcrole/dimension-default" xlink:from="loc_43" xlink:to="loc_44" xlink:type="arc"/>
		<link:loc xlink:href="../full_ifrs-cor_2025-03-27.xsd#ifrs-full_ClassesOfFinancialAssetsDomain" xlink:label="loc_46" xlink:type="locator"/>
		<link:loc xlink:href="../full_ifrs-cor_2025-03-27.xsd#ifrs-full_ClassesOfFinancialAssetsAxis" xlink:label="loc_45" xlink:type="locator"/>
		<link:definitionArc order="10.0" xlink:arcrole="http://xbrl.org/int/dim/arcrole/dimension-default" xlink:from="loc_45" xlink:to="loc_46" xlink:type="arc"/>
		<link:loc xlink:href="../full_ifrs-cor_2025-03-27.xsd#ifrs-full_ClassesOfFinancialInstrumentsDomain" xlink:label="loc_48" xlink:type="locator"/>
		<link:loc xlink:href="../full_ifrs-cor_2025-03-27.xsd#ifrs-full_ClassesOfFinancialInstrumentsAxis" xlink:label="loc_47" xlink:type="locator"/>
		<link:definitionArc order="10.0" xlink:arcrole="http://xbrl.org/int/dim/arcrole/dimension-default" xlink:from="loc_47" xlink:to="loc_48" xlink:type="arc"/>
		<link:loc xlink:href="../full_ifrs-cor_2025-03-27.xsd#ifrs-full_ClassesOfFinancialLiabilitiesDomain" xlink:label="loc_50" xlink:type="locator"/>
		<link:loc xlink:href="../full_ifrs-cor_2025-03-27.xsd#ifrs-full_ClassesOfFinancialLiabilitiesAxis" xlink:label="loc_49" xlink:type="locator"/>
		<link:definitionArc order="10.0" xlink:arcrole="http://xbrl.org/int/dim/arcrole/dimension-default" xlink:from="loc_49" xlink:to="loc_50" xlink:type="arc"/>
		<link:loc xlink:href="../full_ifrs-cor_2025-03-27.xsd#ifrs-full_ClassesOfIntangibleAssetsAndGoodwillDomain" xlink:label="loc_52" xlink:type="locator"/>
		<link:loc xlink:href="../full_ifrs-cor_2025-03-27.xsd#ifrs-full_ClassesOfIntangibleAssetsAndGoodwillAxis" xlink:label="loc_51" xlink:type="locator"/>
		<link:definitionArc order="10.0" xlink:arcrole="http://xbrl.org/int/dim/arcrole/dimension-default" xlink:from="loc_51" xlink:to="loc_52" xlink:type="arc"/>
		<link:loc xlink:href="../full_ifrs-cor_2025-03-27.xsd#ifrs-full_ClassesOfIntangibleAssetsOtherThanGoodwillDomain" xlink:label="loc_54" xlink:type="locator"/>
		<link:loc xlink:href="../full_ifrs-cor_2025-03-27.xsd#ifrs-full_ClassesOfIntangibleAssetsOtherThanGoodwillAxis" xlink:label="loc_53" xlink:type="locator"/>
		<link:definitionArc order="10.0" xlink:arcrole="http://xbrl.org/int/dim/arcrole/dimension-default" xlink:from="loc_53" xlink:to="loc_54" xlink:type="arc"/>
		<link:loc xlink:href="../full_ifrs-cor_2025-03-27.xsd#ifrs-full_ClassesOfLiabilitiesDomain" xlink:label="loc_56" xlink:type="locator"/>
		<link:loc xlink:href="../full_ifrs-cor_2025-03-27.xsd#ifrs-full_ClassesOfLiabilitiesAxis" xlink:label="loc_55" xlink:type="locator"/>
		<link:definitionArc order="10.0" xlink:arcrole="http://xbrl.org/int/dim/arcrole/dimension-default" xlink:from="loc_55" xlink:to="loc_56" xlink:type="arc"/>
		<link:loc xlink:href="../full_ifrs-cor_2025-03-27.xsd#ifrs-full_ClassesOfOrdinarySharesDomain" xlink:label="loc_58" xlink:type="locator"/>
		<link:loc xlink:href="../full_ifrs-cor_2025-03-27.xsd#ifrs-full_ClassesOfOrdinarySharesAxis" xlink:label="loc_57" xlink:type="locator"/>
		<link:definitionArc order="10.0" xlink:arcrole="http://xbrl.org/int/dim/arcrole/dimension-default" xlink:from="loc_57" xlink:to="loc_58" xlink:type="arc"/>
		<link:loc xlink:href="../full_ifrs-cor_2025-03-27.xsd#ifrs-full_ClassesOfPropertyPlantAndEquipmentDomain" xlink:label="loc_60" xlink:type="locator"/>
		<link:loc xlink:href="../full_ifrs-cor_2025-03-27.xsd#ifrs-full_ClassesOfPropertyPlantAndEquipmentAxis" xlink:label="loc_59" xlink:type="locator"/>
		<link:definitionArc order="10.0" xlink:arcrole="http://xbrl.org/int/dim/arcrole/dimension-default" xlink:from="loc_59" xlink:to="loc_60" xlink:type="arc"/>
		<link:loc xlink:href="../full_ifrs-cor_2025-03-27.xsd#ifrs-full_ClassesOfOtherProvisionsDomain" xlink:label="loc_62" xlink:type="locator"/>
		<link:loc xlink:href="../full_ifrs-cor_2025-03-27.xsd#ifrs-full_ClassesOfProvisionsAxis" xlink:label="loc_61" xlink:type="locator"/>
		<link:definitionArc order="10.0" xlink:arcrole="http://xbrl.org/int/dim/arcrole/dimension-default" xlink:from="loc_61" xlink:to="loc_62" xlink:type="arc"/>
		<link:loc xlink:href="../full_ifrs-cor_2025-03-27.xsd#ifrs-full_ClassesOfRegulatoryDeferralAccountBalancesDomain" xlink:label="loc_64" xlink:type="locator"/>
		<link:loc xlink:href="../full_ifrs-cor_2025-03-27.xsd#ifrs-full_ClassesOfRegulatoryDeferralAccountBalancesAxis" xlink:label="loc_63" xlink:type="locator"/>
		<link:definitionArc order="10.0" xlink:arcrole="http://xbrl.org/int/dim/arcrole/dimension-default" xlink:from="loc_63" xlink:to="loc_64" xlink:type="arc"/>
		<link:loc xlink:href="../full_ifrs-cor_2025-03-27.xsd#ifrs-full_ClassesOfShareCapitalDomain" xlink:label="loc_66" xlink:type="locator"/>
		<link:loc xlink:href="../full_ifrs-cor_2025-03-27.xsd#ifrs-full_ClassesOfShareCapitalAxis" xlink:label="loc_65" xlink:type="locator"/>
		<link:definitionArc order="10.0" xlink:arcrole="http://xbrl.org/int/dim/arcrole/dimension-default" xlink:from="loc_65" xlink:to="loc_66" xlink:type="arc"/>
		<link:loc xlink:href="../full_ifrs-cor_2025-03-27.xsd#ifrs-full_ComponentsOfEquityDomain" xlink:label="loc_68" xlink:type="locator"/>
		<link:loc xlink:href="../full_ifrs-cor_2025-03-27.xsd#ifrs-full_ComponentsOfEquityAxis" xlink:label="loc_67" xlink:type="locator"/>
		<link:definitionArc order="10.0" xlink:arcrole="http://xbrl.org/int/dim/arcrole/dimension-default" xlink:from="loc_67" xlink:to="loc_68" xlink:type="arc"/>
		<link:loc xlink:href="../full_ifrs-cor_2025-03-27.xsd#ifrs-full_ConcentrationsOfRiskDomain" xlink:label="loc_70" xlink:type="locator"/>
		<link:loc xlink:href="../full_ifrs-cor_2025-03-27.xsd#ifrs-full_ConcentrationsOfRiskAxis" xlink:label="loc_69" xlink:type="locator"/>
		<link:definitionArc order="10.0" xlink:arcrole="http://xbrl.org/int/dim/arcrole/dimension-default" xlink:from="loc_69" xlink:to="loc_70" xlink:type="arc"/>
		<link:loc xlink:href="../full_ifrs-cor_2025-03-27.xsd#ifrs-full_ConsolidatedMember" xlink:label="loc_72" xlink:type="locator"/>
		<link:loc xlink:href="../full_ifrs-cor_2025-03-27.xsd#ifrs-full_ConsolidatedAndSeparateFinancialStatementsAxis" xlink:label="loc_71" xlink:type="locator"/>
		<link:definitionArc order="10.0" xlink:arcrole="http://xbrl.org/int/dim/arcrole/dimension-default" xlink:from="loc_71" xlink:to="loc_72" xlink:type="arc"/>
		<link:loc xlink:href="../full_ifrs-cor_2025-03-27.xsd#ifrs-full_ConsolidatedStructuredEntitiesDomain" xlink:label="loc_74" xlink:type="locator"/>
		<link:loc xlink:href="../full_ifrs-cor_2025-03-27.xsd#ifrs-full_ConsolidatedStructuredEntitiesAxis" xlink:label="loc_73" xlink:type="locator"/>
		<link:definitionArc order="10.0" xlink:arcrole="http://xbrl.org/int/dim/arcrole/dimension-default" xlink:from="loc_73" xlink:to="loc_74" xlink:type="arc"/>
		<link:loc xlink:href="../full_ifrs-cor_2025-03-27.xsd#ifrs-full_ContinuingOperationsMember" xlink:label="loc_76" xlink:type="locator"/>
		<link:loc xlink:href="../full_ifrs-cor_2025-03-27.xsd#ifrs-full_ContinuingAndDiscontinuedOperationsAxis" xlink:label="loc_75" xlink:type="locator"/>
		<link:definitionArc order="10.0" xlink:arcrole="http://xbrl.org/int/dim/arcrole/dimension-default" xlink:from="loc_75" xlink:to="loc_76" xlink:type="arc"/>
		<link:loc xlink:href="../full_ifrs-cor_2025-03-27.xsd#ifrs-full_ContinuingInvolvementInDerecognisedFinancialAssetsByTypeOfInstrumentDomain" xlink:label="loc_78" xlink:type="locator"/>
		<link:loc xlink:href="../full_ifrs-cor_2025-03-27.xsd#ifrs-full_ContinuingInvolvementInDerecognisedFinancialAssetsByTypeOfInstrumentAxis" xlink:label="loc_77" xlink:type="locator"/>
		<link:definitionArc order="10.0" xlink:arcrole="http://xbrl.org/int/dim/arcrole/dimension-default" xlink:from="loc_77" xlink:to="loc_78" xlink:type="arc"/>
		<link:loc xlink:href="../full_ifrs-cor_2025-03-27.xsd#ifrs-full_ContinuingInvolvementInDerecognisedFinancialAssetsByTypeOfTransferDomain" xlink:label="loc_80" xlink:type="locator"/>
		<link:loc xlink:href="../full_ifrs-cor_2025-03-27.xsd#ifrs-full_ContinuingInvolvementInDerecognisedFinancialAssetsByTypeOfTransferAxis" xlink:label="loc_79" xlink:type="locator"/>
		<link:definitionArc order="10.0" xlink:arcrole="http://xbrl.org/int/dim/arcrole/dimension-default" xlink:from="loc_79" xlink:to="loc_80" xlink:type="arc"/>
		<link:loc xlink:href="../full_ifrs-cor_2025-03-27.xsd#ifrs-full_ContractDurationDomain" xlink:label="loc_82" xlink:type="locator"/>
		<link:loc xlink:href="../full_ifrs-cor_2025-03-27.xsd#ifrs-full_ContractDurationAxis" xlink:label="loc_81" xlink:type="locator"/>
		<link:definitionArc order="10.0" xlink:arcrole="http://xbrl.org/int/dim/arcrole/dimension-default" xlink:from="loc_81" xlink:to="loc_82" xlink:type="arc"/>
		<link:loc xlink:href="../full_ifrs-cor_2025-03-27.xsd#ifrs-full_CounterpartiesDomain" xlink:label="loc_84" xlink:type="locator"/>
		<link:loc xlink:href="../full_ifrs-cor_2025-03-27.xsd#ifrs-full_CounterpartiesAxis" xlink:label="loc_83" xlink:type="locator"/>
		<link:definitionArc order="10.0" xlink:arcrole="http://xbrl.org/int/dim/arcrole/dimension-default" xlink:from="loc_83" xlink:to="loc_84" xlink:type="arc"/>
		<link:loc xlink:href="../full_ifrs-cor_2025-03-27.xsd#ifrs-full_DefaultFinancialStatementsDateMember" xlink:label="loc_86" xlink:type="locator"/>
		<link:loc xlink:href="../full_ifrs-cor_2025-03-27.xsd#ifrs-full_CreationDateAxis" xlink:label="loc_85" xlink:type="locator"/>
		<link:definitionArc order="10.0" xlink:arcrole="http://xbrl.org/int/dim/arcrole/dimension-default" xlink:from="loc_85" xlink:to="loc_86" xlink:type="arc"/>
		<link:loc xlink:href="../full_ifrs-cor_2025-03-27.xsd#ifrs-full_CreditImpairmentOfFinancialInstrumentsDomain" xlink:label="loc_88" xlink:type="locator"/>
		<link:loc xlink:href="../full_ifrs-cor_2025-03-27.xsd#ifrs-full_CreditImpairmentOfFinancialInstrumentsAxis" xlink:label="loc_87" xlink:type="locator"/>
		<link:definitionArc order="10.0" xlink:arcrole="http://xbrl.org/int/dim/arcrole/dimension-default" xlink:from="loc_87" xlink:to="loc_88" xlink:type="arc"/>
		<link:loc xlink:href="../full_ifrs-cor_2025-03-27.xsd#ifrs-full_OpeningBalanceBeforeAdjustmentCumulativeEffectAtDateOfInitialApplicationMember" xlink:label="loc_90" xlink:type="locator"/>
		<link:loc xlink:href="../full_ifrs-cor_2025-03-27.xsd#ifrs-full_CumulativeEffectAtDateOfInitialApplicationAxis" xlink:label="loc_89" xlink:type="locator"/>
		<link:definitionArc order="10.0" xlink:arcrole="http://xbrl.org/int/dim/arcrole/dimension-default" xlink:from="loc_89" xlink:to="loc_90" xlink:type="arc"/>
		<link:loc xlink:href="../full_ifrs-cor_2025-03-27.xsd#ifrs-full_FunctionalOrPresentationCurrencyMember" xlink:label="loc_92" xlink:type="locator"/>
		<link:loc xlink:href="../full_ifrs-cor_2025-03-27.xsd#ifrs-full_CurrencyInWhichInformationIsDisplayedAxis" xlink:label="loc_91" xlink:type="locator"/>
		<link:definitionArc order="10.0" xlink:arcrole="http://xbrl.org/int/dim/arcrole/dimension-default" xlink:from="loc_91" xlink:to="loc_92" xlink:type="arc"/>
		<link:loc xlink:href="../full_ifrs-cor_2025-03-27.xsd#ifrs-full_DefinedBenefitPlansDomain" xlink:label="loc_94" xlink:type="locator"/>
		<link:loc xlink:href="../full_ifrs-cor_2025-03-27.xsd#ifrs-full_DefinedBenefitPlansAxis" xlink:label="loc_93" xlink:type="locator"/>
		<link:definitionArc order="10.0" xlink:arcrole="http://xbrl.org/int/dim/arcrole/dimension-default" xlink:from="loc_93" xlink:to="loc_94" xlink:type="arc"/>
		<link:loc xlink:href="../full_ifrs-cor_2025-03-27.xsd#ifrs-full_RestatedMember" xlink:label="loc_96" xlink:type="locator"/>
		<link:loc xlink:href="../full_ifrs-cor_2025-03-27.xsd#ifrs-full_DepartureFromRequirementOfIFRSAxis" xlink:label="loc_95" xlink:type="locator"/>
		<link:definitionArc order="10.0" xlink:arcrole="http://xbrl.org/int/dim/arcrole/dimension-default" xlink:from="loc_95" xlink:to="loc_96" xlink:type="arc"/>
		<link:loc xlink:href="../full_ifrs-cor_2025-03-27.xsd#ifrs-full_DisaggregationOfInsuranceContractsDomain" xlink:label="loc_98" xlink:type="locator"/>
		<link:loc xlink:href="../full_ifrs-cor_2025-03-27.xsd#ifrs-full_DisaggregationOfInsuranceContractsAxis" xlink:label="loc_97" xlink:type="locator"/>
		<link:definitionArc order="10.0" xlink:arcrole="http://xbrl.org/int/dim/arcrole/dimension-default" xlink:from="loc_97" xlink:to="loc_98" xlink:type="arc"/>
		<link:loc xlink:href="../full_ifrs-cor_2025-03-27.xsd#ifrs-full_EffectOfAdjustmentsMadeWhenEntityChangedBasisOfDisaggregationOfInsuranceFinanceIncomeExpensesBetweenProfitOrLossAndOtherComprehensiveIncomeForContractsWithDirectParticipationFeaturesAxis" xlink:label="loc_99" xlink:type="locator"/>
		<link:definitionArc order="10.0" xlink:arcrole="http://xbrl.org/int/dim/arcrole/dimension-default" xlink:from="loc_99" xlink:to="loc_96" xlink:type="arc"/>
		<link:loc xlink:href="../full_ifrs-cor_2025-03-27.xsd#ifrs-full_EventsOfReclassificationOfFinancialAssetsDomain" xlink:label="loc_101" xlink:type="locator"/>
		<link:loc xlink:href="../full_ifrs-cor_2025-03-27.xsd#ifrs-full_EventsOfReclassificationOfFinancialAssetsAxis" xlink:label="loc_100" xlink:type="locator"/>
		<link:definitionArc order="10.0" xlink:arcrole="http://xbrl.org/int/dim/arcrole/dimension-default" xlink:from="loc_100" xlink:to="loc_101" xlink:type="arc"/>
		<link:loc xlink:href="../full_ifrs-cor_2025-03-27.xsd#ifrs-full_ExternalCreditGradesDomain" xlink:label="loc_103" xlink:type="locator"/>
		<link:loc xlink:href="../full_ifrs-cor_2025-03-27.xsd#ifrs-full_ExternalCreditGradesAxis" xlink:label="loc_102" xlink:type="locator"/>
		<link:definitionArc order="10.0" xlink:arcrole="http://xbrl.org/int/dim/arcrole/dimension-default" xlink:from="loc_102" xlink:to="loc_103" xlink:type="arc"/>
		<link:loc xlink:href="../full_ifrs-cor_2025-03-27.xsd#ifrs-full_AggregateOfFairValuesMember" xlink:label="loc_105" xlink:type="locator"/>
		<link:loc xlink:href="../full_ifrs-cor_2025-03-27.xsd#ifrs-full_FairValueAsDeemedCostAxis" xlink:label="loc_104" xlink:type="locator"/>
		<link:definitionArc order="10.0" xlink:arcrole="http://xbrl.org/int/dim/arcrole/dimension-default" xlink:from="loc_104" xlink:to="loc_105" xlink:type="arc"/>
		<link:loc xlink:href="../full_ifrs-cor_2025-03-27.xsd#ifrs-full_FinancialAssetsWhichDoNotQualifyForDerecognitionDomain" xlink:label="loc_107" xlink:type="locator"/>
		<link:loc xlink:href="../full_ifrs-cor_2025-03-27.xsd#ifrs-full_FinancialAssetsWhichDoNotQualifyForDerecognitionAxis" xlink:label="loc_106" xlink:type="locator"/>
		<link:definitionArc order="10.0" xlink:arcrole="http://xbrl.org/int/dim/arcrole/dimension-default" xlink:from="loc_106" xlink:to="loc_107" xlink:type="arc"/>
		<link:loc xlink:href="../full_ifrs-cor_2025-03-27.xsd#ifrs-full_IFRSsMember" xlink:label="loc_109" xlink:type="locator"/>
		<link:loc xlink:href="../full_ifrs-cor_2025-03-27.xsd#ifrs-full_FinancialEffectOfTransitionFromPreviousGAAPToIFRSsAxis" xlink:label="loc_108" xlink:type="locator"/>
		<link:definitionArc order="10.0" xlink:arcrole="http://xbrl.org/int/dim/arcrole/dimension-default" xlink:from="loc_108" xlink:to="loc_109" xlink:type="arc"/>
		<link:loc xlink:href="../full_ifrs-cor_2025-03-27.xsd#ifrs-full_FinancialInstrumentsMeasuredAtFairValueThroughProfitOrLossBecauseCreditDerivativeIsUsedToManageCreditRiskDomain" xlink:label="loc_111" xlink:type="locator"/>
		<link:loc xlink:href="../full_ifrs-cor_2025-03-27.xsd#ifrs-full_FinancialInstrumentsMeasuredAtFairValueThroughProfitOrLossBecauseCreditDerivativeIsUsedToManageCreditRiskAxis" xlink:label="loc_110" xlink:type="locator"/>
		<link:definitionArc order="10.0" xlink:arcrole="http://xbrl.org/int/dim/arcrole/dimension-default" xlink:from="loc_110" xlink:to="loc_111" xlink:type="arc"/>
		<link:loc xlink:href="../full_ifrs-cor_2025-03-27.xsd#ifrs-full_ForeignOperationsWhoseFunctionalCurrencyIsNotExchangeableIntoPresentationCurrencyDomain" xlink:label="loc_113" xlink:type="locator"/>
		<link:loc xlink:href="../full_ifrs-cor_2025-03-27.xsd#ifrs-full_ForeignOperationsWhoseFunctionalCurrencyIsNotExchangeableIntoPresentationCurrencyAxis" xlink:label="loc_112" xlink:type="locator"/>
		<link:definitionArc order="10.0" xlink:arcrole="http://xbrl.org/int/dim/arcrole/dimension-default" xlink:from="loc_112" xlink:to="loc_113" xlink:type="arc"/>
		<link:loc xlink:href="../full_ifrs-cor_2025-03-27.xsd#ifrs-full_FundingArrangementsOfDefinedBenefitPlansDomain" xlink:label="loc_115" xlink:type="locator"/>
		<link:loc xlink:href="../full_ifrs-cor_2025-03-27.xsd#ifrs-full_FundingArrangementsOfDefinedBenefitPlansAxis" xlink:label="loc_114" xlink:type="locator"/>
		<link:definitionArc order="10.0" xlink:arcrole="http://xbrl.org/int/dim/arcrole/dimension-default" xlink:from="loc_114" xlink:to="loc_115" xlink:type="arc"/>
		<link:loc xlink:href="../full_ifrs-cor_2025-03-27.xsd#ifrs-full_GeographicalAreasDomain" xlink:label="loc_117" xlink:type="locator"/>
		<link:loc xlink:href="../full_ifrs-cor_2025-03-27.xsd#ifrs-full_GeographicalAreasAxis" xlink:label="loc_116" xlink:type="locator"/>
		<link:definitionArc order="10.0" xlink:arcrole="http://xbrl.org/int/dim/arcrole/dimension-default" xlink:from="loc_116" xlink:to="loc_117" xlink:type="arc"/>
		<link:loc xlink:href="../full_ifrs-cor_2025-03-27.xsd#ifrs-full_HedgedItemsDomain" xlink:label="loc_119" xlink:type="locator"/>
		<link:loc xlink:href="../full_ifrs-cor_2025-03-27.xsd#ifrs-full_HedgedItemsAxis" xlink:label="loc_118" xlink:type="locator"/>
		<link:definitionArc order="10.0" xlink:arcrole="http://xbrl.org/int/dim/arcrole/dimension-default" xlink:from="loc_118" xlink:to="loc_119" xlink:type="arc"/>
		<link:loc xlink:href="../full_ifrs-cor_2025-03-27.xsd#ifrs-full_HedgingInstrumentsDomain" xlink:label="loc_121" xlink:type="locator"/>
		<link:loc xlink:href="../full_ifrs-cor_2025-03-27.xsd#ifrs-full_HedgingInstrumentsAxis" xlink:label="loc_120" xlink:type="locator"/>
		<link:definitionArc order="10.0" xlink:arcrole="http://xbrl.org/int/dim/arcrole/dimension-default" xlink:from="loc_120" xlink:to="loc_121" xlink:type="arc"/>
		<link:loc xlink:href="../full_ifrs-cor_2025-03-27.xsd#ifrs-full_ImpairmentOfFinancialAssetsDomain" xlink:label="loc_123" xlink:type="locator"/>
		<link:loc xlink:href="../full_ifrs-cor_2025-03-27.xsd#ifrs-full_ImpairmentOfFinancialAssetsAxis" xlink:label="loc_122" xlink:type="locator"/>
		<link:definitionArc order="10.0" xlink:arcrole="http://xbrl.org/int/dim/arcrole/dimension-default" xlink:from="loc_122" xlink:to="loc_123" xlink:type="arc"/>
		<link:loc xlink:href="../full_ifrs-cor_2025-03-27.xsd#ifrs-full_IndividualAssetsOrCashgeneratingUnitsDomain" xlink:label="loc_125" xlink:type="locator"/>
		<link:loc xlink:href="../full_ifrs-cor_2025-03-27.xsd#ifrs-full_IndividualAssetsOrCashgeneratingUnitsAxis" xlink:label="loc_124" xlink:type="locator"/>
		<link:definitionArc order="10.0" xlink:arcrole="http://xbrl.org/int/dim/arcrole/dimension-default" xlink:from="loc_124" xlink:to="loc_125" xlink:type="arc"/>
		<link:loc xlink:href="../full_ifrs-cor_2025-03-27.xsd#ifrs-full_IndividualAssetsOrCashgeneratingUnitsWithSignificantAmountOfGoodwillOrIntangibleAssetsWithIndefiniteUsefulLivesDomain" xlink:label="loc_127" xlink:type="locator"/>
		<link:loc xlink:href="../full_ifrs-cor_2025-03-27.xsd#ifrs-full_IndividualAssetsOrCashgeneratingUnitsWithSignificantAmountOfGoodwillOrIntangibleAssetsWithIndefiniteUsefulLivesAxis" xlink:label="loc_126" xlink:type="locator"/>
		<link:definitionArc order="10.0" xlink:arcrole="http://xbrl.org/int/dim/arcrole/dimension-default" xlink:from="loc_126" xlink:to="loc_127" xlink:type="arc"/>
		<link:loc xlink:href="../full_ifrs-cor_2025-03-27.xsd#ifrs-full_InitiallyAppliedIFRSsDomain" xlink:label="loc_129" xlink:type="locator"/>
		<link:loc xlink:href="../full_ifrs-cor_2025-03-27.xsd#ifrs-full_InitiallyAppliedIFRSsAxis" xlink:label="loc_128" xlink:type="locator"/>
		<link:definitionArc order="10.0" xlink:arcrole="http://xbrl.org/int/dim/arcrole/dimension-default" xlink:from="loc_128" xlink:to="loc_129" xlink:type="arc"/>
		<link:loc xlink:href="../full_ifrs-cor_2025-03-27.xsd#ifrs-full_InputsToMethodsUsedToMeasureContractsWithinScopeOfIFRS17Domain" xlink:label="loc_131" xlink:type="locator"/>
		<link:loc xlink:href="../full_ifrs-cor_2025-03-27.xsd#ifrs-full_InputsToMethodsUsedToMeasureContractsWithinScopeOfIFRS17Axis" xlink:label="loc_130" xlink:type="locator"/>
		<link:definitionArc order="10.0" xlink:arcrole="http://xbrl.org/int/dim/arcrole/dimension-default" xlink:from="loc_130" xlink:to="loc_131" xlink:type="arc"/>
		<link:loc xlink:href="../full_ifrs-cor_2025-03-27.xsd#ifrs-full_InsuranceContractsDomain" xlink:label="loc_133" xlink:type="locator"/>
		<link:loc xlink:href="../full_ifrs-cor_2025-03-27.xsd#ifrs-full_InsuranceContractsAxis" xlink:label="loc_132" xlink:type="locator"/>
		<link:definitionArc order="10.0" xlink:arcrole="http://xbrl.org/int/dim/arcrole/dimension-default" xlink:from="loc_132" xlink:to="loc_133" xlink:type="arc"/>
		<link:loc xlink:href="../full_ifrs-cor_2025-03-27.xsd#ifrs-full_InsuranceContractsByComponentsDomain" xlink:label="loc_135" xlink:type="locator"/>
		<link:loc xlink:href="../full_ifrs-cor_2025-03-27.xsd#ifrs-full_InsuranceContractsByComponentsAxis" xlink:label="loc_134" xlink:type="locator"/>
		<link:definitionArc order="10.0" xlink:arcrole="http://xbrl.org/int/dim/arcrole/dimension-default" xlink:from="loc_134" xlink:to="loc_135" xlink:type="arc"/>
		<link:loc xlink:href="../full_ifrs-cor_2025-03-27.xsd#ifrs-full_InsuranceContractsByRemainingCoverageAndIncurredClaimsDomain" xlink:label="loc_137" xlink:type="locator"/>
		<link:loc xlink:href="../full_ifrs-cor_2025-03-27.xsd#ifrs-full_InsuranceContractsByRemainingCoverageAndIncurredClaimsAxis" xlink:label="loc_136" xlink:type="locator"/>
		<link:definitionArc order="10.0" xlink:arcrole="http://xbrl.org/int/dim/arcrole/dimension-default" xlink:from="loc_136" xlink:to="loc_137" xlink:type="arc"/>
		<link:loc xlink:href="../full_ifrs-cor_2025-03-27.xsd#ifrs-full_IntangibleAssetsMaterialToEntityDomain" xlink:label="loc_139" xlink:type="locator"/>
		<link:loc xlink:href="../full_ifrs-cor_2025-03-27.xsd#ifrs-full_IntangibleAssetsMaterialToEntityAxis" xlink:label="loc_138" xlink:type="locator"/>
		<link:definitionArc order="10.0" xlink:arcrole="http://xbrl.org/int/dim/arcrole/dimension-default" xlink:from="loc_138" xlink:to="loc_139" xlink:type="arc"/>
		<link:loc xlink:href="../full_ifrs-cor_2025-03-27.xsd#ifrs-full_IntangibleAssetsWithIndefiniteUsefulLifeDomain" xlink:label="loc_141" xlink:type="locator"/>
		<link:loc xlink:href="../full_ifrs-cor_2025-03-27.xsd#ifrs-full_IntangibleAssetsWithIndefiniteUsefulLifeAxis" xlink:label="loc_140" xlink:type="locator"/>
		<link:definitionArc order="10.0" xlink:arcrole="http://xbrl.org/int/dim/arcrole/dimension-default" xlink:from="loc_140" xlink:to="loc_141" xlink:type="arc"/>
		<link:loc xlink:href="../full_ifrs-cor_2025-03-27.xsd#ifrs-full_InterestRateBenchmarksDomain" xlink:label="loc_143" xlink:type="locator"/>
		<link:loc xlink:href="../full_ifrs-cor_2025-03-27.xsd#ifrs-full_InterestRateBenchmarksAxis" xlink:label="loc_142" xlink:type="locator"/>
		<link:definitionArc order="10.0" xlink:arcrole="http://xbrl.org/int/dim/arcrole/dimension-default" xlink:from="loc_142" xlink:to="loc_143" xlink:type="arc"/>
		<link:loc xlink:href="../full_ifrs-cor_2025-03-27.xsd#ifrs-full_InternalCreditGradesDomain" xlink:label="loc_145" xlink:type="locator"/>
		<link:loc xlink:href="../full_ifrs-cor_2025-03-27.xsd#ifrs-full_InternalCreditGradesAxis" xlink:label="loc_144" xlink:type="locator"/>
		<link:definitionArc order="10.0" xlink:arcrole="http://xbrl.org/int/dim/arcrole/dimension-default" xlink:from="loc_144" xlink:to="loc_145" xlink:type="arc"/>
		<link:loc xlink:href="../full_ifrs-cor_2025-03-27.xsd#ifrs-full_InvestmentsInEquityInstrumentsDesignatedAtFairValueThroughOtherComprehensiveIncomeDomain" xlink:label="loc_147" xlink:type="locator"/>
		<link:loc xlink:href="../full_ifrs-cor_2025-03-27.xsd#ifrs-full_InvestmentsInEquityInstrumentsMeasuredAtFairValueThroughOtherComprehensiveIncomeAxis" xlink:label="loc_146" xlink:type="locator"/>
		<link:definitionArc order="10.0" xlink:arcrole="http://xbrl.org/int/dim/arcrole/dimension-default" xlink:from="loc_146" xlink:to="loc_147" xlink:type="arc"/>
		<link:loc xlink:href="../full_ifrs-cor_2025-03-27.xsd#ifrs-full_ItemsOfContingentLiabilitiesDomain" xlink:label="loc_149" xlink:type="locator"/>
		<link:loc xlink:href="../full_ifrs-cor_2025-03-27.xsd#ifrs-full_ItemsOfContingentLiabilitiesAxis" xlink:label="loc_148" xlink:type="locator"/>
		<link:definitionArc order="10.0" xlink:arcrole="http://xbrl.org/int/dim/arcrole/dimension-default" xlink:from="loc_148" xlink:to="loc_149" xlink:type="arc"/>
		<link:loc xlink:href="../full_ifrs-cor_2025-03-27.xsd#ifrs-full_JointOperationsDomain" xlink:label="loc_151" xlink:type="locator"/>
		<link:loc xlink:href="../full_ifrs-cor_2025-03-27.xsd#ifrs-full_JointOperationsAxis" xlink:label="loc_150" xlink:type="locator"/>
		<link:definitionArc order="10.0" xlink:arcrole="http://xbrl.org/int/dim/arcrole/dimension-default" xlink:from="loc_150" xlink:to="loc_151" xlink:type="arc"/>
		<link:loc xlink:href="../full_ifrs-cor_2025-03-27.xsd#ifrs-full_JointVenturesDomain" xlink:label="loc_153" xlink:type="locator"/>
		<link:loc xlink:href="../full_ifrs-cor_2025-03-27.xsd#ifrs-full_JointVenturesAxis" xlink:label="loc_152" xlink:type="locator"/>
		<link:definitionArc order="10.0" xlink:arcrole="http://xbrl.org/int/dim/arcrole/dimension-default" xlink:from="loc_152" xlink:to="loc_153" xlink:type="arc"/>
		<link:loc xlink:href="../full_ifrs-cor_2025-03-27.xsd#ifrs-full_LevelsOfFairValueHierarchyDomain" xlink:label="loc_155" xlink:type="locator"/>
		<link:loc xlink:href="../full_ifrs-cor_2025-03-27.xsd#ifrs-full_LevelsOfFairValueHierarchyAxis" xlink:label="loc_154" xlink:type="locator"/>
		<link:definitionArc order="10.0" xlink:arcrole="http://xbrl.org/int/dim/arcrole/dimension-default" xlink:from="loc_154" xlink:to="loc_155" xlink:type="arc"/>
		<link:loc xlink:href="../full_ifrs-cor_2025-03-27.xsd#ifrs-full_LiabilitiesArisingFromFinancingActivitiesDomain" xlink:label="loc_157" xlink:type="locator"/>
		<link:loc xlink:href="../full_ifrs-cor_2025-03-27.xsd#ifrs-full_LiabilitiesArisingFromFinancingActivitiesAxis" xlink:label="loc_156" xlink:type="locator"/>
		<link:definitionArc order="10.0" xlink:arcrole="http://xbrl.org/int/dim/arcrole/dimension-default" xlink:from="loc_156" xlink:to="loc_157" xlink:type="arc"/>
		<link:loc xlink:href="../full_ifrs-cor_2025-03-27.xsd#ifrs-full_LiabilitiesMeasuredAtFairValueAndIssuedWithInseparableThirdpartyCreditEnhancementDomain" xlink:label="loc_159" xlink:type="locator"/>
		<link:loc xlink:href="../full_ifrs-cor_2025-03-27.xsd#ifrs-full_LiabilitiesMeasuredAtFairValueAndIssuedWithInseparableThirdpartyCreditEnhancementAxis" xlink:label="loc_158" xlink:type="locator"/>
		<link:definitionArc order="10.0" xlink:arcrole="http://xbrl.org/int/dim/arcrole/dimension-default" xlink:from="loc_158" xlink:to="loc_159" xlink:type="arc"/>
		<link:loc xlink:href="../full_ifrs-cor_2025-03-27.xsd#ifrs-full_MajorCustomersDomain" xlink:label="loc_161" xlink:type="locator"/>
		<link:loc xlink:href="../full_ifrs-cor_2025-03-27.xsd#ifrs-full_MajorCustomersAxis" xlink:label="loc_160" xlink:type="locator"/>
		<link:definitionArc order="10.0" xlink:arcrole="http://xbrl.org/int/dim/arcrole/dimension-default" xlink:from="loc_160" xlink:to="loc_161" xlink:type="arc"/>
		<link:loc xlink:href="../full_ifrs-cor_2025-03-27.xsd#ifrs-full_MarketsOfCustomersDomain" xlink:label="loc_163" xlink:type="locator"/>
		<link:loc xlink:href="../full_ifrs-cor_2025-03-27.xsd#ifrs-full_MarketsOfCustomersAxis" xlink:label="loc_162" xlink:type="locator"/>
		<link:definitionArc order="10.0" xlink:arcrole="http://xbrl.org/int/dim/arcrole/dimension-default" xlink:from="loc_162" xlink:to="loc_163" xlink:type="arc"/>
		<link:loc xlink:href="../full_ifrs-cor_2025-03-27.xsd#ifrs-full_MaturityDomain" xlink:label="loc_165" xlink:type="locator"/>
		<link:loc xlink:href="../full_ifrs-cor_2025-03-27.xsd#ifrs-full_MaturityAxis" xlink:label="loc_164" xlink:type="locator"/>
		<link:definitionArc order="10.0" xlink:arcrole="http://xbrl.org/int/dim/arcrole/dimension-default" xlink:from="loc_164" xlink:to="loc_165" xlink:type="arc"/>
		<link:loc xlink:href="../full_ifrs-cor_2025-03-27.xsd#ifrs-full_MeasurementDomain" xlink:label="loc_167" xlink:type="locator"/>
		<link:loc xlink:href="../full_ifrs-cor_2025-03-27.xsd#ifrs-full_MeasurementAxis" xlink:label="loc_166" xlink:type="locator"/>
		<link:definitionArc order="10.0" xlink:arcrole="http://xbrl.org/int/dim/arcrole/dimension-default" xlink:from="loc_166" xlink:to="loc_167" xlink:type="arc"/>
		<link:loc xlink:href="../full_ifrs-cor_2025-03-27.xsd#ifrs-full_MethodOfAssessmentOfExpectedCreditLossesDomain" xlink:label="loc_169" xlink:type="locator"/>
		<link:loc xlink:href="../full_ifrs-cor_2025-03-27.xsd#ifrs-full_MethodOfAssessmentOfExpectedCreditLossesAxis" xlink:label="loc_168" xlink:type="locator"/>
		<link:definitionArc order="10.0" xlink:arcrole="http://xbrl.org/int/dim/arcrole/dimension-default" xlink:from="loc_168" xlink:to="loc_169" xlink:type="arc"/>
		<link:loc xlink:href="../full_ifrs-cor_2025-03-27.xsd#ifrs-full_MethodsOfGenerationDomain" xlink:label="loc_171" xlink:type="locator"/>
		<link:loc xlink:href="../full_ifrs-cor_2025-03-27.xsd#ifrs-full_MethodsOfGenerationAxis" xlink:label="loc_170" xlink:type="locator"/>
		<link:definitionArc order="10.0" xlink:arcrole="http://xbrl.org/int/dim/arcrole/dimension-default" xlink:from="loc_170" xlink:to="loc_171" xlink:type="arc"/>
		<link:loc xlink:href="../full_ifrs-cor_2025-03-27.xsd#ifrs-full_MethodsUsedToMeasureContractsWithinScopeOfIFRS17Domain" xlink:label="loc_173" xlink:type="locator"/>
		<link:loc xlink:href="../full_ifrs-cor_2025-03-27.xsd#ifrs-full_MethodsUsedToMeasureContractsWithinScopeOfIFRS17Axis" xlink:label="loc_172" xlink:type="locator"/>
		<link:definitionArc order="10.0" xlink:arcrole="http://xbrl.org/int/dim/arcrole/dimension-default" xlink:from="loc_172" xlink:to="loc_173" xlink:type="arc"/>
		<link:loc xlink:href="../full_ifrs-cor_2025-03-27.xsd#ifrs-full_NetDefinedBenefitLiabilityAssetDomain" xlink:label="loc_175" xlink:type="locator"/>
		<link:loc xlink:href="../full_ifrs-cor_2025-03-27.xsd#ifrs-full_NetDefinedBenefitLiabilityAssetAxis" xlink:label="loc_174" xlink:type="locator"/>
		<link:definitionArc order="10.0" xlink:arcrole="http://xbrl.org/int/dim/arcrole/dimension-default" xlink:from="loc_174" xlink:to="loc_175" xlink:type="arc"/>
		<link:loc xlink:href="../full_ifrs-cor_2025-03-27.xsd#ifrs-full_NewIFRSsDomain" xlink:label="loc_177" xlink:type="locator"/>
		<link:loc xlink:href="../full_ifrs-cor_2025-03-27.xsd#ifrs-full_NewIFRSsAxis" xlink:label="loc_176" xlink:type="locator"/>
		<link:definitionArc order="10.0" xlink:arcrole="http://xbrl.org/int/dim/arcrole/dimension-default" xlink:from="loc_176" xlink:to="loc_177" xlink:type="arc"/>
		<link:loc xlink:href="../full_ifrs-cor_2025-03-27.xsd#ifrs-full_NonadjustingEventsAfterReportingPeriodDomain" xlink:label="loc_179" xlink:type="locator"/>
		<link:loc xlink:href="../full_ifrs-cor_2025-03-27.xsd#ifrs-full_NonadjustingEventsAfterReportingPeriodAxis" xlink:label="loc_178" xlink:type="locator"/>
		<link:definitionArc order="10.0" xlink:arcrole="http://xbrl.org/int/dim/arcrole/dimension-default" xlink:from="loc_178" xlink:to="loc_179" xlink:type="arc"/>
		<link:loc xlink:href="../full_ifrs-cor_2025-03-27.xsd#ifrs-full_PastDueStatusDomain" xlink:label="loc_181" xlink:type="locator"/>
		<link:loc xlink:href="../full_ifrs-cor_2025-03-27.xsd#ifrs-full_PastDueStatusAxis" xlink:label="loc_180" xlink:type="locator"/>
		<link:definitionArc order="10.0" xlink:arcrole="http://xbrl.org/int/dim/arcrole/dimension-default" xlink:from="loc_180" xlink:to="loc_181" xlink:type="arc"/>
		<link:loc xlink:href="../full_ifrs-cor_2025-03-27.xsd#ifrs-full_PerformanceObligationsDomain" xlink:label="loc_183" xlink:type="locator"/>
		<link:loc xlink:href="../full_ifrs-cor_2025-03-27.xsd#ifrs-full_PerformanceObligationsAxis" xlink:label="loc_182" xlink:type="locator"/>
		<link:definitionArc order="10.0" xlink:arcrole="http://xbrl.org/int/dim/arcrole/dimension-default" xlink:from="loc_182" xlink:to="loc_183" xlink:type="arc"/>
		<link:loc xlink:href="../full_ifrs-cor_2025-03-27.xsd#ifrs-full_ProbabilityOfDefaultDomain" xlink:label="loc_185" xlink:type="locator"/>
		<link:loc xlink:href="../full_ifrs-cor_2025-03-27.xsd#ifrs-full_ProbabilityOfDefaultAxis" xlink:label="loc_184" xlink:type="locator"/>
		<link:definitionArc order="10.0" xlink:arcrole="http://xbrl.org/int/dim/arcrole/dimension-default" xlink:from="loc_184" xlink:to="loc_185" xlink:type="arc"/>
		<link:loc xlink:href="../full_ifrs-cor_2025-03-27.xsd#ifrs-full_ProductsAndServicesDomain" xlink:label="loc_187" xlink:type="locator"/>
		<link:loc xlink:href="../full_ifrs-cor_2025-03-27.xsd#ifrs-full_ProductsAndServicesAxis" xlink:label="loc_186" xlink:type="locator"/>
		<link:definitionArc order="10.0" xlink:arcrole="http://xbrl.org/int/dim/arcrole/dimension-default" xlink:from="loc_186" xlink:to="loc_187" xlink:type="arc"/>
		<link:loc xlink:href="../full_ifrs-cor_2025-03-27.xsd#ifrs-full_PropertyPlantAndEquipmentByOperatingLeaseStatusDomain" xlink:label="loc_189" xlink:type="locator"/>
		<link:loc xlink:href="../full_ifrs-cor_2025-03-27.xsd#ifrs-full_PropertyPlantAndEquipmentByOperatingLeaseStatusAxis" xlink:label="loc_188" xlink:type="locator"/>
		<link:definitionArc order="10.0" xlink:arcrole="http://xbrl.org/int/dim/arcrole/dimension-default" xlink:from="loc_188" xlink:to="loc_189" xlink:type="arc"/>
		<link:loc xlink:href="../full_ifrs-cor_2025-03-27.xsd#ifrs-full_PropertyPlantAndEquipmentIncludingRightofuseAssetsDomain" xlink:label="loc_191" xlink:type="locator"/>
		<link:loc xlink:href="../full_ifrs-cor_2025-03-27.xsd#ifrs-full_PropertyPlantAndEquipmentIncludingRightofuseAssetsAxis" xlink:label="loc_190" xlink:type="locator"/>
		<link:definitionArc order="10.0" xlink:arcrole="http://xbrl.org/int/dim/arcrole/dimension-default" xlink:from="loc_190" xlink:to="loc_191" xlink:type="arc"/>
		<link:loc xlink:href="../full_ifrs-cor_2025-03-27.xsd#ifrs-full_RangeDomain" xlink:label="loc_193" xlink:type="locator"/>
		<link:loc xlink:href="../full_ifrs-cor_2025-03-27.xsd#ifrs-full_RangeAxis" xlink:label="loc_192" xlink:type="locator"/>
		<link:definitionArc order="10.0" xlink:arcrole="http://xbrl.org/int/dim/arcrole/dimension-default" xlink:from="loc_192" xlink:to="loc_193" xlink:type="arc"/>
		<link:loc xlink:href="../full_ifrs-cor_2025-03-27.xsd#ifrs-full_RangesOfExercisePricesForOutstandingShareOptionsDomain" xlink:label="loc_195" xlink:type="locator"/>
		<link:loc xlink:href="../full_ifrs-cor_2025-03-27.xsd#ifrs-full_RangesOfExercisePricesForOutstandingShareOptionsAxis" xlink:label="loc_194" xlink:type="locator"/>
		<link:definitionArc order="10.0" xlink:arcrole="http://xbrl.org/int/dim/arcrole/dimension-default" xlink:from="loc_194" xlink:to="loc_195" xlink:type="arc"/>
		<link:loc xlink:href="../full_ifrs-cor_2025-03-27.xsd#ifrs-full_ReclassifiedItemsDomain" xlink:label="loc_197" xlink:type="locator"/>
		<link:loc xlink:href="../full_ifrs-cor_2025-03-27.xsd#ifrs-full_ReclassifiedItemsAxis" xlink:label="loc_196" xlink:type="locator"/>
		<link:definitionArc order="10.0" xlink:arcrole="http://xbrl.org/int/dim/arcrole/dimension-default" xlink:from="loc_196" xlink:to="loc_197" xlink:type="arc"/>
		<link:loc xlink:href="../full_ifrs-cor_2025-03-27.xsd#ifrs-full_RedesignatedMember" xlink:label="loc_199" xlink:type="locator"/>
		<link:loc xlink:href="../full_ifrs-cor_2025-03-27.xsd#ifrs-full_RedesignationAxis" xlink:label="loc_198" xlink:type="locator"/>
		<link:definitionArc order="10.0" xlink:arcrole="http://xbrl.org/int/dim/arcrole/dimension-default" xlink:from="loc_198" xlink:to="loc_199" xlink:type="arc"/>
		<link:loc xlink:href="../full_ifrs-cor_2025-03-27.xsd#ifrs-full_RegulatoryDeferralAccountBalancesDomain" xlink:label="loc_201" xlink:type="locator"/>
		<link:loc xlink:href="../full_ifrs-cor_2025-03-27.xsd#ifrs-full_RegulatoryDeferralAccountBalancesAxis" xlink:label="loc_200" xlink:type="locator"/>
		<link:definitionArc order="10.0" xlink:arcrole="http://xbrl.org/int/dim/arcrole/dimension-default" xlink:from="loc_200" xlink:to="loc_201" xlink:type="arc"/>
		<link:loc xlink:href="../full_ifrs-cor_2025-03-27.xsd#ifrs-full_RegulatoryEnvironmentsDomain" xlink:label="loc_203" xlink:type="locator"/>
		<link:loc xlink:href="../full_ifrs-cor_2025-03-27.xsd#ifrs-full_RegulatoryEnvironmentsAxis" xlink:label="loc_202" xlink:type="locator"/>
		<link:definitionArc order="10.0" xlink:arcrole="http://xbrl.org/int/dim/arcrole/dimension-default" xlink:from="loc_202" xlink:to="loc_203" xlink:type="arc"/>
		<link:loc xlink:href="../full_ifrs-cor_2025-03-27.xsd#ifrs-full_ReservesWithinEquityDomain" xlink:label="loc_205" xlink:type="locator"/>
		<link:loc xlink:href="../full_ifrs-cor_2025-03-27.xsd#ifrs-full_ReservesWithinEquityAxis" xlink:label="loc_204" xlink:type="locator"/>
		<link:definitionArc order="10.0" xlink:arcrole="http://xbrl.org/int/dim/arcrole/dimension-default" xlink:from="loc_204" xlink:to="loc_205" xlink:type="arc"/>
		<link:loc xlink:href="../full_ifrs-cor_2025-03-27.xsd#ifrs-full_RetrospectiveApplicationAndRetrospectiveRestatementAxis" xlink:label="loc_206" xlink:type="locator"/>
		<link:definitionArc order="10.0" xlink:arcrole="http://xbrl.org/int/dim/arcrole/dimension-default" xlink:from="loc_206" xlink:to="loc_96" xlink:type="arc"/>
		<link:loc xlink:href="../full_ifrs-cor_2025-03-27.xsd#ifrs-full_RiskExposuresDomain" xlink:label="loc_208" xlink:type="locator"/>
		<link:loc xlink:href="../full_ifrs-cor_2025-03-27.xsd#ifrs-full_RiskExposuresAxis" xlink:label="loc_207" xlink:type="locator"/>
		<link:definitionArc order="10.0" xlink:arcrole="http://xbrl.org/int/dim/arcrole/dimension-default" xlink:from="loc_207" xlink:to="loc_208" xlink:type="arc"/>
		<link:loc xlink:href="../full_ifrs-cor_2025-03-27.xsd#ifrs-full_SalesChannelsDomain" xlink:label="loc_210" xlink:type="locator"/>
		<link:loc xlink:href="../full_ifrs-cor_2025-03-27.xsd#ifrs-full_SalesChannelsAxis" xlink:label="loc_209" xlink:type="locator"/>
		<link:definitionArc order="10.0" xlink:arcrole="http://xbrl.org/int/dim/arcrole/dimension-default" xlink:from="loc_209" xlink:to="loc_210" xlink:type="arc"/>
		<link:loc xlink:href="../full_ifrs-cor_2025-03-27.xsd#ifrs-full_SegmentConsolidationItemsDomain" xlink:label="loc_212" xlink:type="locator"/>
		<link:loc xlink:href="../full_ifrs-cor_2025-03-27.xsd#ifrs-full_SegmentConsolidationItemsAxis" xlink:label="loc_211" xlink:type="locator"/>
		<link:definitionArc order="10.0" xlink:arcrole="http://xbrl.org/int/dim/arcrole/dimension-default" xlink:from="loc_211" xlink:to="loc_212" xlink:type="arc"/>
		<link:loc xlink:href="../full_ifrs-cor_2025-03-27.xsd#ifrs-full_SegmentsDomain" xlink:label="loc_214" xlink:type="locator"/>
		<link:loc xlink:href="../full_ifrs-cor_2025-03-27.xsd#ifrs-full_SegmentsAxis" xlink:label="loc_213" xlink:type="locator"/>
		<link:definitionArc order="10.0" xlink:arcrole="http://xbrl.org/int/dim/arcrole/dimension-default" xlink:from="loc_213" xlink:to="loc_214" xlink:type="arc"/>
		<link:loc xlink:href="../full_ifrs-cor_2025-03-27.xsd#ifrs-full_SeparateManagementEntitiesDomain" xlink:label="loc_216" xlink:type="locator"/>
		<link:loc xlink:href="../full_ifrs-cor_2025-03-27.xsd#ifrs-full_SeparateManagementEntitiesAxis" xlink:label="loc_215" xlink:type="locator"/>
		<link:definitionArc order="10.0" xlink:arcrole="http://xbrl.org/int/dim/arcrole/dimension-default" xlink:from="loc_215" xlink:to="loc_216" xlink:type="arc"/>
		<link:loc xlink:href="../full_ifrs-cor_2025-03-27.xsd#ifrs-full_ServiceConcessionArrangementsDomain" xlink:label="loc_218" xlink:type="locator"/>
		<link:loc xlink:href="../full_ifrs-cor_2025-03-27.xsd#ifrs-full_ServiceConcessionArrangementsAxis" xlink:label="loc_217" xlink:type="locator"/>
		<link:definitionArc order="10.0" xlink:arcrole="http://xbrl.org/int/dim/arcrole/dimension-default" xlink:from="loc_217" xlink:to="loc_218" xlink:type="arc"/>
		<link:loc xlink:href="../full_ifrs-cor_2025-03-27.xsd#ifrs-full_SignificantInvestmentsInAssociatesDomain" xlink:label="loc_220" xlink:type="locator"/>
		<link:loc xlink:href="../full_ifrs-cor_2025-03-27.xsd#ifrs-full_SignificantInvestmentsInAssociatesAxis" xlink:label="loc_219" xlink:type="locator"/>
		<link:definitionArc order="10.0" xlink:arcrole="http://xbrl.org/int/dim/arcrole/dimension-default" xlink:from="loc_219" xlink:to="loc_220" xlink:type="arc"/>
		<link:loc xlink:href="../full_ifrs-cor_2025-03-27.xsd#ifrs-full_SignificantInvestmentsInSubsidiariesDomain" xlink:label="loc_222" xlink:type="locator"/>
		<link:loc xlink:href="../full_ifrs-cor_2025-03-27.xsd#ifrs-full_SignificantInvestmentsInSubsidiariesAxis" xlink:label="loc_221" xlink:type="locator"/>
		<link:definitionArc order="10.0" xlink:arcrole="http://xbrl.org/int/dim/arcrole/dimension-default" xlink:from="loc_221" xlink:to="loc_222" xlink:type="arc"/>
		<link:loc xlink:href="../full_ifrs-cor_2025-03-27.xsd#ifrs-full_SupplierFinanceArrangementsDomain" xlink:label="loc_224" xlink:type="locator"/>
		<link:loc xlink:href="../full_ifrs-cor_2025-03-27.xsd#ifrs-full_SupplierFinanceArrangementsAxis" xlink:label="loc_223" xlink:type="locator"/>
		<link:definitionArc order="10.0" xlink:arcrole="http://xbrl.org/int/dim/arcrole/dimension-default" xlink:from="loc_223" xlink:to="loc_224" xlink:type="arc"/>
		<link:loc xlink:href="../full_ifrs-cor_2025-03-27.xsd#ifrs-full_TemporaryDifferenceUnusedTaxLossesAndUnusedTaxCreditsDomain" xlink:label="loc_226" xlink:type="locator"/>
		<link:loc xlink:href="../full_ifrs-cor_2025-03-27.xsd#ifrs-full_TemporaryDifferenceUnusedTaxLossesAndUnusedTaxCreditsAxis" xlink:label="loc_225" xlink:type="locator"/>
		<link:definitionArc order="10.0" xlink:arcrole="http://xbrl.org/int/dim/arcrole/dimension-default" xlink:from="loc_225" xlink:to="loc_226" xlink:type="arc"/>
		<link:loc xlink:href="../full_ifrs-cor_2025-03-27.xsd#ifrs-full_TimingOfTransferOfGoodsOrServicesDomain" xlink:label="loc_228" xlink:type="locator"/>
		<link:loc xlink:href="../full_ifrs-cor_2025-03-27.xsd#ifrs-full_TimingOfTransferOfGoodsOrServicesAxis" xlink:label="loc_227" xlink:type="locator"/>
		<link:definitionArc order="10.0" xlink:arcrole="http://xbrl.org/int/dim/arcrole/dimension-default" xlink:from="loc_227" xlink:to="loc_228" xlink:type="arc"/>
		<link:loc xlink:href="../full_ifrs-cor_2025-03-27.xsd#ifrs-full_TransactionsRecognisedSeparatelyFromAcquisitionOfAssetsAndAssumptionOfLiabilitiesInBusinessCombinationDomain" xlink:label="loc_230" xlink:type="locator"/>
		<link:loc xlink:href="../full_ifrs-cor_2025-03-27.xsd#ifrs-full_TransactionsRecognisedSeparatelyFromAcquisitionOfAssetsAndAssumptionOfLiabilitiesInBusinessCombinationAxis" xlink:label="loc_229" xlink:type="locator"/>
		<link:definitionArc order="10.0" xlink:arcrole="http://xbrl.org/int/dim/arcrole/dimension-default" xlink:from="loc_229" xlink:to="loc_230" xlink:type="arc"/>
		<link:loc xlink:href="../full_ifrs-cor_2025-03-27.xsd#ifrs-full_TypeOfMeasurementOfExpectedCreditLossesDomain" xlink:label="loc_232" xlink:type="locator"/>
		<link:loc xlink:href="../full_ifrs-cor_2025-03-27.xsd#ifrs-full_TypeOfMeasurementOfExpectedCreditLossesAxis" xlink:label="loc_231" xlink:type="locator"/>
		<link:definitionArc order="10.0" xlink:arcrole="http://xbrl.org/int/dim/arcrole/dimension-default" xlink:from="loc_231" xlink:to="loc_232" xlink:type="arc"/>
		<link:loc xlink:href="../full_ifrs-cor_2025-03-27.xsd#ifrs-full_TypesOfAntidilutiveInstrumentsDomain" xlink:label="loc_234" xlink:type="locator"/>
		<link:loc xlink:href="../full_ifrs-cor_2025-03-27.xsd#ifrs-full_TypesOfAntidilutiveInstrumentsAxis" xlink:label="loc_233" xlink:type="locator"/>
		<link:definitionArc order="10.0" xlink:arcrole="http://xbrl.org/int/dim/arcrole/dimension-default" xlink:from="loc_233" xlink:to="loc_234" xlink:type="arc"/>
		<link:loc xlink:href="../full_ifrs-cor_2025-03-27.xsd#ifrs-full_TypesOfContractsDomain" xlink:label="loc_236" xlink:type="locator"/>
		<link:loc xlink:href="../full_ifrs-cor_2025-03-27.xsd#ifrs-full_TypesOfContractsAxis" xlink:label="loc_235" xlink:type="locator"/>
		<link:definitionArc order="10.0" xlink:arcrole="http://xbrl.org/int/dim/arcrole/dimension-default" xlink:from="loc_235" xlink:to="loc_236" xlink:type="arc"/>
		<link:loc xlink:href="../full_ifrs-cor_2025-03-27.xsd#ifrs-full_TypesOfCustomersDomain" xlink:label="loc_238" xlink:type="locator"/>
		<link:loc xlink:href="../full_ifrs-cor_2025-03-27.xsd#ifrs-full_TypesOfCustomersAxis" xlink:label="loc_237" xlink:type="locator"/>
		<link:definitionArc order="10.0" xlink:arcrole="http://xbrl.org/int/dim/arcrole/dimension-default" xlink:from="loc_237" xlink:to="loc_238" xlink:type="arc"/>
		<link:loc xlink:href="../full_ifrs-cor_2025-03-27.xsd#ifrs-full_TypesOfFinancialAssetsDomain" xlink:label="loc_240" xlink:type="locator"/>
		<link:loc xlink:href="../full_ifrs-cor_2025-03-27.xsd#ifrs-full_TypesOfFinancialAssetsAxis" xlink:label="loc_239" xlink:type="locator"/>
		<link:definitionArc order="10.0" xlink:arcrole="http://xbrl.org/int/dim/arcrole/dimension-default" xlink:from="loc_239" xlink:to="loc_240" xlink:type="arc"/>
		<link:loc xlink:href="../full_ifrs-cor_2025-03-27.xsd#ifrs-full_TypesOfFinancialLiabilitiesDomain" xlink:label="loc_242" xlink:type="locator"/>
		<link:loc xlink:href="../full_ifrs-cor_2025-03-27.xsd#ifrs-full_TypesOfFinancialLiabilitiesAxis" xlink:label="loc_241" xlink:type="locator"/>
		<link:definitionArc order="10.0" xlink:arcrole="http://xbrl.org/int/dim/arcrole/dimension-default" xlink:from="loc_241" xlink:to="loc_242" xlink:type="arc"/>
		<link:loc xlink:href="../full_ifrs-cor_2025-03-27.xsd#ifrs-full_TypesOfHedgesDomain" xlink:label="loc_244" xlink:type="locator"/>
		<link:loc xlink:href="../full_ifrs-cor_2025-03-27.xsd#ifrs-full_TypesOfHedgesAxis" xlink:label="loc_243" xlink:type="locator"/>
		<link:definitionArc order="10.0" xlink:arcrole="http://xbrl.org/int/dim/arcrole/dimension-default" xlink:from="loc_243" xlink:to="loc_244" xlink:type="arc"/>
		<link:loc xlink:href="../full_ifrs-cor_2025-03-27.xsd#ifrs-full_TypesOfInterestRatesDomain" xlink:label="loc_246" xlink:type="locator"/>
		<link:loc xlink:href="../full_ifrs-cor_2025-03-27.xsd#ifrs-full_TypesOfInterestRatesAxis" xlink:label="loc_245" xlink:type="locator"/>
		<link:definitionArc order="10.0" xlink:arcrole="http://xbrl.org/int/dim/arcrole/dimension-default" xlink:from="loc_245" xlink:to="loc_246" xlink:type="arc"/>
		<link:loc xlink:href="../full_ifrs-cor_2025-03-27.xsd#ifrs-full_TypesOfInvestmentPropertyDomain" xlink:label="loc_248" xlink:type="locator"/>
		<link:loc xlink:href="../full_ifrs-cor_2025-03-27.xsd#ifrs-full_TypesOfInvestmentPropertyAxis" xlink:label="loc_247" xlink:type="locator"/>
		<link:definitionArc order="10.0" xlink:arcrole="http://xbrl.org/int/dim/arcrole/dimension-default" xlink:from="loc_247" xlink:to="loc_248" xlink:type="arc"/>
		<link:loc xlink:href="../full_ifrs-cor_2025-03-27.xsd#ifrs-full_TypesOfNoncurrentLiabilitiesWithCovenantsDomain" xlink:label="loc_250" xlink:type="locator"/>
		<link:loc xlink:href="../full_ifrs-cor_2025-03-27.xsd#ifrs-full_TypesOfNoncurrentLiabilitiesWithCovenantsAxis" xlink:label="loc_249" xlink:type="locator"/>
		<link:definitionArc order="10.0" xlink:arcrole="http://xbrl.org/int/dim/arcrole/dimension-default" xlink:from="loc_249" xlink:to="loc_250" xlink:type="arc"/>
		<link:loc xlink:href="../full_ifrs-cor_2025-03-27.xsd#ifrs-full_TypesOfRateregulatedActivitiesDomain" xlink:label="loc_252" xlink:type="locator"/>
		<link:loc xlink:href="../full_ifrs-cor_2025-03-27.xsd#ifrs-full_TypesOfRateregulatedActivitiesAxis" xlink:label="loc_251" xlink:type="locator"/>
		<link:definitionArc order="10.0" xlink:arcrole="http://xbrl.org/int/dim/arcrole/dimension-default" xlink:from="loc_251" xlink:to="loc_252" xlink:type="arc"/>
		<link:loc xlink:href="../full_ifrs-cor_2025-03-27.xsd#ifrs-full_TypesOfRisksDomain" xlink:label="loc_254" xlink:type="locator"/>
		<link:loc xlink:href="../full_ifrs-cor_2025-03-27.xsd#ifrs-full_TypesOfRisksAxis" xlink:label="loc_253" xlink:type="locator"/>
		<link:definitionArc order="10.0" xlink:arcrole="http://xbrl.org/int/dim/arcrole/dimension-default" xlink:from="loc_253" xlink:to="loc_254" xlink:type="arc"/>
		<link:loc xlink:href="../full_ifrs-cor_2025-03-27.xsd#ifrs-full_TypesOfSharebasedPaymentArrangementsDomain" xlink:label="loc_256" xlink:type="locator"/>
		<link:loc xlink:href="../full_ifrs-cor_2025-03-27.xsd#ifrs-full_TypesOfSharebasedPaymentArrangementsAxis" xlink:label="loc_255" xlink:type="locator"/>
		<link:definitionArc order="10.0" xlink:arcrole="http://xbrl.org/int/dim/arcrole/dimension-default" xlink:from="loc_255" xlink:to="loc_256" xlink:type="arc"/>
		<link:loc xlink:href="../full_ifrs-cor_2025-03-27.xsd#ifrs-full_UnconsolidatedStructuredEntitiesDomain" xlink:label="loc_258" xlink:type="locator"/>
		<link:loc xlink:href="../full_ifrs-cor_2025-03-27.xsd#ifrs-full_UnconsolidatedStructuredEntitiesAxis" xlink:label="loc_257" xlink:type="locator"/>
		<link:definitionArc order="10.0" xlink:arcrole="http://xbrl.org/int/dim/arcrole/dimension-default" xlink:from="loc_257" xlink:to="loc_258" xlink:type="arc"/>
		<link:loc xlink:href="../full_ifrs-cor_2025-03-27.xsd#ifrs-full_UnconsolidatedStructuredEntitiesControlledByInvestmentEntityDomain" xlink:label="loc_260" xlink:type="locator"/>
		<link:loc xlink:href="../full_ifrs-cor_2025-03-27.xsd#ifrs-full_UnconsolidatedStructuredEntitiesControlledByInvestmentEntityAxis" xlink:label="loc_259" xlink:type="locator"/>
		<link:definitionArc order="10.0" xlink:arcrole="http://xbrl.org/int/dim/arcrole/dimension-default" xlink:from="loc_259" xlink:to="loc_260" xlink:type="arc"/>
		<link:loc xlink:href="../full_ifrs-cor_2025-03-27.xsd#ifrs-full_UnconsolidatedSubsidiariesDomain" xlink:label="loc_262" xlink:type="locator"/>
		<link:loc xlink:href="../full_ifrs-cor_2025-03-27.xsd#ifrs-full_UnconsolidatedSubsidiariesAxis" xlink:label="loc_261" xlink:type="locator"/>
		<link:definitionArc order="10.0" xlink:arcrole="http://xbrl.org/int/dim/arcrole/dimension-default" xlink:from="loc_261" xlink:to="loc_262" xlink:type="arc"/>
		<link:loc xlink:href="../full_ifrs-cor_2025-03-27.xsd#ifrs-full_UnderlyingEquityInstrumentAndDepositaryReceiptsDomain" xlink:label="loc_264" xlink:type="locator"/>
		<link:loc xlink:href="../full_ifrs-cor_2025-03-27.xsd#ifrs-full_UnderlyingEquityInstrumentAndDepositaryReceiptsAxis" xlink:label="loc_263" xlink:type="locator"/>
		<link:definitionArc order="10.0" xlink:arcrole="http://xbrl.org/int/dim/arcrole/dimension-default" xlink:from="loc_263" xlink:to="loc_264" xlink:type="arc"/>
		<link:loc xlink:href="../full_ifrs-cor_2025-03-27.xsd#ifrs-full_UnobservableInputsDomain" xlink:label="loc_266" xlink:type="locator"/>
		<link:loc xlink:href="../full_ifrs-cor_2025-03-27.xsd#ifrs-full_UnobservableInputsAxis" xlink:label="loc_265" xlink:type="locator"/>
		<link:definitionArc order="10.0" xlink:arcrole="http://xbrl.org/int/dim/arcrole/dimension-default" xlink:from="loc_265" xlink:to="loc_266" xlink:type="arc"/>
		<link:loc xlink:href="../full_ifrs-cor_2025-03-27.xsd#ifrs-full_ValuationTechniquesUsedInFairValueMeasurementDomain" xlink:label="loc_268" xlink:type="locator"/>
		<link:loc xlink:href="../full_ifrs-cor_2025-03-27.xsd#ifrs-full_ValuationTechniquesUsedInFairValueMeasurementAxis" xlink:label="loc_267" xlink:type="locator"/>
		<link:definitionArc order="10.0" xlink:arcrole="http://xbrl.org/int/dim/arcrole/dimension-default" xlink:from="loc_267" xlink:to="loc_268" xlink:type="arc"/>
		<link:loc xlink:href="../full_ifrs-cor_2025-03-27.xsd#ifrs-full_VoluntaryChangesInAccountingPolicyDomain" xlink:label="loc_270" xlink:type="locator"/>
		<link:loc xlink:href="../full_ifrs-cor_2025-03-27.xsd#ifrs-full_VoluntaryChangesInAccountingPolicyAxis" xlink:label="loc_269" xlink:type="locator"/>
		<link:definitionArc order="10.0" xlink:arcrole="http://xbrl.org/int/dim/arcrole/dimension-default" xlink:from="loc_269" xlink:to="loc_270" xlink:type="arc"/>
		<link:loc xlink:href="../full_ifrs-cor_2025-03-27.xsd#ifrs-full_YearsOfInsuranceClaimDomain" xlink:label="loc_272" xlink:type="locator"/>
		<link:loc xlink:href="../full_ifrs-cor_2025-03-27.xsd#ifrs-full_YearsOfInsuranceClaimAxis" xlink:label="loc_271" xlink:type="locator"/>
		<link:definitionArc order="10.0" xlink:arcrole="http://xbrl.org/int/dim/arcrole/dimension-default" xlink:from="loc_271" xlink:to="loc_272" xlink:type="arc"/>
		<link:loc xlink:href="../full_ifrs-cor_2025-03-27.xsd#ifrs-full_NatureExpensesDomain" xlink:label="loc_274" xlink:type="locator"/>
		<link:loc xlink:href="../full_ifrs-cor_2025-03-27.xsd#ifrs-full_NatureExpensesAxis" xlink:label="loc_273" xlink:type="locator"/>
		<link:definitionArc order="10.0" xlink:arcrole="http://xbrl.org/int/dim/arcrole/dimension-default" xlink:from="loc_273" xlink:to="loc_274" xlink:type="arc"/>
		<link:loc xlink:href="../full_ifrs-cor_2025-03-27.xsd#ifrs-full_ManagementdefinedPerformanceMeasuresDomain" xlink:label="loc_276" xlink:type="locator"/>
		<link:loc xlink:href="../full_ifrs-cor_2025-03-27.xsd#ifrs-full_ManagementdefinedPerformanceMeasuresAxis" xlink:label="loc_275" xlink:type="locator"/>
		<link:definitionArc order="10.0" xlink:arcrole="http://xbrl.org/int/dim/arcrole/dimension-default" xlink:from="loc_275" xlink:to="loc_276" xlink:type="arc"/>
		<link:loc xlink:href="../full_ifrs-cor_2025-03-27.xsd#ifrs-full_ReconciliationOfManagementdefinedPerformanceMeasureDomain" xlink:label="loc_278" xlink:type="locator"/>
		<link:loc xlink:href="../full_ifrs-cor_2025-03-27.xsd#ifrs-full_ReconciliationOfManagementdefinedPerformanceMeasureAxis" xlink:label="loc_277" xlink:type="locator"/>
		<link:definitionArc order="10.0" xlink:arcrole="http://xbrl.org/int/dim/arcrole/dimension-default" xlink:from="loc_277" xlink:to="loc_278" xlink:type="arc"/>
		<link:loc xlink:href="../full_ifrs-cor_2025-03-27.xsd#ifrs-full_ClassesOfInvestmentsInEquityInstrumentsDesignatedAtFairValueThroughOtherComprehensiveIncomeDomain" xlink:label="loc_280" xlink:type="locator"/>
		<link:loc xlink:href="../full_ifrs-cor_2025-03-27.xsd#ifrs-full_ClassesOfInvestmentsInEquityInstrumentsDesignatedAtFairValueThroughOtherComprehensiveIncomeAxis" xlink:label="loc_279" xlink:type="locator"/>
		<link:definitionArc order="10.0" xlink:arcrole="http://xbrl.org/int/dim/arcrole/dimension-default" xlink:from="loc_279" xlink:to="loc_280" xlink:type="arc"/>
		<link:loc xlink:href="../full_ifrs-cor_2025-03-27.xsd#ifrs-full_FinancialAssetsWithContingentFeaturesDomain" xlink:label="loc_282" xlink:type="locator"/>
		<link:loc xlink:href="../full_ifrs-cor_2025-03-27.xsd#ifrs-full_FinancialAssetsWithContingentFeaturesAxis" xlink:label="loc_281" xlink:type="locator"/>
		<link:definitionArc order="10.0" xlink:arcrole="http://xbrl.org/int/dim/arcrole/dimension-default" xlink:from="loc_281" xlink:to="loc_282" xlink:type="arc"/>
		<link:loc xlink:href="../full_ifrs-cor_2025-03-27.xsd#ifrs-full_FinancialLiabilitiesWithContingentFeaturesDomain" xlink:label="loc_284" xlink:type="locator"/>
		<link:loc xlink:href="../full_ifrs-cor_2025-03-27.xsd#ifrs-full_FinancialLiabilitiesWithContingentFeaturesAxis" xlink:label="loc_283" xlink:type="locator"/>
		<link:definitionArc order="10.0" xlink:arcrole="http://xbrl.org/int/dim/arcrole/dimension-default" xlink:from="loc_283" xlink:to="loc_284" xlink:type="arc"/>
	</link:definitionLink>
</link:linkbase>
