<?xml version="1.0" encoding="UTF-8"?>
<!-- IFRS Accounting Taxonomy 2025.**********************         Copyright (c) 2025 IFRS Foundation        All rights reserved. Reproduction and use rights are strictly limited.For more information on the IFRS Foundation's copyright and the terms and conditions of use for these files, please refer to https://www.ifrs.org/legal/terms-and-conditions/. The IFRS Foundation has trade marks registered around the world (Marks) including 'IAS', 'IASB', the IASB logo, 'IFRIC', 'IFRS', the IFRS logo, 'IFRS for SMEs', the IFRS for SMEs logo, the 'Hexagon Device', 'International Accounting Standards', 'International Financial Reporting Standards', 'NIIF' and 'SIC'. Further details of the IFRS Foundation's Marks are available from the IFRS Foundation on request.        ********************** -->
<link:linkbase xmlns:link="http://www.xbrl.org/2003/linkbase" xmlns:xbrldt="http://xbrl.org/2005/xbrldt" xmlns:xlink="http://www.w3.org/1999/xlink" xmlns:xsi="http://www.w3.org/2001/XMLSchema-instance" xsi:schemaLocation="http://www.xbrl.org/2003/linkbase http://www.xbrl.org/2003/xbrl-linkbase-2003-12-31.xsd http://www.w3.org/1999/xlink http://www.xbrl.org/2003/xlink-2003-12-31.xsd">
	<link:roleRef roleURI="http://www.xbrl.org/2009/role/negatedLabel" xlink:href="http://www.xbrl.org/lrr/role/negated-2009-12-16.xsd#negatedLabel" xlink:type="simple"/>
	<link:roleRef roleURI="http://www.xbrl.org/2009/role/negatedTotalLabel" xlink:href="http://www.xbrl.org/lrr/role/negated-2009-12-16.xsd#negatedTotalLabel" xlink:type="simple"/>
	<link:roleRef roleURI="https://xbrl.ifrs.org/role/ifrs-ea/ifrs_18_2025-03-27_role-420000" xlink:href="rol_ifrs_18_2025-03-27.xsd#ifrs_18_2025-03-27_role-420000" xlink:type="simple"/>
	<link:presentationLink xlink:role="https://xbrl.ifrs.org/role/ifrs-ea/ifrs_18_2025-03-27_role-420000" xlink:type="extended">
		<link:loc xlink:href="../../full_ifrs-cor_2025-03-27.xsd#ifrs-full_ProfitLoss" xlink:label="loc_2" xlink:type="locator"/>
		<link:loc xlink:href="../../full_ifrs-cor_2025-03-27.xsd#ifrs-full_StatementOfComprehensiveIncomeAbstract" xlink:label="loc_1" xlink:type="locator"/>
		<link:presentationArc order="10.0" xlink:arcrole="http://www.xbrl.org/2003/arcrole/parent-child" xlink:from="loc_1" xlink:to="loc_2" xlink:type="arc"/>
		<link:loc xlink:href="../../full_ifrs-cor_2025-03-27.xsd#ifrs-full_ComponentsOfOtherComprehensiveIncomeThatWillNotBeReclassifiedToProfitOrLossBeforeTaxAbstract" xlink:label="loc_4" xlink:type="locator"/>
		<link:loc xlink:href="../../full_ifrs-cor_2025-03-27.xsd#ifrs-full_OtherComprehensiveIncomeAbstract" xlink:label="loc_3" xlink:type="locator"/>
		<link:presentationArc order="10.0" xlink:arcrole="http://www.xbrl.org/2003/arcrole/parent-child" xlink:from="loc_3" xlink:to="loc_4" xlink:type="arc"/>
		<link:loc xlink:href="../../full_ifrs-cor_2025-03-27.xsd#ifrs-full_OtherComprehensiveIncomeBeforeTaxGainsLossesFromInvestmentsInEquityInstruments" xlink:label="loc_5" xlink:type="locator"/>
		<link:presentationArc order="10.0" xlink:arcrole="http://www.xbrl.org/2003/arcrole/parent-child" xlink:from="loc_4" xlink:to="loc_5" xlink:type="arc"/>
		<link:loc xlink:href="../../full_ifrs-cor_2025-03-27.xsd#ifrs-full_ExchangeDifferencesOnTranslationAbstract" xlink:label="loc_15" xlink:type="locator"/>
		<link:loc xlink:href="../../full_ifrs-cor_2025-03-27.xsd#ifrs-full_ComponentsOfOtherComprehensiveIncomeThatWillBeReclassifiedToProfitOrLossBeforeTaxAbstract" xlink:label="loc_14" xlink:type="locator"/>
		<link:presentationArc order="10.0" xlink:arcrole="http://www.xbrl.org/2003/arcrole/parent-child" xlink:from="loc_14" xlink:to="loc_15" xlink:type="arc"/>
		<link:loc xlink:href="../../full_ifrs-cor_2025-03-27.xsd#ifrs-full_GainsLossesOnExchangeDifferencesOnTranslationBeforeTax" xlink:label="loc_16" xlink:type="locator"/>
		<link:presentationArc order="10.0" xlink:arcrole="http://www.xbrl.org/2003/arcrole/parent-child" xlink:from="loc_15" xlink:to="loc_16" xlink:type="arc"/>
		<link:loc xlink:href="../../full_ifrs-cor_2025-03-27.xsd#ifrs-full_GainsLossesOnRemeasuringAvailableforsaleFinancialAssetsBeforeTax" xlink:label="loc_20" xlink:type="locator"/>
		<link:loc xlink:href="../../full_ifrs-cor_2025-03-27.xsd#ifrs-full_AvailableforsaleFinancialAssetsAbstract" xlink:label="loc_19" xlink:type="locator"/>
		<link:presentationArc order="10.0" xlink:arcrole="http://www.xbrl.org/2003/arcrole/parent-child" xlink:from="loc_19" xlink:to="loc_20" xlink:type="arc"/>
		<link:loc xlink:href="../../full_ifrs-cor_2025-03-27.xsd#ifrs-full_GainsLossesOnCashFlowHedgesBeforeTax" xlink:label="loc_23" xlink:type="locator"/>
		<link:loc xlink:href="../../full_ifrs-cor_2025-03-27.xsd#ifrs-full_CashFlowHedgesAbstract" xlink:label="loc_22" xlink:type="locator"/>
		<link:presentationArc order="10.0" xlink:arcrole="http://www.xbrl.org/2003/arcrole/parent-child" xlink:from="loc_22" xlink:to="loc_23" xlink:type="arc"/>
		<link:loc xlink:href="../../full_ifrs-cor_2025-03-27.xsd#ifrs-full_GainsLossesOnHedgesOfNetInvestmentsInForeignOperationsBeforeTax" xlink:label="loc_28" xlink:type="locator"/>
		<link:loc xlink:href="../../full_ifrs-cor_2025-03-27.xsd#ifrs-full_HedgesOfNetInvestmentsInForeignOperationsAbstract" xlink:label="loc_27" xlink:type="locator"/>
		<link:presentationArc order="10.0" xlink:arcrole="http://www.xbrl.org/2003/arcrole/parent-child" xlink:from="loc_27" xlink:to="loc_28" xlink:type="arc"/>
		<link:loc xlink:href="../../full_ifrs-cor_2025-03-27.xsd#ifrs-full_ChangeInValueOfTimeValueOfOptionsAbstract" xlink:label="loc_32" xlink:type="locator"/>
		<link:loc xlink:href="../../full_ifrs-cor_2025-03-27.xsd#ifrs-full_CostOfHedgingAbstract" xlink:label="loc_31" xlink:type="locator"/>
		<link:presentationArc order="10.0" xlink:arcrole="http://www.xbrl.org/2003/arcrole/parent-child" xlink:from="loc_31" xlink:to="loc_32" xlink:type="arc"/>
		<link:loc xlink:href="../../full_ifrs-cor_2025-03-27.xsd#ifrs-full_GainsLossesOnChangeInValueOfTimeValueOfOptionsBeforeTax" xlink:label="loc_33" xlink:type="locator"/>
		<link:presentationArc order="10.0" xlink:arcrole="http://www.xbrl.org/2003/arcrole/parent-child" xlink:from="loc_32" xlink:to="loc_33" xlink:type="arc"/>
		<link:loc xlink:href="../../full_ifrs-cor_2025-03-27.xsd#ifrs-full_GainsLossesOnChangeInValueOfForwardElementsOfForwardContractsBeforeTax" xlink:label="loc_37" xlink:type="locator"/>
		<link:loc xlink:href="../../full_ifrs-cor_2025-03-27.xsd#ifrs-full_ChangeInValueOfForwardElementsOfForwardContractsAbstract" xlink:label="loc_36" xlink:type="locator"/>
		<link:presentationArc order="10.0" xlink:arcrole="http://www.xbrl.org/2003/arcrole/parent-child" xlink:from="loc_36" xlink:to="loc_37" xlink:type="arc"/>
		<link:loc xlink:href="../../full_ifrs-cor_2025-03-27.xsd#ifrs-full_GainsLossesOnChangeInValueOfForeignCurrencyBasisSpreadsBeforeTax" xlink:label="loc_41" xlink:type="locator"/>
		<link:loc xlink:href="../../full_ifrs-cor_2025-03-27.xsd#ifrs-full_ChangeInValueOfForeignCurrencyBasisSpreadsAbstract" xlink:label="loc_40" xlink:type="locator"/>
		<link:presentationArc order="10.0" xlink:arcrole="http://www.xbrl.org/2003/arcrole/parent-child" xlink:from="loc_40" xlink:to="loc_41" xlink:type="arc"/>
		<link:loc xlink:href="../../full_ifrs-cor_2025-03-27.xsd#ifrs-full_GainsLossesOnFinancialAssetsMeasuredAtFairValueThroughOtherComprehensiveIncomeBeforeTax" xlink:label="loc_45" xlink:type="locator"/>
		<link:loc xlink:href="../../full_ifrs-cor_2025-03-27.xsd#ifrs-full_FinancialAssetsMeasuredAtFairValueThroughOtherComprehensiveIncomeAbstract" xlink:label="loc_44" xlink:type="locator"/>
		<link:presentationArc order="10.0" xlink:arcrole="http://www.xbrl.org/2003/arcrole/parent-child" xlink:from="loc_44" xlink:to="loc_45" xlink:type="arc"/>
		<link:loc xlink:href="../../full_ifrs-cor_2025-03-27.xsd#ifrs-full_InsuranceFinanceIncomeExpensesFromInsuranceContractsIssuedExcludedFromProfitOrLossThatWillBeReclassifiedToProfitOrLossBeforeTax" xlink:label="loc_50" xlink:type="locator"/>
		<link:loc xlink:href="../../full_ifrs-cor_2025-03-27.xsd#ifrs-full_InsuranceFinanceIncomeExpensesFromInsuranceContractsIssuedExcludedFromProfitOrLossAbstract" xlink:label="loc_49" xlink:type="locator"/>
		<link:presentationArc order="10.0" xlink:arcrole="http://www.xbrl.org/2003/arcrole/parent-child" xlink:from="loc_49" xlink:to="loc_50" xlink:type="arc"/>
		<link:loc xlink:href="../../full_ifrs-cor_2025-03-27.xsd#ifrs-full_FinanceIncomeExpensesFromReinsuranceContractsHeldExcludedFromProfitOrLossBeforeTax" xlink:label="loc_54" xlink:type="locator"/>
		<link:loc xlink:href="../../full_ifrs-cor_2025-03-27.xsd#ifrs-full_FinanceIncomeExpensesFromReinsuranceContractsHeldExcludedFromProfitOrLossAbstract" xlink:label="loc_53" xlink:type="locator"/>
		<link:presentationArc order="10.0" xlink:arcrole="http://www.xbrl.org/2003/arcrole/parent-child" xlink:from="loc_53" xlink:to="loc_54" xlink:type="arc"/>
		<link:loc xlink:href="../../full_ifrs-cor_2025-03-27.xsd#ifrs-full_IncomeTaxRelatingToInvestmentsInEquityInstrumentsOfOtherComprehensiveIncome" xlink:label="loc_61" xlink:type="locator"/>
		<link:loc xlink:href="../../full_ifrs-cor_2025-03-27.xsd#ifrs-full_IncomeTaxRelatingToComponentsOfOtherComprehensiveIncomeThatWillNotBeReclassifiedToProfitOrLossAbstract" xlink:label="loc_60" xlink:type="locator"/>
		<link:presentationArc order="10.0" preferredLabel="http://www.xbrl.org/2009/role/negatedLabel" xlink:arcrole="http://www.xbrl.org/2003/arcrole/parent-child" xlink:from="loc_60" xlink:to="loc_61" xlink:type="arc"/>
		<link:loc xlink:href="../../full_ifrs-cor_2025-03-27.xsd#ifrs-full_IncomeTaxRelatingToExchangeDifferencesOnTranslationOfOtherComprehensiveIncome" xlink:label="loc_71" xlink:type="locator"/>
		<link:loc xlink:href="../../full_ifrs-cor_2025-03-27.xsd#ifrs-full_IncomeTaxRelatingToComponentsOfOtherComprehensiveIncomeThatWillBeReclassifiedToProfitOrLossAbstract" xlink:label="loc_70" xlink:type="locator"/>
		<link:presentationArc order="10.0" preferredLabel="http://www.xbrl.org/2009/role/negatedLabel" xlink:arcrole="http://www.xbrl.org/2003/arcrole/parent-child" xlink:from="loc_70" xlink:to="loc_71" xlink:type="arc"/>
		<link:loc xlink:href="../../full_ifrs-cor_2025-03-27.xsd#ifrs-full_ComprehensiveIncomeAttributableToOwnersOfParent" xlink:label="loc_86" xlink:type="locator"/>
		<link:loc xlink:href="../../full_ifrs-cor_2025-03-27.xsd#ifrs-full_ComprehensiveIncomeAttributableToAbstract" xlink:label="loc_85" xlink:type="locator"/>
		<link:presentationArc order="10.0" xlink:arcrole="http://www.xbrl.org/2003/arcrole/parent-child" xlink:from="loc_85" xlink:to="loc_86" xlink:type="arc"/>
		<link:presentationArc order="20.0" xlink:arcrole="http://www.xbrl.org/2003/arcrole/parent-child" xlink:from="loc_1" xlink:to="loc_3" xlink:type="arc"/>
		<link:loc xlink:href="../../full_ifrs-cor_2025-03-27.xsd#ifrs-full_OtherComprehensiveIncomeBeforeTaxGainsLossesOnRevaluation" xlink:label="loc_6" xlink:type="locator"/>
		<link:presentationArc order="20.0" xlink:arcrole="http://www.xbrl.org/2003/arcrole/parent-child" xlink:from="loc_4" xlink:to="loc_6" xlink:type="arc"/>
		<link:loc xlink:href="../../full_ifrs-cor_2025-03-27.xsd#ifrs-full_ShareOfOtherComprehensiveIncomeOfAssociatesAndJointVenturesAccountedForUsingEquityMethodThatWillNotBeReclassifiedToProfitOrLossBeforeTax" xlink:label="loc_12" xlink:type="locator"/>
		<link:presentationArc order="20.0" xlink:arcrole="http://www.xbrl.org/2003/arcrole/parent-child" xlink:from="loc_3" xlink:to="loc_12" xlink:type="arc"/>
		<link:loc xlink:href="../../full_ifrs-cor_2025-03-27.xsd#ifrs-full_ReclassificationAdjustmentsOnExchangeDifferencesOnTranslationBeforeTax" xlink:label="loc_17" xlink:type="locator"/>
		<link:presentationArc order="20.0" preferredLabel="http://www.xbrl.org/2009/role/negatedLabel" xlink:arcrole="http://www.xbrl.org/2003/arcrole/parent-child" xlink:from="loc_15" xlink:to="loc_17" xlink:type="arc"/>
		<link:presentationArc order="20.0" xlink:arcrole="http://www.xbrl.org/2003/arcrole/parent-child" xlink:from="loc_14" xlink:to="loc_19" xlink:type="arc"/>
		<link:loc xlink:href="../../full_ifrs-cor_2025-03-27.xsd#ifrs-full_ReclassificationAdjustmentsOnAvailableforsaleFinancialAssetsBeforeTax" xlink:label="loc_21" xlink:type="locator"/>
		<link:presentationArc order="20.0" preferredLabel="http://www.xbrl.org/2009/role/negatedLabel" xlink:arcrole="http://www.xbrl.org/2003/arcrole/parent-child" xlink:from="loc_19" xlink:to="loc_21" xlink:type="arc"/>
		<link:loc xlink:href="../../full_ifrs-cor_2025-03-27.xsd#ifrs-full_ReclassificationAdjustmentsOnCashFlowHedgesBeforeTax" xlink:label="loc_24" xlink:type="locator"/>
		<link:presentationArc order="20.0" preferredLabel="http://www.xbrl.org/2009/role/negatedLabel" xlink:arcrole="http://www.xbrl.org/2003/arcrole/parent-child" xlink:from="loc_22" xlink:to="loc_24" xlink:type="arc"/>
		<link:loc xlink:href="../../full_ifrs-cor_2025-03-27.xsd#ifrs-full_ReclassificationAdjustmentsOnHedgesOfNetInvestmentsInForeignOperationsBeforeTax" xlink:label="loc_29" xlink:type="locator"/>
		<link:presentationArc order="20.0" preferredLabel="http://www.xbrl.org/2009/role/negatedLabel" xlink:arcrole="http://www.xbrl.org/2003/arcrole/parent-child" xlink:from="loc_27" xlink:to="loc_29" xlink:type="arc"/>
		<link:loc xlink:href="../../full_ifrs-cor_2025-03-27.xsd#ifrs-full_ReclassificationAdjustmentsOnChangeInValueOfTimeValueOfOptionsBeforeTax" xlink:label="loc_34" xlink:type="locator"/>
		<link:presentationArc order="20.0" preferredLabel="http://www.xbrl.org/2009/role/negatedLabel" xlink:arcrole="http://www.xbrl.org/2003/arcrole/parent-child" xlink:from="loc_32" xlink:to="loc_34" xlink:type="arc"/>
		<link:presentationArc order="20.0" xlink:arcrole="http://www.xbrl.org/2003/arcrole/parent-child" xlink:from="loc_31" xlink:to="loc_36" xlink:type="arc"/>
		<link:loc xlink:href="../../full_ifrs-cor_2025-03-27.xsd#ifrs-full_ReclassificationAdjustmentsOnChangeInValueOfForwardElementsOfForwardContractsBeforeTax" xlink:label="loc_38" xlink:type="locator"/>
		<link:presentationArc order="20.0" preferredLabel="http://www.xbrl.org/2009/role/negatedLabel" xlink:arcrole="http://www.xbrl.org/2003/arcrole/parent-child" xlink:from="loc_36" xlink:to="loc_38" xlink:type="arc"/>
		<link:loc xlink:href="../../full_ifrs-cor_2025-03-27.xsd#ifrs-full_ReclassificationAdjustmentsOnChangeInValueOfForeignCurrencyBasisSpreadsBeforeTax" xlink:label="loc_42" xlink:type="locator"/>
		<link:presentationArc order="20.0" preferredLabel="http://www.xbrl.org/2009/role/negatedLabel" xlink:arcrole="http://www.xbrl.org/2003/arcrole/parent-child" xlink:from="loc_40" xlink:to="loc_42" xlink:type="arc"/>
		<link:loc xlink:href="../../full_ifrs-cor_2025-03-27.xsd#ifrs-full_ReclassificationAdjustmentsOnFinancialAssetsMeasuredAtFairValueThroughOtherComprehensiveIncomeBeforeTax" xlink:label="loc_46" xlink:type="locator"/>
		<link:presentationArc order="20.0" preferredLabel="http://www.xbrl.org/2009/role/negatedLabel" xlink:arcrole="http://www.xbrl.org/2003/arcrole/parent-child" xlink:from="loc_44" xlink:to="loc_46" xlink:type="arc"/>
		<link:loc xlink:href="../../full_ifrs-cor_2025-03-27.xsd#ifrs-full_ReclassificationAdjustmentsOnInsuranceFinanceIncomeExpensesFromInsuranceContractsIssuedExcludedFromProfitOrLossBeforeTax" xlink:label="loc_51" xlink:type="locator"/>
		<link:presentationArc order="20.0" preferredLabel="http://www.xbrl.org/2009/role/negatedLabel" xlink:arcrole="http://www.xbrl.org/2003/arcrole/parent-child" xlink:from="loc_49" xlink:to="loc_51" xlink:type="arc"/>
		<link:loc xlink:href="../../full_ifrs-cor_2025-03-27.xsd#ifrs-full_ReclassificationAdjustmentsOnFinanceIncomeExpensesFromReinsuranceContractsHeldExcludedFromProfitOrLossBeforeTax" xlink:label="loc_55" xlink:type="locator"/>
		<link:presentationArc order="20.0" preferredLabel="http://www.xbrl.org/2009/role/negatedLabel" xlink:arcrole="http://www.xbrl.org/2003/arcrole/parent-child" xlink:from="loc_53" xlink:to="loc_55" xlink:type="arc"/>
		<link:loc xlink:href="../../full_ifrs-cor_2025-03-27.xsd#ifrs-full_IncomeTaxRelatingToChangesInRevaluationSurplusOfOtherComprehensiveIncome" xlink:label="loc_62" xlink:type="locator"/>
		<link:presentationArc order="20.0" preferredLabel="http://www.xbrl.org/2009/role/negatedLabel" xlink:arcrole="http://www.xbrl.org/2003/arcrole/parent-child" xlink:from="loc_60" xlink:to="loc_62" xlink:type="arc"/>
		<link:loc xlink:href="../../full_ifrs-cor_2025-03-27.xsd#ifrs-full_IncomeTaxRelatingToAvailableforsaleFinancialAssetsOfOtherComprehensiveIncome" xlink:label="loc_72" xlink:type="locator"/>
		<link:presentationArc order="20.0" preferredLabel="http://www.xbrl.org/2009/role/negatedLabel" xlink:arcrole="http://www.xbrl.org/2003/arcrole/parent-child" xlink:from="loc_70" xlink:to="loc_72" xlink:type="arc"/>
		<link:loc xlink:href="../../full_ifrs-cor_2025-03-27.xsd#ifrs-full_ComprehensiveIncomeAttributableToNoncontrollingInterests" xlink:label="loc_87" xlink:type="locator"/>
		<link:presentationArc order="20.0" xlink:arcrole="http://www.xbrl.org/2003/arcrole/parent-child" xlink:from="loc_85" xlink:to="loc_87" xlink:type="arc"/>
		<link:loc xlink:href="../../full_ifrs-cor_2025-03-27.xsd#ifrs-full_OtherComprehensiveIncomeBeforeTaxGainsLossesOnRemeasurementsOfDefinedBenefitPlans" xlink:label="loc_7" xlink:type="locator"/>
		<link:presentationArc order="30.0" xlink:arcrole="http://www.xbrl.org/2003/arcrole/parent-child" xlink:from="loc_4" xlink:to="loc_7" xlink:type="arc"/>
		<link:loc xlink:href="../../full_ifrs-cor_2025-03-27.xsd#ifrs-full_OtherComprehensiveIncomeThatWillNotBeReclassifiedToProfitOrLossBeforeTax" xlink:label="loc_13" xlink:type="locator"/>
		<link:presentationArc order="30.0" preferredLabel="http://www.xbrl.org/2003/role/totalLabel" xlink:arcrole="http://www.xbrl.org/2003/arcrole/parent-child" xlink:from="loc_3" xlink:to="loc_13" xlink:type="arc"/>
		<link:loc xlink:href="../../full_ifrs-cor_2025-03-27.xsd#ifrs-full_OtherComprehensiveIncomeBeforeTaxExchangeDifferencesOnTranslation" xlink:label="loc_18" xlink:type="locator"/>
		<link:presentationArc order="30.0" preferredLabel="http://www.xbrl.org/2003/role/totalLabel" xlink:arcrole="http://www.xbrl.org/2003/arcrole/parent-child" xlink:from="loc_15" xlink:to="loc_18" xlink:type="arc"/>
		<link:presentationArc order="30.0" xlink:arcrole="http://www.xbrl.org/2003/arcrole/parent-child" xlink:from="loc_14" xlink:to="loc_22" xlink:type="arc"/>
		<link:loc xlink:href="../../full_ifrs-cor_2025-03-27.xsd#ifrs-full_AmountsRemovedFromEquityAndIncludedInCarryingAmountOfNonfinancialAssetLiabilityWhoseAcquisitionOrIncurrenceWasHedgedHighlyProbableForecastTransactionBeforeTax" xlink:label="loc_25" xlink:type="locator"/>
		<link:presentationArc order="30.0" preferredLabel="http://www.xbrl.org/2009/role/negatedLabel" xlink:arcrole="http://www.xbrl.org/2003/arcrole/parent-child" xlink:from="loc_22" xlink:to="loc_25" xlink:type="arc"/>
		<link:loc xlink:href="../../full_ifrs-cor_2025-03-27.xsd#ifrs-full_OtherComprehensiveIncomeBeforeTaxHedgesOfNetInvestmentsInForeignOperations" xlink:label="loc_30" xlink:type="locator"/>
		<link:presentationArc order="30.0" preferredLabel="http://www.xbrl.org/2003/role/totalLabel" xlink:arcrole="http://www.xbrl.org/2003/arcrole/parent-child" xlink:from="loc_27" xlink:to="loc_30" xlink:type="arc"/>
		<link:loc xlink:href="../../full_ifrs-cor_2025-03-27.xsd#ifrs-full_OtherComprehensiveIncomeBeforeTaxChangeInValueOfTimeValueOfOptions" xlink:label="loc_35" xlink:type="locator"/>
		<link:presentationArc order="30.0" preferredLabel="http://www.xbrl.org/2003/role/totalLabel" xlink:arcrole="http://www.xbrl.org/2003/arcrole/parent-child" xlink:from="loc_32" xlink:to="loc_35" xlink:type="arc"/>
		<link:loc xlink:href="../../full_ifrs-cor_2025-03-27.xsd#ifrs-full_OtherComprehensiveIncomeBeforeTaxChangeInValueOfForwardElementsOfForwardContracts" xlink:label="loc_39" xlink:type="locator"/>
		<link:presentationArc order="30.0" preferredLabel="http://www.xbrl.org/2003/role/totalLabel" xlink:arcrole="http://www.xbrl.org/2003/arcrole/parent-child" xlink:from="loc_36" xlink:to="loc_39" xlink:type="arc"/>
		<link:presentationArc order="30.0" xlink:arcrole="http://www.xbrl.org/2003/arcrole/parent-child" xlink:from="loc_31" xlink:to="loc_40" xlink:type="arc"/>
		<link:loc xlink:href="../../full_ifrs-cor_2025-03-27.xsd#ifrs-full_OtherComprehensiveIncomeBeforeTaxChangeInValueOfForeignCurrencyBasisSpreads" xlink:label="loc_43" xlink:type="locator"/>
		<link:presentationArc order="30.0" preferredLabel="http://www.xbrl.org/2003/role/totalLabel" xlink:arcrole="http://www.xbrl.org/2003/arcrole/parent-child" xlink:from="loc_40" xlink:to="loc_43" xlink:type="arc"/>
		<link:loc xlink:href="../../full_ifrs-cor_2025-03-27.xsd#ifrs-full_AmountsRemovedFromEquityAndAdjustedAgainstFairValueOfFinancialAssetsOnReclassificationOutOfFairValueThroughOtherComprehensiveIncomeMeasurementCategoryBeforeTax" xlink:label="loc_47" xlink:type="locator"/>
		<link:presentationArc order="30.0" preferredLabel="http://www.xbrl.org/2009/role/negatedLabel" xlink:arcrole="http://www.xbrl.org/2003/arcrole/parent-child" xlink:from="loc_44" xlink:to="loc_47" xlink:type="arc"/>
		<link:loc xlink:href="../../full_ifrs-cor_2025-03-27.xsd#ifrs-full_OtherComprehensiveIncomeBeforeTaxInsuranceFinanceIncomeExpensesFromInsuranceContractsIssuedExcludedFromProfitOrLossThatWillBeReclassifiedToProfitOrLoss" xlink:label="loc_52" xlink:type="locator"/>
		<link:presentationArc order="30.0" preferredLabel="http://www.xbrl.org/2003/role/totalLabel" xlink:arcrole="http://www.xbrl.org/2003/arcrole/parent-child" xlink:from="loc_49" xlink:to="loc_52" xlink:type="arc"/>
		<link:loc xlink:href="../../full_ifrs-cor_2025-03-27.xsd#ifrs-full_OtherComprehensiveIncomeBeforeTaxFinanceIncomeExpensesFromReinsuranceContractsHeldExcludedFromProfitOrLoss" xlink:label="loc_56" xlink:type="locator"/>
		<link:presentationArc order="30.0" preferredLabel="http://www.xbrl.org/2003/role/totalLabel" xlink:arcrole="http://www.xbrl.org/2003/arcrole/parent-child" xlink:from="loc_53" xlink:to="loc_56" xlink:type="arc"/>
		<link:loc xlink:href="../../full_ifrs-cor_2025-03-27.xsd#ifrs-full_IncomeTaxRelatingToRemeasurementsOfDefinedBenefitPlansOfOtherComprehensiveIncome" xlink:label="loc_63" xlink:type="locator"/>
		<link:presentationArc order="30.0" preferredLabel="http://www.xbrl.org/2009/role/negatedLabel" xlink:arcrole="http://www.xbrl.org/2003/arcrole/parent-child" xlink:from="loc_60" xlink:to="loc_63" xlink:type="arc"/>
		<link:loc xlink:href="../../full_ifrs-cor_2025-03-27.xsd#ifrs-full_IncomeTaxRelatingToCashFlowHedgesOfOtherComprehensiveIncome" xlink:label="loc_73" xlink:type="locator"/>
		<link:presentationArc order="30.0" preferredLabel="http://www.xbrl.org/2009/role/negatedLabel" xlink:arcrole="http://www.xbrl.org/2003/arcrole/parent-child" xlink:from="loc_70" xlink:to="loc_73" xlink:type="arc"/>
		<link:loc xlink:href="../../full_ifrs-cor_2025-03-27.xsd#ifrs-full_ComprehensiveIncome" xlink:label="loc_84" xlink:type="locator"/>
		<link:presentationArc order="30.0" preferredLabel="http://www.xbrl.org/2003/role/totalLabel" xlink:arcrole="http://www.xbrl.org/2003/arcrole/parent-child" xlink:from="loc_1" xlink:to="loc_84" xlink:type="arc"/>
		<link:loc xlink:href="../../full_ifrs-cor_2025-03-27.xsd#ifrs-full_OtherComprehensiveIncomeBeforeTaxExchangeDifferencesOnTranslationOtherThanTranslationOfForeignOperations" xlink:label="loc_8" xlink:type="locator"/>
		<link:presentationArc order="40.0" xlink:arcrole="http://www.xbrl.org/2003/arcrole/parent-child" xlink:from="loc_4" xlink:to="loc_8" xlink:type="arc"/>
		<link:presentationArc order="40.0" xlink:arcrole="http://www.xbrl.org/2003/arcrole/parent-child" xlink:from="loc_3" xlink:to="loc_14" xlink:type="arc"/>
		<link:loc xlink:href="../../full_ifrs-cor_2025-03-27.xsd#ifrs-full_OtherComprehensiveIncomeBeforeTaxCashFlowHedges" xlink:label="loc_26" xlink:type="locator"/>
		<link:presentationArc order="40.0" preferredLabel="http://www.xbrl.org/2003/role/totalLabel" xlink:arcrole="http://www.xbrl.org/2003/arcrole/parent-child" xlink:from="loc_22" xlink:to="loc_26" xlink:type="arc"/>
		<link:presentationArc order="40.0" xlink:arcrole="http://www.xbrl.org/2003/arcrole/parent-child" xlink:from="loc_14" xlink:to="loc_27" xlink:type="arc"/>
		<link:loc xlink:href="../../full_ifrs-cor_2025-03-27.xsd#ifrs-full_OtherComprehensiveIncomeBeforeTaxFinancialAssetsMeasuredAtFairValueThroughOtherComprehensiveIncome" xlink:label="loc_48" xlink:type="locator"/>
		<link:presentationArc order="40.0" preferredLabel="http://www.xbrl.org/2003/role/totalLabel" xlink:arcrole="http://www.xbrl.org/2003/arcrole/parent-child" xlink:from="loc_44" xlink:to="loc_48" xlink:type="arc"/>
		<link:loc xlink:href="../../full_ifrs-cor_2025-03-27.xsd#ifrs-full_IncomeTaxRelatingToExchangeDifferencesOnTranslationOtherThanTranslationOfForeignOperationsIncludedInOtherComprehensiveIncome" xlink:label="loc_64" xlink:type="locator"/>
		<link:presentationArc order="40.0" preferredLabel="http://www.xbrl.org/2009/role/negatedLabel" xlink:arcrole="http://www.xbrl.org/2003/arcrole/parent-child" xlink:from="loc_60" xlink:to="loc_64" xlink:type="arc"/>
		<link:loc xlink:href="../../full_ifrs-cor_2025-03-27.xsd#ifrs-full_IncomeTaxRelatingToHedgesOfNetInvestmentsInForeignOperationsOfOtherComprehensiveIncome" xlink:label="loc_74" xlink:type="locator"/>
		<link:presentationArc order="40.0" preferredLabel="http://www.xbrl.org/2009/role/negatedLabel" xlink:arcrole="http://www.xbrl.org/2003/arcrole/parent-child" xlink:from="loc_70" xlink:to="loc_74" xlink:type="arc"/>
		<link:presentationArc order="40.0" xlink:arcrole="http://www.xbrl.org/2003/arcrole/parent-child" xlink:from="loc_1" xlink:to="loc_85" xlink:type="arc"/>
		<link:loc xlink:href="../../full_ifrs-cor_2025-03-27.xsd#ifrs-full_OtherComprehensiveIncomeBeforeTaxChangeInFairValueOfFinancialLiabilityAttributableToChangeInCreditRiskOfLiability" xlink:label="loc_9" xlink:type="locator"/>
		<link:presentationArc order="50.0" xlink:arcrole="http://www.xbrl.org/2003/arcrole/parent-child" xlink:from="loc_4" xlink:to="loc_9" xlink:type="arc"/>
		<link:presentationArc order="50.0" xlink:arcrole="http://www.xbrl.org/2003/arcrole/parent-child" xlink:from="loc_14" xlink:to="loc_31" xlink:type="arc"/>
		<link:loc xlink:href="../../full_ifrs-cor_2025-03-27.xsd#ifrs-full_ShareOfOtherComprehensiveIncomeOfAssociatesAndJointVenturesAccountedForUsingEquityMethodThatWillBeReclassifiedToProfitOrLossBeforeTax" xlink:label="loc_57" xlink:type="locator"/>
		<link:presentationArc order="50.0" xlink:arcrole="http://www.xbrl.org/2003/arcrole/parent-child" xlink:from="loc_3" xlink:to="loc_57" xlink:type="arc"/>
		<link:loc xlink:href="../../full_ifrs-cor_2025-03-27.xsd#ifrs-full_IncomeTaxRelatingToChangesInFairValueOfFinancialLiabilityAttributableToChangeInCreditRiskOfLiabilityOfOtherComprehensiveIncome" xlink:label="loc_65" xlink:type="locator"/>
		<link:presentationArc order="50.0" preferredLabel="http://www.xbrl.org/2009/role/negatedLabel" xlink:arcrole="http://www.xbrl.org/2003/arcrole/parent-child" xlink:from="loc_60" xlink:to="loc_65" xlink:type="arc"/>
		<link:loc xlink:href="../../full_ifrs-cor_2025-03-27.xsd#ifrs-full_IncomeTaxRelatingToChangeInValueOfTimeValueOfOptionsOfOtherComprehensiveIncome" xlink:label="loc_75" xlink:type="locator"/>
		<link:presentationArc order="50.0" preferredLabel="http://www.xbrl.org/2009/role/negatedLabel" xlink:arcrole="http://www.xbrl.org/2003/arcrole/parent-child" xlink:from="loc_70" xlink:to="loc_75" xlink:type="arc"/>
		<link:loc xlink:href="../../full_ifrs-cor_2025-03-27.xsd#ifrs-full_OtherComprehensiveIncomeBeforeTaxGainsLossesOnHedgingInstrumentsThatHedgeInvestmentsInEquityInstruments" xlink:label="loc_10" xlink:type="locator"/>
		<link:presentationArc order="60.0" xlink:arcrole="http://www.xbrl.org/2003/arcrole/parent-child" xlink:from="loc_4" xlink:to="loc_10" xlink:type="arc"/>
		<link:presentationArc order="60.0" xlink:arcrole="http://www.xbrl.org/2003/arcrole/parent-child" xlink:from="loc_14" xlink:to="loc_44" xlink:type="arc"/>
		<link:loc xlink:href="../../full_ifrs-cor_2025-03-27.xsd#ifrs-full_OtherComprehensiveIncomeThatWillBeReclassifiedToProfitOrLossBeforeTax" xlink:label="loc_58" xlink:type="locator"/>
		<link:presentationArc order="60.0" preferredLabel="http://www.xbrl.org/2003/role/totalLabel" xlink:arcrole="http://www.xbrl.org/2003/arcrole/parent-child" xlink:from="loc_3" xlink:to="loc_58" xlink:type="arc"/>
		<link:loc xlink:href="../../full_ifrs-cor_2025-03-27.xsd#ifrs-full_IncomeTaxRelatingToHedgesOfInvestmentsInEquityInstrumentsOfOtherComprehensiveIncome" xlink:label="loc_66" xlink:type="locator"/>
		<link:presentationArc order="60.0" preferredLabel="http://www.xbrl.org/2009/role/negatedLabel" xlink:arcrole="http://www.xbrl.org/2003/arcrole/parent-child" xlink:from="loc_60" xlink:to="loc_66" xlink:type="arc"/>
		<link:loc xlink:href="../../full_ifrs-cor_2025-03-27.xsd#ifrs-full_IncomeTaxRelatingToChangeInValueOfForwardElementsOfForwardContractsOfOtherComprehensiveIncome" xlink:label="loc_76" xlink:type="locator"/>
		<link:presentationArc order="60.0" preferredLabel="http://www.xbrl.org/2009/role/negatedLabel" xlink:arcrole="http://www.xbrl.org/2003/arcrole/parent-child" xlink:from="loc_70" xlink:to="loc_76" xlink:type="arc"/>
		<link:loc xlink:href="../../full_ifrs-cor_2025-03-27.xsd#ifrs-full_OtherComprehensiveIncomeBeforeTaxInsuranceFinanceIncomeExpensesFromInsuranceContractsIssuedExcludedFromProfitOrLossThatWillNotBeReclassifiedToProfitOrLoss" xlink:label="loc_11" xlink:type="locator"/>
		<link:presentationArc order="70.0" xlink:arcrole="http://www.xbrl.org/2003/arcrole/parent-child" xlink:from="loc_4" xlink:to="loc_11" xlink:type="arc"/>
		<link:presentationArc order="70.0" xlink:arcrole="http://www.xbrl.org/2003/arcrole/parent-child" xlink:from="loc_14" xlink:to="loc_49" xlink:type="arc"/>
		<link:loc xlink:href="../../full_ifrs-cor_2025-03-27.xsd#ifrs-full_OtherComprehensiveIncomeBeforeTax" xlink:label="loc_59" xlink:type="locator"/>
		<link:presentationArc order="70.0" preferredLabel="http://www.xbrl.org/2003/role/totalLabel" xlink:arcrole="http://www.xbrl.org/2003/arcrole/parent-child" xlink:from="loc_3" xlink:to="loc_59" xlink:type="arc"/>
		<link:loc xlink:href="../../full_ifrs-cor_2025-03-27.xsd#ifrs-full_IncomeTaxRelatingToInsuranceFinanceIncomeExpensesFromInsuranceContractsIssuedOfOtherComprehensiveIncomeThatWillNotBeReclassifiedToProfitOrLoss" xlink:label="loc_67" xlink:type="locator"/>
		<link:presentationArc order="70.0" preferredLabel="http://www.xbrl.org/2009/role/negatedLabel" xlink:arcrole="http://www.xbrl.org/2003/arcrole/parent-child" xlink:from="loc_60" xlink:to="loc_67" xlink:type="arc"/>
		<link:loc xlink:href="../../full_ifrs-cor_2025-03-27.xsd#ifrs-full_IncomeTaxRelatingToChangeInValueOfForeignCurrencyBasisSpreadsOfOtherComprehensiveIncome" xlink:label="loc_77" xlink:type="locator"/>
		<link:presentationArc order="70.0" preferredLabel="http://www.xbrl.org/2009/role/negatedLabel" xlink:arcrole="http://www.xbrl.org/2003/arcrole/parent-child" xlink:from="loc_70" xlink:to="loc_77" xlink:type="arc"/>
		<link:presentationArc order="80.0" xlink:arcrole="http://www.xbrl.org/2003/arcrole/parent-child" xlink:from="loc_14" xlink:to="loc_53" xlink:type="arc"/>
		<link:presentationArc order="80.0" xlink:arcrole="http://www.xbrl.org/2003/arcrole/parent-child" xlink:from="loc_3" xlink:to="loc_60" xlink:type="arc"/>
		<link:loc xlink:href="../../full_ifrs-cor_2025-03-27.xsd#ifrs-full_IncomeTaxRelatingToComponentsOfOtherComprehensiveIncomeThatWillNotBeReclassifiedToProfitOrLoss" xlink:label="loc_68" xlink:type="locator"/>
		<link:presentationArc order="80.0" preferredLabel="http://www.xbrl.org/2009/role/negatedTotalLabel" xlink:arcrole="http://www.xbrl.org/2003/arcrole/parent-child" xlink:from="loc_60" xlink:to="loc_68" xlink:type="arc"/>
		<link:loc xlink:href="../../full_ifrs-cor_2025-03-27.xsd#ifrs-full_IncomeTaxRelatingToFinancialAssetsMeasuredAtFairValueThroughOtherComprehensiveIncome" xlink:label="loc_78" xlink:type="locator"/>
		<link:presentationArc order="80.0" preferredLabel="http://www.xbrl.org/2009/role/negatedLabel" xlink:arcrole="http://www.xbrl.org/2003/arcrole/parent-child" xlink:from="loc_70" xlink:to="loc_78" xlink:type="arc"/>
		<link:loc xlink:href="../../full_ifrs-cor_2025-03-27.xsd#ifrs-full_IncomeTaxRelatingToShareOfOtherComprehensiveIncomeOfAssociatesAndJointVenturesAccountedForUsingEquityMethodThatWillNotBeReclassifiedToProfitOrLoss" xlink:label="loc_69" xlink:type="locator"/>
		<link:presentationArc order="90.0" preferredLabel="http://www.xbrl.org/2009/role/negatedLabel" xlink:arcrole="http://www.xbrl.org/2003/arcrole/parent-child" xlink:from="loc_3" xlink:to="loc_69" xlink:type="arc"/>
		<link:loc xlink:href="../../full_ifrs-cor_2025-03-27.xsd#ifrs-full_IncomeTaxRelatingToInsuranceFinanceIncomeExpensesFromInsuranceContractsIssuedOfOtherComprehensiveIncomeThatWillBeReclassifiedToProfitOrLoss" xlink:label="loc_79" xlink:type="locator"/>
		<link:presentationArc order="90.0" preferredLabel="http://www.xbrl.org/2009/role/negatedLabel" xlink:arcrole="http://www.xbrl.org/2003/arcrole/parent-child" xlink:from="loc_70" xlink:to="loc_79" xlink:type="arc"/>
		<link:presentationArc order="100.0" xlink:arcrole="http://www.xbrl.org/2003/arcrole/parent-child" xlink:from="loc_3" xlink:to="loc_70" xlink:type="arc"/>
		<link:loc xlink:href="../../full_ifrs-cor_2025-03-27.xsd#ifrs-full_IncomeTaxRelatingToFinanceIncomeExpensesFromReinsuranceContractsHeldOfOtherComprehensiveIncome" xlink:label="loc_80" xlink:type="locator"/>
		<link:presentationArc order="100.0" preferredLabel="http://www.xbrl.org/2009/role/negatedLabel" xlink:arcrole="http://www.xbrl.org/2003/arcrole/parent-child" xlink:from="loc_70" xlink:to="loc_80" xlink:type="arc"/>
		<link:loc xlink:href="../../full_ifrs-cor_2025-03-27.xsd#ifrs-full_IncomeTaxRelatingToComponentsOfOtherComprehensiveIncomeThatWillBeReclassifiedToProfitOrLoss" xlink:label="loc_81" xlink:type="locator"/>
		<link:presentationArc order="110.0" preferredLabel="http://www.xbrl.org/2009/role/negatedTotalLabel" xlink:arcrole="http://www.xbrl.org/2003/arcrole/parent-child" xlink:from="loc_70" xlink:to="loc_81" xlink:type="arc"/>
		<link:loc xlink:href="../../full_ifrs-cor_2025-03-27.xsd#ifrs-full_IncomeTaxRelatingToShareOfOtherComprehensiveIncomeOfAssociatesAndJointVenturesAccountedForUsingEquityMethodThatWillBeReclassifiedToProfitOrLoss" xlink:label="loc_82" xlink:type="locator"/>
		<link:presentationArc order="110.0" preferredLabel="http://www.xbrl.org/2009/role/negatedLabel" xlink:arcrole="http://www.xbrl.org/2003/arcrole/parent-child" xlink:from="loc_3" xlink:to="loc_82" xlink:type="arc"/>
		<link:loc xlink:href="../../full_ifrs-cor_2025-03-27.xsd#ifrs-full_OtherComprehensiveIncome" xlink:label="loc_83" xlink:type="locator"/>
		<link:presentationArc order="120.0" preferredLabel="http://www.xbrl.org/2003/role/totalLabel" xlink:arcrole="http://www.xbrl.org/2003/arcrole/parent-child" xlink:from="loc_3" xlink:to="loc_83" xlink:type="arc"/>
	</link:presentationLink>
</link:linkbase>
