<?xml version="1.0" encoding="UTF-8"?>
<!-- IFRS Accounting Taxonomy 2025.**********************         Copyright (c) 2025 IFRS Foundation        All rights reserved. Reproduction and use rights are strictly limited.For more information on the IFRS Foundation's copyright and the terms and conditions of use for these files, please refer to https://www.ifrs.org/legal/terms-and-conditions/. The IFRS Foundation has trade marks registered around the world (Marks) including 'IAS', 'IASB', the IASB logo, 'IFRIC', 'IFRS', the IFRS logo, 'IFRS for SMEs', the IFRS for SMEs logo, the 'Hexagon Device', 'International Accounting Standards', 'International Financial Reporting Standards', 'NIIF' and 'SIC'. Further details of the IFRS Foundation's Marks are available from the IFRS Foundation on request.        ********************** -->
<link:linkbase xmlns:gen="http://xbrl.org/2008/generic" xmlns:label="http://xbrl.org/2008/label" xmlns:link="http://www.xbrl.org/2003/linkbase" xmlns:xbrldt="http://xbrl.org/2005/xbrldt" xmlns:xlink="http://www.w3.org/1999/xlink" xmlns:xsi="http://www.w3.org/2001/XMLSchema-instance" xsi:schemaLocation="http://www.xbrl.org/2003/linkbase http://www.xbrl.org/2003/xbrl-linkbase-2003-12-31.xsd http://www.w3.org/1999/xlink http://www.xbrl.org/2003/xlink-2003-12-31.xsd http://xbrl.org/2008/generic http://www.xbrl.org/2008/generic-link.xsd http://xbrl.org/2008/label http://www.xbrl.org/2008/generic-label.xsd">
	<link:roleRef roleURI="http://www.xbrl.org/2008/role/link" xlink:href="http://www.xbrl.org/2008/generic-link.xsd#standard-link-role" xlink:type="simple"/>
	<link:roleRef roleURI="http://www.xbrl.org/2008/role/label" xlink:href="http://www.xbrl.org/2008/generic-label.xsd#standard-label" xlink:type="simple"/>
	<link:arcroleRef arcroleURI="http://xbrl.org/arcrole/2008/element-label" xlink:href="http://www.xbrl.org/2008/generic-label.xsd#element-label" xlink:type="simple"/>
	<gen:link xlink:role="http://www.xbrl.org/2008/role/link" xlink:type="extended">
		<label:label xlink:label="res_1" xlink:role="http://www.xbrl.org/2008/role/label" xlink:type="resource" xml:lang="en">[836600] Notes - Insurance contracts (IFRS 17)</label:label>
		<link:loc xlink:href="rol_ifrs_17_2025-03-27.xsd#ifrs_17_2025-03-27_role-836600" xlink:label="loc_1" xlink:type="locator"/>
		<gen:arc xlink:arcrole="http://xbrl.org/arcrole/2008/element-label" xlink:from="loc_1" xlink:to="res_1" xlink:type="arc"/>
		<label:label xlink:label="res_2" xlink:role="http://www.xbrl.org/2008/role/label" xlink:type="resource" xml:lang="en">[836600a] Notes - Insurance contracts (IFRS 17) - Disclosure of reconciliation of changes in insurance contracts by components</label:label>
		<link:loc xlink:href="rol_ifrs_17_2025-03-27.xsd#ifrs_17_2025-03-27_role-836600a" xlink:label="loc_2" xlink:type="locator"/>
		<gen:arc xlink:arcrole="http://xbrl.org/arcrole/2008/element-label" xlink:from="loc_2" xlink:to="res_2" xlink:type="arc"/>
		<label:label xlink:label="res_3" xlink:role="http://www.xbrl.org/2008/role/label" xlink:type="resource" xml:lang="en">[836600b] Notes - Insurance contracts (IFRS 17) - Disclosure of analysis of insurance revenue</label:label>
		<link:loc xlink:href="rol_ifrs_17_2025-03-27.xsd#ifrs_17_2025-03-27_role-836600b" xlink:label="loc_3" xlink:type="locator"/>
		<gen:arc xlink:arcrole="http://xbrl.org/arcrole/2008/element-label" xlink:from="loc_3" xlink:to="res_3" xlink:type="arc"/>
		<label:label xlink:label="res_4" xlink:role="http://www.xbrl.org/2008/role/label" xlink:type="resource" xml:lang="en">[836600c] Notes - Insurance contracts (IFRS 17) - Disclosure of effect of insurance contracts initially recognised</label:label>
		<link:loc xlink:href="rol_ifrs_17_2025-03-27.xsd#ifrs_17_2025-03-27_role-836600c" xlink:label="loc_4" xlink:type="locator"/>
		<gen:arc xlink:arcrole="http://xbrl.org/arcrole/2008/element-label" xlink:from="loc_4" xlink:to="res_4" xlink:type="arc"/>
		<label:label xlink:label="res_5" xlink:role="http://www.xbrl.org/2008/role/label" xlink:type="resource" xml:lang="en">[836600d] Notes - Insurance contracts (IFRS 17) - Disclosure of information about expected recognition of contractual service margin in profit or loss</label:label>
		<link:loc xlink:href="rol_ifrs_17_2025-03-27.xsd#ifrs_17_2025-03-27_role-836600d" xlink:label="loc_5" xlink:type="locator"/>
		<gen:arc xlink:arcrole="http://xbrl.org/arcrole/2008/element-label" xlink:from="loc_5" xlink:to="res_5" xlink:type="arc"/>
		<label:label xlink:label="res_6" xlink:role="http://www.xbrl.org/2008/role/label" xlink:type="resource" xml:lang="en">[836600e] Notes - Insurance contracts (IFRS 17) - Disclosure of adjustments made when entity changed basis of disaggregation of insurance finance income (expenses) between profit or loss and other comprehensive income for contracts with direct participation features</label:label>
		<link:loc xlink:href="rol_ifrs_17_2025-03-27.xsd#ifrs_17_2025-03-27_role-836600e" xlink:label="loc_6" xlink:type="locator"/>
		<gen:arc xlink:arcrole="http://xbrl.org/arcrole/2008/element-label" xlink:from="loc_6" xlink:to="res_6" xlink:type="arc"/>
		<label:label xlink:label="res_7" xlink:role="http://www.xbrl.org/2008/role/label" xlink:type="resource" xml:lang="en">[836600f] Notes - Insurance contracts (IFRS 17) - Disclosure of inputs to methods used to measure contracts within scope of IFRS 17</label:label>
		<link:loc xlink:href="rol_ifrs_17_2025-03-27.xsd#ifrs_17_2025-03-27_role-836600f" xlink:label="loc_7" xlink:type="locator"/>
		<gen:arc xlink:arcrole="http://xbrl.org/arcrole/2008/element-label" xlink:from="loc_7" xlink:to="res_7" xlink:type="arc"/>
		<label:label xlink:label="res_8" xlink:role="http://www.xbrl.org/2008/role/label" xlink:type="resource" xml:lang="en">[836600g] Notes - Insurance contracts (IFRS 17) - Disclosure of yield curve used to discount cash flows that do not vary based on returns on underlying items</label:label>
		<link:loc xlink:href="rol_ifrs_17_2025-03-27.xsd#ifrs_17_2025-03-27_role-836600g" xlink:label="loc_8" xlink:type="locator"/>
		<gen:arc xlink:arcrole="http://xbrl.org/arcrole/2008/element-label" xlink:from="loc_8" xlink:to="res_8" xlink:type="arc"/>
		<label:label xlink:label="res_9" xlink:role="http://www.xbrl.org/2008/role/label" xlink:type="resource" xml:lang="en">[836600h] Notes - Insurance contracts (IFRS 17) - Disclosure of nature and extent of risks that arise from contracts within scope of IFRS 17</label:label>
		<link:loc xlink:href="rol_ifrs_17_2025-03-27.xsd#ifrs_17_2025-03-27_role-836600h" xlink:label="loc_9" xlink:type="locator"/>
		<gen:arc xlink:arcrole="http://xbrl.org/arcrole/2008/element-label" xlink:from="loc_9" xlink:to="res_9" xlink:type="arc"/>
		<label:label xlink:label="res_10" xlink:role="http://www.xbrl.org/2008/role/label" xlink:type="resource" xml:lang="en">[836600i] Notes - Insurance contracts (IFRS 17) - Disclosure of detailed information about concentrations of risk that arises from contracts within scope of IFRS 17</label:label>
		<link:loc xlink:href="rol_ifrs_17_2025-03-27.xsd#ifrs_17_2025-03-27_role-836600i" xlink:label="loc_10" xlink:type="locator"/>
		<gen:arc xlink:arcrole="http://xbrl.org/arcrole/2008/element-label" xlink:from="loc_10" xlink:to="res_10" xlink:type="arc"/>
		<label:label xlink:label="res_11" xlink:role="http://www.xbrl.org/2008/role/label" xlink:type="resource" xml:lang="en">[836600j] Notes - Insurance contracts (IFRS 17) - Disclosure of sensitivity analysis to changes in risk variables that arise from contracts within scope of IFRS 17</label:label>
		<link:loc xlink:href="rol_ifrs_17_2025-03-27.xsd#ifrs_17_2025-03-27_role-836600j" xlink:label="loc_11" xlink:type="locator"/>
		<gen:arc xlink:arcrole="http://xbrl.org/arcrole/2008/element-label" xlink:from="loc_11" xlink:to="res_11" xlink:type="arc"/>
		<label:label xlink:label="res_12" xlink:role="http://www.xbrl.org/2008/role/label" xlink:type="resource" xml:lang="en">[836600k] Notes - Insurance contracts (IFRS 17) - Disclosure of actual claims compared with previous estimates</label:label>
		<link:loc xlink:href="rol_ifrs_17_2025-03-27.xsd#ifrs_17_2025-03-27_role-836600k" xlink:label="loc_12" xlink:type="locator"/>
		<gen:arc xlink:arcrole="http://xbrl.org/arcrole/2008/element-label" xlink:from="loc_12" xlink:to="res_12" xlink:type="arc"/>
		<label:label xlink:label="res_13" xlink:role="http://www.xbrl.org/2008/role/label" xlink:type="resource" xml:lang="en">[836600l] Notes - Insurance contracts (IFRS 17) - Disclosure of information about credit risk that arises from contracts within scope of IFRS 17</label:label>
		<link:loc xlink:href="rol_ifrs_17_2025-03-27.xsd#ifrs_17_2025-03-27_role-836600l" xlink:label="loc_13" xlink:type="locator"/>
		<gen:arc xlink:arcrole="http://xbrl.org/arcrole/2008/element-label" xlink:from="loc_13" xlink:to="res_13" xlink:type="arc"/>
		<label:label xlink:label="res_14" xlink:role="http://www.xbrl.org/2008/role/label" xlink:type="resource" xml:lang="en">[836600m] Notes - Insurance contracts (IFRS 17) - Disclosure of maturity analysis for liquidity risk that arises from contracts within scope of IFRS 17</label:label>
		<link:loc xlink:href="rol_ifrs_17_2025-03-27.xsd#ifrs_17_2025-03-27_role-836600m" xlink:label="loc_14" xlink:type="locator"/>
		<gen:arc xlink:arcrole="http://xbrl.org/arcrole/2008/element-label" xlink:from="loc_14" xlink:to="res_14" xlink:type="arc"/>
		<label:label xlink:label="res_15" xlink:role="http://www.xbrl.org/2008/role/label" xlink:type="resource" xml:lang="en">[836600n] Notes - Insurance contracts (IFRS 17) - Disclosure of redesignation of financial assets at date of initial application of IFRS 17</label:label>
		<link:loc xlink:href="rol_ifrs_17_2025-03-27.xsd#ifrs_17_2025-03-27_role-836600n" xlink:label="loc_15" xlink:type="locator"/>
		<gen:arc xlink:arcrole="http://xbrl.org/arcrole/2008/element-label" xlink:from="loc_15" xlink:to="res_15" xlink:type="arc"/>
		<label:label xlink:label="res_16" xlink:role="http://www.xbrl.org/2008/role/label" xlink:type="resource" xml:lang="en">[836600o] Notes - Insurance contracts (IFRS 17) - Disclosure of information about expected derecognition of assets for insurance acquisition cash flows</label:label>
		<link:loc xlink:href="rol_ifrs_17_2025-03-27.xsd#ifrs_17_2025-03-27_role-836600o" xlink:label="loc_16" xlink:type="locator"/>
		<gen:arc xlink:arcrole="http://xbrl.org/arcrole/2008/element-label" xlink:from="loc_16" xlink:to="res_16" xlink:type="arc"/>
	</gen:link>
</link:linkbase>
