<?xml version="1.0" encoding="UTF-8"?>
<!-- IFRS Accounting Taxonomy 2025.**********************         Copyright (c) 2025 IFRS Foundation        All rights reserved. Reproduction and use rights are strictly limited.For more information on the IFRS Foundation's copyright and the terms and conditions of use for these files, please refer to https://www.ifrs.org/legal/terms-and-conditions/. The IFRS Foundation has trade marks registered around the world (Marks) including 'IAS', 'IASB', the IASB logo, 'IFRIC', 'IFRS', the IFRS logo, 'IFRS for SMEs', the IFRS for SMEs logo, the 'Hexagon Device', 'International Accounting Standards', 'International Financial Reporting Standards', 'NIIF' and 'SIC'. Further details of the IFRS Foundation's Marks are available from the IFRS Foundation on request.        ********************** -->
<link:linkbase xmlns:link="http://www.xbrl.org/2003/linkbase" xmlns:ref="http://www.xbrl.org/2006/ref" xmlns:xbrldt="http://xbrl.org/2005/xbrldt" xmlns:xlink="http://www.w3.org/1999/xlink" xmlns:xsi="http://www.w3.org/2001/XMLSchema-instance" xsi:schemaLocation="http://www.xbrl.org/2003/linkbase http://www.xbrl.org/2003/xbrl-linkbase-2003-12-31.xsd http://www.w3.org/1999/xlink http://www.xbrl.org/2003/xlink-2003-12-31.xsd http://www.xbrl.org/2006/ref http://www.xbrl.org/2006/ref-2006-02-27.xsd">
	<link:roleRef roleURI="http://www.xbrl.org/2009/role/commonPracticeRef" xlink:href="http://www.xbrl.org/lrr/role/reference-2009-12-16.xsd#commonPracticeRef" xlink:type="simple"/>
	<link:referenceLink xlink:role="http://www.xbrl.org/2003/role/link" xlink:type="extended">
		<link:reference xlink:label="res_1" xlink:role="http://www.xbrl.org/2009/role/commonPracticeRef" xlink:type="resource">
			<ref:Name>IFRS</ref:Name>
			<ref:Number>14</ref:Number>
			<ref:IssueDate>2025-01-01</ref:IssueDate>
			<ref:Paragraph>IE5</ref:Paragraph>
			<ref:URI>https://taxonomy.ifrs.org/xifrs-link?type=IFRS&amp;num=14&amp;code=ifrs-tx-2025-en-r&amp;anchor=para_IE5&amp;doctype=Illustrative%20Examples</ref:URI>
			<ref:URIDate>2025-03-27</ref:URIDate>
		</link:reference>
		<link:loc xlink:href="../../full_ifrs-cor_2025-03-27.xsd#ifrs-full_NetMovementInOtherRegulatoryDeferralAccountBalancesRelatedToProfitOrLoss" xlink:label="loc_1" xlink:type="locator"/>
		<link:referenceArc xlink:arcrole="http://www.xbrl.org/2003/arcrole/concept-reference" xlink:from="loc_1" xlink:to="res_1" xlink:type="arc"/>
		<link:reference xlink:label="res_2" xlink:role="http://www.xbrl.org/2003/role/disclosureRef" xlink:type="resource">
			<ref:Name>IFRS</ref:Name>
			<ref:Number>14</ref:Number>
			<ref:IssueDate>2025-01-01</ref:IssueDate>
			<ref:Section>Explanation of activities subject to rate regulation</ref:Section>
			<ref:URI>https://taxonomy.ifrs.org/xifrs-link?type=IFRS&amp;num=14&amp;code=ifrs-tx-2025-en-r&amp;doctype=Standard&amp;dita_xref=IFRS14_g30-31_TI</ref:URI>
			<ref:URIDate>2025-03-27</ref:URIDate>
		</link:reference>
		<link:loc xlink:href="../../full_ifrs-cor_2025-03-27.xsd#ifrs-full_DisclosureOfInformationAboutActivitiesSubjectToRateRegulationExplanatory" xlink:label="loc_2" xlink:type="locator"/>
		<link:referenceArc xlink:arcrole="http://www.xbrl.org/2003/arcrole/concept-reference" xlink:from="loc_2" xlink:to="res_2" xlink:type="arc"/>
		<link:loc xlink:href="../../full_ifrs-cor_2025-03-27.xsd#ifrs-full_DisclosureOfInformationAboutActivitiesSubjectToRateRegulationTable" xlink:label="loc_3" xlink:type="locator"/>
		<link:referenceArc xlink:arcrole="http://www.xbrl.org/2003/arcrole/concept-reference" xlink:from="loc_3" xlink:to="res_2" xlink:type="arc"/>
		<link:reference xlink:label="res_3" xlink:role="http://www.xbrl.org/2003/role/disclosureRef" xlink:type="resource">
			<ref:Name>IFRS</ref:Name>
			<ref:Number>14</ref:Number>
			<ref:IssueDate>2025-01-01</ref:IssueDate>
			<ref:Paragraph>34</ref:Paragraph>
			<ref:URI>https://taxonomy.ifrs.org/xifrs-link?type=IFRS&amp;num=14&amp;code=ifrs-tx-2025-en-r&amp;anchor=para_34&amp;doctype=Standard</ref:URI>
			<ref:URIDate>2025-03-27</ref:URIDate>
		</link:reference>
		<link:loc xlink:href="../../full_ifrs-cor_2025-03-27.xsd#ifrs-full_TaxationrelatedRegulatoryDeferralAccountBalancesMember" xlink:label="loc_4" xlink:type="locator"/>
		<link:referenceArc xlink:arcrole="http://www.xbrl.org/2003/arcrole/concept-reference" xlink:from="loc_4" xlink:to="res_3" xlink:type="arc"/>
		<link:loc xlink:href="../../full_ifrs-cor_2025-03-27.xsd#ifrs-full_IncreaseDecreaseInDeferredTaxExpenseIncomeDueToRateRegulation" xlink:label="loc_5" xlink:type="locator"/>
		<link:referenceArc xlink:arcrole="http://www.xbrl.org/2003/arcrole/concept-reference" xlink:from="loc_5" xlink:to="res_3" xlink:type="arc"/>
		<link:loc xlink:href="../../full_ifrs-cor_2025-03-27.xsd#ifrs-full_DescriptionOfImpactOfRateRegulationOnCurrentAndDeferredTax" xlink:label="loc_6" xlink:type="locator"/>
		<link:referenceArc xlink:arcrole="http://www.xbrl.org/2003/arcrole/concept-reference" xlink:from="loc_6" xlink:to="res_3" xlink:type="arc"/>
		<link:loc xlink:href="../../full_ifrs-cor_2025-03-27.xsd#ifrs-full_IncreaseDecreaseInCurrentTaxExpenseIncomeDueToRateRegulation" xlink:label="loc_7" xlink:type="locator"/>
		<link:referenceArc xlink:arcrole="http://www.xbrl.org/2003/arcrole/concept-reference" xlink:from="loc_7" xlink:to="res_3" xlink:type="arc"/>
		<link:reference xlink:label="res_4" xlink:role="http://www.xbrl.org/2003/role/exampleRef" xlink:type="resource">
			<ref:Name>IFRS</ref:Name>
			<ref:Number>14</ref:Number>
			<ref:IssueDate>2025-01-01</ref:IssueDate>
			<ref:Paragraph>33</ref:Paragraph>
			<ref:Subparagraph>a</ref:Subparagraph>
			<ref:Clause>ii</ref:Clause>
			<ref:URI>https://taxonomy.ifrs.org/xifrs-link?type=IFRS&amp;num=14&amp;code=ifrs-tx-2025-en-r&amp;anchor=para_33_a_ii&amp;doctype=Standard</ref:URI>
			<ref:URIDate>2025-03-27</ref:URIDate>
		</link:reference>
		<link:loc xlink:href="../../full_ifrs-cor_2025-03-27.xsd#ifrs-full_DecreaseThroughBalancesReversedInCurrentPeriodRegulatoryDeferralAccountCreditBalances" xlink:label="loc_8" xlink:type="locator"/>
		<link:referenceArc xlink:arcrole="http://www.xbrl.org/2003/arcrole/concept-reference" xlink:from="loc_8" xlink:to="res_4" xlink:type="arc"/>
		<link:loc xlink:href="../../full_ifrs-cor_2025-03-27.xsd#ifrs-full_DecreaseThroughBalancesRecoveredInCurrentPeriodRegulatoryDeferralAccountDebitBalances" xlink:label="loc_9" xlink:type="locator"/>
		<link:referenceArc xlink:arcrole="http://www.xbrl.org/2003/arcrole/concept-reference" xlink:from="loc_9" xlink:to="res_4" xlink:type="arc"/>
		<link:reference xlink:label="res_5" xlink:role="http://www.xbrl.org/2003/role/disclosureRef" xlink:type="resource">
			<ref:Name>IFRS</ref:Name>
			<ref:Number>14</ref:Number>
			<ref:IssueDate>2025-01-01</ref:IssueDate>
			<ref:Paragraph>22</ref:Paragraph>
			<ref:Subparagraph>b</ref:Subparagraph>
			<ref:URI>https://taxonomy.ifrs.org/xifrs-link?type=IFRS&amp;num=14&amp;code=ifrs-tx-2025-en-r&amp;anchor=para_22_b&amp;doctype=Standard</ref:URI>
			<ref:URIDate>2025-03-27</ref:URIDate>
		</link:reference>
		<link:loc xlink:href="../../full_ifrs-cor_2025-03-27.xsd#ifrs-full_OtherComprehensiveIncomeNetOfTaxNetMovementInRegulatoryDeferralAccountBalancesRelatedToItemsThatWillBeReclassifiedToProfitOrLoss" xlink:label="loc_10" xlink:type="locator"/>
		<link:referenceArc xlink:arcrole="http://www.xbrl.org/2003/arcrole/concept-reference" xlink:from="loc_10" xlink:to="res_5" xlink:type="arc"/>
		<link:loc xlink:href="../../full_ifrs-cor_2025-03-27.xsd#ifrs-full_ReclassificationAdjustmentsOnNetMovementInRegulatoryDeferralAccountBalancesNetOfTax" xlink:label="loc_11" xlink:type="locator"/>
		<link:referenceArc xlink:arcrole="http://www.xbrl.org/2003/arcrole/concept-reference" xlink:from="loc_11" xlink:to="res_5" xlink:type="arc"/>
		<link:loc xlink:href="../../full_ifrs-cor_2025-03-27.xsd#ifrs-full_ReclassificationAdjustmentsOnNetMovementInRegulatoryDeferralAccountBalancesBeforeTax" xlink:label="loc_12" xlink:type="locator"/>
		<link:referenceArc xlink:arcrole="http://www.xbrl.org/2003/arcrole/concept-reference" xlink:from="loc_12" xlink:to="res_5" xlink:type="arc"/>
		<link:loc xlink:href="../../full_ifrs-cor_2025-03-27.xsd#ifrs-full_GainsLossesOnNetMovementInRegulatoryDeferralAccountBalancesRelatedToItemsThatWillBeReclassifiedToProfitOrLossBeforeTax" xlink:label="loc_13" xlink:type="locator"/>
		<link:referenceArc xlink:arcrole="http://www.xbrl.org/2003/arcrole/concept-reference" xlink:from="loc_13" xlink:to="res_5" xlink:type="arc"/>
		<link:loc xlink:href="../../full_ifrs-cor_2025-03-27.xsd#ifrs-full_IncomeTaxRelatingToNetMovementInRegulatoryDeferralAccountBalancesRelatedToItemsThatWillBeReclassifiedToProfitOrLoss" xlink:label="loc_14" xlink:type="locator"/>
		<link:referenceArc xlink:arcrole="http://www.xbrl.org/2003/arcrole/concept-reference" xlink:from="loc_14" xlink:to="res_5" xlink:type="arc"/>
		<link:loc xlink:href="../../full_ifrs-cor_2025-03-27.xsd#ifrs-full_GainsLossesOnNetMovementInRegulatoryDeferralAccountBalancesRelatedToItemsThatWillBeReclassifiedToProfitOrLossNetOfTax" xlink:label="loc_15" xlink:type="locator"/>
		<link:referenceArc xlink:arcrole="http://www.xbrl.org/2003/arcrole/concept-reference" xlink:from="loc_15" xlink:to="res_5" xlink:type="arc"/>
		<link:loc xlink:href="../../full_ifrs-cor_2025-03-27.xsd#ifrs-full_OtherComprehensiveIncomeBeforeTaxNetMovementInRegulatoryDeferralAccountBalancesRelatedToItemsThatWillBeReclassifiedToProfitOrLoss" xlink:label="loc_16" xlink:type="locator"/>
		<link:referenceArc xlink:arcrole="http://www.xbrl.org/2003/arcrole/concept-reference" xlink:from="loc_16" xlink:to="res_5" xlink:type="arc"/>
		<link:reference xlink:label="res_6" xlink:role="http://www.xbrl.org/2003/role/disclosureRef" xlink:type="resource">
			<ref:Name>IFRS</ref:Name>
			<ref:Number>14</ref:Number>
			<ref:IssueDate>2025-01-01</ref:IssueDate>
			<ref:Paragraph>21</ref:Paragraph>
			<ref:URI>https://taxonomy.ifrs.org/xifrs-link?type=IFRS&amp;num=14&amp;code=ifrs-tx-2025-en-r&amp;anchor=para_21&amp;doctype=Standard</ref:URI>
			<ref:URIDate>2025-03-27</ref:URIDate>
		</link:reference>
		<link:loc xlink:href="../../full_ifrs-cor_2025-03-27.xsd#ifrs-full_EquityLiabilitiesAndRegulatoryDeferralAccountCreditBalances" xlink:label="loc_17" xlink:type="locator"/>
		<link:referenceArc xlink:arcrole="http://www.xbrl.org/2003/arcrole/concept-reference" xlink:from="loc_17" xlink:to="res_6" xlink:type="arc"/>
		<link:loc xlink:href="../../full_ifrs-cor_2025-03-27.xsd#ifrs-full_AssetsAndRegulatoryDeferralAccountDebitBalances" xlink:label="loc_18" xlink:type="locator"/>
		<link:referenceArc xlink:arcrole="http://www.xbrl.org/2003/arcrole/concept-reference" xlink:from="loc_18" xlink:to="res_6" xlink:type="arc"/>
		<link:reference xlink:label="res_7" xlink:role="http://www.xbrl.org/2003/role/disclosureRef" xlink:type="resource">
			<ref:Name>IFRS</ref:Name>
			<ref:Number>14</ref:Number>
			<ref:IssueDate>2025-01-01</ref:IssueDate>
			<ref:Paragraph>36</ref:Paragraph>
			<ref:URI>https://taxonomy.ifrs.org/xifrs-link?type=IFRS&amp;num=14&amp;code=ifrs-tx-2025-en-r&amp;anchor=para_36&amp;doctype=Standard</ref:URI>
			<ref:URIDate>2025-03-27</ref:URIDate>
		</link:reference>
		<link:loc xlink:href="../../full_ifrs-cor_2025-03-27.xsd#ifrs-full_AmountByWhichRegulatoryDeferralAccountDebitBalanceHasBeenReducedBecauseItIsNoLongerFullyRecoverable" xlink:label="loc_19" xlink:type="locator"/>
		<link:referenceArc xlink:arcrole="http://www.xbrl.org/2003/arcrole/concept-reference" xlink:from="loc_19" xlink:to="res_7" xlink:type="arc"/>
		<link:loc xlink:href="../../full_ifrs-cor_2025-03-27.xsd#ifrs-full_DescriptionOfReasonWhyRegulatoryDeferralAccountBalanceIsNoLongerFullyRecoverableOrReversible" xlink:label="loc_20" xlink:type="locator"/>
		<link:referenceArc xlink:arcrole="http://www.xbrl.org/2003/arcrole/concept-reference" xlink:from="loc_20" xlink:to="res_7" xlink:type="arc"/>
		<link:loc xlink:href="../../full_ifrs-cor_2025-03-27.xsd#ifrs-full_StatementThatRegulatoryDeferralAccountBalanceIsNoLongerFullyRecoverableOrReversible" xlink:label="loc_21" xlink:type="locator"/>
		<link:referenceArc xlink:arcrole="http://www.xbrl.org/2003/arcrole/concept-reference" xlink:from="loc_21" xlink:to="res_7" xlink:type="arc"/>
		<link:loc xlink:href="../../full_ifrs-cor_2025-03-27.xsd#ifrs-full_AmountByWhichRegulatoryDeferralAccountCreditBalanceHasBeenReducedBecauseItIsNoLongerFullyReversible" xlink:label="loc_22" xlink:type="locator"/>
		<link:referenceArc xlink:arcrole="http://www.xbrl.org/2003/arcrole/concept-reference" xlink:from="loc_22" xlink:to="res_7" xlink:type="arc"/>
		<link:reference xlink:label="res_8" xlink:role="http://www.xbrl.org/2003/role/disclosureRef" xlink:type="resource">
			<ref:Name>IFRS</ref:Name>
			<ref:Number>14</ref:Number>
			<ref:IssueDate>2025-01-01</ref:IssueDate>
			<ref:Paragraph>B25</ref:Paragraph>
			<ref:URI>https://taxonomy.ifrs.org/xifrs-link?type=IFRS&amp;num=14&amp;code=ifrs-tx-2025-en-r&amp;anchor=para_B25&amp;doctype=Appendix&amp;subtype=B</ref:URI>
			<ref:URIDate>2025-03-27</ref:URIDate>
		</link:reference>
		<link:loc xlink:href="../../full_ifrs-cor_2025-03-27.xsd#ifrs-full_NetMovementInRegulatoryDeferralAccountBalancesRelatedToProfitOrLossAttributableToNoncontrollingInterests" xlink:label="loc_23" xlink:type="locator"/>
		<link:referenceArc xlink:arcrole="http://www.xbrl.org/2003/arcrole/concept-reference" xlink:from="loc_23" xlink:to="res_8" xlink:type="arc"/>
		<link:reference xlink:label="res_9" xlink:role="http://www.xbrl.org/2003/role/disclosureRef" xlink:type="resource">
			<ref:Name>IFRS</ref:Name>
			<ref:Number>14</ref:Number>
			<ref:IssueDate>2025-01-01</ref:IssueDate>
			<ref:Paragraph>24</ref:Paragraph>
			<ref:URI>https://taxonomy.ifrs.org/xifrs-link?type=IFRS&amp;num=14&amp;code=ifrs-tx-2025-en-r&amp;anchor=para_24&amp;doctype=Standard</ref:URI>
			<ref:URIDate>2025-03-27</ref:URIDate>
		</link:reference>
		<link:loc xlink:href="../../full_ifrs-cor_2025-03-27.xsd#ifrs-full_RegulatoryDeferralAccountDebitBalancesAndRelatedDeferredTaxAsset" xlink:label="loc_24" xlink:type="locator"/>
		<link:referenceArc xlink:arcrole="http://www.xbrl.org/2003/arcrole/concept-reference" xlink:from="loc_24" xlink:to="res_9" xlink:type="arc"/>
		<link:loc xlink:href="../../full_ifrs-cor_2025-03-27.xsd#ifrs-full_DeferredTaxAssetAssociatedWithRegulatoryDeferralAccountBalances" xlink:label="loc_25" xlink:type="locator"/>
		<link:referenceArc xlink:arcrole="http://www.xbrl.org/2003/arcrole/concept-reference" xlink:from="loc_25" xlink:to="res_9" xlink:type="arc"/>
		<link:loc xlink:href="../../full_ifrs-cor_2025-03-27.xsd#ifrs-full_DeferredTaxLiabilityAssociatedWithRegulatoryDeferralAccountBalances" xlink:label="loc_26" xlink:type="locator"/>
		<link:referenceArc xlink:arcrole="http://www.xbrl.org/2003/arcrole/concept-reference" xlink:from="loc_26" xlink:to="res_9" xlink:type="arc"/>
		<link:loc xlink:href="../../full_ifrs-cor_2025-03-27.xsd#ifrs-full_RegulatoryDeferralAccountCreditBalancesAndRelatedDeferredTaxLiability" xlink:label="loc_27" xlink:type="locator"/>
		<link:referenceArc xlink:arcrole="http://www.xbrl.org/2003/arcrole/concept-reference" xlink:from="loc_27" xlink:to="res_9" xlink:type="arc"/>
		<link:loc xlink:href="../../full_ifrs-cor_2025-03-27.xsd#ifrs-full_NetMovementInRegulatoryDeferralAccountBalancesRelatedToProfitOrLossAndNetMovementInRelatedDeferredTax" xlink:label="loc_28" xlink:type="locator"/>
		<link:referenceArc xlink:arcrole="http://www.xbrl.org/2003/arcrole/concept-reference" xlink:from="loc_28" xlink:to="res_9" xlink:type="arc"/>
		<link:loc xlink:href="../../full_ifrs-cor_2025-03-27.xsd#ifrs-full_NetMovementInDeferredTaxArisingFromRegulatoryDeferralAccountBalancesRelatedToProfitOrLoss" xlink:label="loc_29" xlink:type="locator"/>
		<link:referenceArc xlink:arcrole="http://www.xbrl.org/2003/arcrole/concept-reference" xlink:from="loc_29" xlink:to="res_9" xlink:type="arc"/>
		<link:reference xlink:label="res_10" xlink:role="http://www.xbrl.org/2003/role/disclosureRef" xlink:type="resource">
			<ref:Name>IFRS</ref:Name>
			<ref:Number>14</ref:Number>
			<ref:IssueDate>2025-01-01</ref:IssueDate>
			<ref:Paragraph>B11</ref:Paragraph>
			<ref:Subparagraph>a</ref:Subparagraph>
			<ref:URI>https://taxonomy.ifrs.org/xifrs-link?type=IFRS&amp;num=14&amp;code=ifrs-tx-2025-en-r&amp;anchor=para_B11_a&amp;doctype=Appendix&amp;subtype=B</ref:URI>
			<ref:URIDate>2025-03-27</ref:URIDate>
		</link:reference>
		<link:referenceArc xlink:arcrole="http://www.xbrl.org/2003/arcrole/concept-reference" xlink:from="loc_24" xlink:to="res_10" xlink:type="arc"/>
		<link:referenceArc xlink:arcrole="http://www.xbrl.org/2003/arcrole/concept-reference" xlink:from="loc_27" xlink:to="res_10" xlink:type="arc"/>
		<link:reference xlink:label="res_11" xlink:role="http://www.xbrl.org/2003/role/exampleRef" xlink:type="resource">
			<ref:Name>IFRS</ref:Name>
			<ref:Number>14</ref:Number>
			<ref:IssueDate>2025-01-01</ref:IssueDate>
			<ref:Paragraph>IE1</ref:Paragraph>
			<ref:URI>https://taxonomy.ifrs.org/xifrs-link?type=IFRS&amp;num=14&amp;code=ifrs-tx-2025-en-r&amp;anchor=para_IE1&amp;doctype=Illustrative%20Examples</ref:URI>
			<ref:URIDate>2025-03-27</ref:URIDate>
		</link:reference>
		<link:loc xlink:href="../../full_ifrs-cor_2025-03-27.xsd#ifrs-full_ProfitLossIncludingNetMovementInRegulatoryDeferralAccountBalancesRelatedToProfitOrLossAndNetMovementInRelatedDeferredTaxAttributableToOwnersOfParent" xlink:label="loc_30" xlink:type="locator"/>
		<link:referenceArc xlink:arcrole="http://www.xbrl.org/2003/arcrole/concept-reference" xlink:from="loc_30" xlink:to="res_11" xlink:type="arc"/>
		<link:loc xlink:href="../../full_ifrs-cor_2025-03-27.xsd#ifrs-full_ProfitLossIncludingNetMovementInRegulatoryDeferralAccountBalancesRelatedToProfitOrLossAndNetMovementInRelatedDeferredTaxAttributableToNoncontrollingInterests" xlink:label="loc_31" xlink:type="locator"/>
		<link:referenceArc xlink:arcrole="http://www.xbrl.org/2003/arcrole/concept-reference" xlink:from="loc_31" xlink:to="res_11" xlink:type="arc"/>
		<link:reference xlink:label="res_12" xlink:role="http://www.xbrl.org/2003/role/disclosureRef" xlink:type="resource">
			<ref:Name>IFRS</ref:Name>
			<ref:Number>14</ref:Number>
			<ref:IssueDate>2025-01-01</ref:IssueDate>
			<ref:Section>Explanation of recognised amounts</ref:Section>
			<ref:URI>https://taxonomy.ifrs.org/xifrs-link?type=IFRS&amp;num=14&amp;code=ifrs-tx-2025-en-r&amp;doctype=Standard&amp;dita_xref=IFRS14_g32-36_TI</ref:URI>
			<ref:URIDate>2025-03-27</ref:URIDate>
		</link:reference>
		<link:loc xlink:href="../../full_ifrs-cor_2025-03-27.xsd#ifrs-full_DisclosureOfInformationAboutAmountsRecognisedInRelationToRegulatoryDeferralAccountBalancesExplanatory" xlink:label="loc_32" xlink:type="locator"/>
		<link:referenceArc xlink:arcrole="http://www.xbrl.org/2003/arcrole/concept-reference" xlink:from="loc_32" xlink:to="res_12" xlink:type="arc"/>
		<link:loc xlink:href="../../full_ifrs-cor_2025-03-27.xsd#ifrs-full_DisclosureOfInformationAboutAmountsRecognisedInRelationToRegulatoryDeferralAccountBalancesTable" xlink:label="loc_33" xlink:type="locator"/>
		<link:referenceArc xlink:arcrole="http://www.xbrl.org/2003/arcrole/concept-reference" xlink:from="loc_33" xlink:to="res_12" xlink:type="arc"/>
		<link:reference xlink:label="res_13" xlink:role="http://www.xbrl.org/2003/role/disclosureRef" xlink:type="resource">
			<ref:Name>IFRS</ref:Name>
			<ref:Number>14</ref:Number>
			<ref:IssueDate>2025-01-01</ref:IssueDate>
			<ref:Paragraph>B22</ref:Paragraph>
			<ref:URI>https://taxonomy.ifrs.org/xifrs-link?type=IFRS&amp;num=14&amp;code=ifrs-tx-2025-en-r&amp;anchor=para_B22&amp;doctype=Appendix&amp;subtype=B</ref:URI>
			<ref:URIDate>2025-03-27</ref:URIDate>
		</link:reference>
		<link:loc xlink:href="../../full_ifrs-cor_2025-03-27.xsd#ifrs-full_RegulatoryDeferralAccountBalancesAxis" xlink:label="loc_34" xlink:type="locator"/>
		<link:referenceArc xlink:arcrole="http://www.xbrl.org/2003/arcrole/concept-reference" xlink:from="loc_34" xlink:to="res_13" xlink:type="arc"/>
		<link:loc xlink:href="../../full_ifrs-cor_2025-03-27.xsd#ifrs-full_RegulatoryDeferralAccountBalancesDomain" xlink:label="loc_35" xlink:type="locator"/>
		<link:referenceArc xlink:arcrole="http://www.xbrl.org/2003/arcrole/concept-reference" xlink:from="loc_35" xlink:to="res_13" xlink:type="arc"/>
		<link:loc xlink:href="../../full_ifrs-cor_2025-03-27.xsd#ifrs-full_RegulatoryDeferralAccountBalancesClassifiedAsDisposalGroupsMember" xlink:label="loc_36" xlink:type="locator"/>
		<link:referenceArc xlink:arcrole="http://www.xbrl.org/2003/arcrole/concept-reference" xlink:from="loc_36" xlink:to="res_13" xlink:type="arc"/>
		<link:loc xlink:href="../../full_ifrs-cor_2025-03-27.xsd#ifrs-full_RegulatoryDeferralAccountBalancesNotClassifiedAsDisposalGroupsMember" xlink:label="loc_37" xlink:type="locator"/>
		<link:referenceArc xlink:arcrole="http://www.xbrl.org/2003/arcrole/concept-reference" xlink:from="loc_37" xlink:to="res_13" xlink:type="arc"/>
		<link:reference xlink:label="res_14" xlink:role="http://www.xbrl.org/2003/role/disclosureRef" xlink:type="resource">
			<ref:Name>IFRS</ref:Name>
			<ref:Number>14</ref:Number>
			<ref:IssueDate>2025-01-01</ref:IssueDate>
			<ref:Paragraph>30</ref:Paragraph>
			<ref:Subparagraph>c</ref:Subparagraph>
			<ref:URI>https://taxonomy.ifrs.org/xifrs-link?type=IFRS&amp;num=14&amp;code=ifrs-tx-2025-en-r&amp;anchor=para_30_c&amp;doctype=Standard</ref:URI>
			<ref:URIDate>2025-03-27</ref:URIDate>
		</link:reference>
		<link:loc xlink:href="../../full_ifrs-cor_2025-03-27.xsd#ifrs-full_ClassesOfRegulatoryDeferralAccountBalancesAxis" xlink:label="loc_38" xlink:type="locator"/>
		<link:referenceArc xlink:arcrole="http://www.xbrl.org/2003/arcrole/concept-reference" xlink:from="loc_38" xlink:to="res_14" xlink:type="arc"/>
		<link:loc xlink:href="../../full_ifrs-cor_2025-03-27.xsd#ifrs-full_ClassesOfRegulatoryDeferralAccountBalancesDomain" xlink:label="loc_39" xlink:type="locator"/>
		<link:referenceArc xlink:arcrole="http://www.xbrl.org/2003/arcrole/concept-reference" xlink:from="loc_39" xlink:to="res_14" xlink:type="arc"/>
		<link:loc xlink:href="../../full_ifrs-cor_2025-03-27.xsd#ifrs-full_DescriptionOfHowFutureRecoveryOrReversalOfRegulatoryDeferralAccountBalancesIsAffectedByRisksAndUncertainty" xlink:label="loc_40" xlink:type="locator"/>
		<link:referenceArc xlink:arcrole="http://www.xbrl.org/2003/arcrole/concept-reference" xlink:from="loc_40" xlink:to="res_14" xlink:type="arc"/>
		<link:reference xlink:label="res_15" xlink:role="http://www.xbrl.org/2003/role/disclosureRef" xlink:type="resource">
			<ref:Name>IFRS</ref:Name>
			<ref:Number>14</ref:Number>
			<ref:IssueDate>2025-01-01</ref:IssueDate>
			<ref:Paragraph>33</ref:Paragraph>
			<ref:URI>https://taxonomy.ifrs.org/xifrs-link?type=IFRS&amp;num=14&amp;code=ifrs-tx-2025-en-r&amp;anchor=para_33&amp;doctype=Standard</ref:URI>
			<ref:URIDate>2025-03-27</ref:URIDate>
		</link:reference>
		<link:loc xlink:href="../../full_ifrs-cor_2025-03-27.xsd#ifrs-full_TypesOfRateregulatedActivitiesAxis" xlink:label="loc_41" xlink:type="locator"/>
		<link:referenceArc xlink:arcrole="http://www.xbrl.org/2003/arcrole/concept-reference" xlink:from="loc_41" xlink:to="res_15" xlink:type="arc"/>
		<link:referenceArc xlink:arcrole="http://www.xbrl.org/2003/arcrole/concept-reference" xlink:from="loc_38" xlink:to="res_15" xlink:type="arc"/>
		<link:loc xlink:href="../../full_ifrs-cor_2025-03-27.xsd#ifrs-full_TypesOfRateregulatedActivitiesDomain" xlink:label="loc_42" xlink:type="locator"/>
		<link:referenceArc xlink:arcrole="http://www.xbrl.org/2003/arcrole/concept-reference" xlink:from="loc_42" xlink:to="res_15" xlink:type="arc"/>
		<link:referenceArc xlink:arcrole="http://www.xbrl.org/2003/arcrole/concept-reference" xlink:from="loc_39" xlink:to="res_15" xlink:type="arc"/>
		<link:reference xlink:label="res_16" xlink:role="http://www.xbrl.org/2003/role/exampleRef" xlink:type="resource">
			<ref:Name>IFRS</ref:Name>
			<ref:Number>14</ref:Number>
			<ref:IssueDate>2025-01-01</ref:IssueDate>
			<ref:Paragraph>IE5</ref:Paragraph>
			<ref:URI>https://taxonomy.ifrs.org/xifrs-link?type=IFRS&amp;num=14&amp;code=ifrs-tx-2025-en-r&amp;anchor=para_IE5&amp;doctype=Illustrative%20Examples</ref:URI>
			<ref:URIDate>2025-03-27</ref:URIDate>
		</link:reference>
		<link:loc xlink:href="../../full_ifrs-cor_2025-03-27.xsd#ifrs-full_IncreaseDecreaseThroughTransfersToDisposalGroupsRegulatoryDeferralAccountCreditBalances" xlink:label="loc_43" xlink:type="locator"/>
		<link:referenceArc xlink:arcrole="http://www.xbrl.org/2003/arcrole/concept-reference" xlink:from="loc_43" xlink:to="res_16" xlink:type="arc"/>
		<link:loc xlink:href="../../full_ifrs-cor_2025-03-27.xsd#ifrs-full_OtherRegulatoryDeferralAccountCreditBalances" xlink:label="loc_44" xlink:type="locator"/>
		<link:referenceArc xlink:arcrole="http://www.xbrl.org/2003/arcrole/concept-reference" xlink:from="loc_44" xlink:to="res_16" xlink:type="arc"/>
		<link:loc xlink:href="../../full_ifrs-cor_2025-03-27.xsd#ifrs-full_OtherRegulatoryDeferralAccountDebitBalances" xlink:label="loc_45" xlink:type="locator"/>
		<link:referenceArc xlink:arcrole="http://www.xbrl.org/2003/arcrole/concept-reference" xlink:from="loc_45" xlink:to="res_16" xlink:type="arc"/>
		<link:loc xlink:href="../../full_ifrs-cor_2025-03-27.xsd#ifrs-full_IncreaseDecreaseThroughTransfersToDisposalGroupsRegulatoryDeferralAccountDebitBalances" xlink:label="loc_46" xlink:type="locator"/>
		<link:referenceArc xlink:arcrole="http://www.xbrl.org/2003/arcrole/concept-reference" xlink:from="loc_46" xlink:to="res_16" xlink:type="arc"/>
		<link:reference xlink:label="res_17" xlink:role="http://www.xbrl.org/2003/role/disclosureRef" xlink:type="resource">
			<ref:Name>IFRS</ref:Name>
			<ref:Number>14</ref:Number>
			<ref:IssueDate>2025-01-01</ref:IssueDate>
			<ref:Paragraph>26</ref:Paragraph>
			<ref:URI>https://taxonomy.ifrs.org/xifrs-link?type=IFRS&amp;num=14&amp;code=ifrs-tx-2025-en-r&amp;anchor=para_26&amp;doctype=Standard</ref:URI>
			<ref:URIDate>2025-03-27</ref:URIDate>
		</link:reference>
		<link:loc xlink:href="../../full_ifrs-cor_2025-03-27.xsd#ifrs-full_DilutedEarningsLossPerShareFromContinuingOperationsIncludingNetMovementInRegulatoryDeferralAccountBalancesAndNetMovementInRelatedDeferredTax" xlink:label="loc_47" xlink:type="locator"/>
		<link:referenceArc xlink:arcrole="http://www.xbrl.org/2003/arcrole/concept-reference" xlink:from="loc_47" xlink:to="res_17" xlink:type="arc"/>
		<link:loc xlink:href="../../full_ifrs-cor_2025-03-27.xsd#ifrs-full_BasicEarningsLossPerShareFromContinuingOperationsIncludingNetMovementInRegulatoryDeferralAccountBalancesAndNetMovementInRelatedDeferredTax" xlink:label="loc_48" xlink:type="locator"/>
		<link:referenceArc xlink:arcrole="http://www.xbrl.org/2003/arcrole/concept-reference" xlink:from="loc_48" xlink:to="res_17" xlink:type="arc"/>
		<link:loc xlink:href="../../full_ifrs-cor_2025-03-27.xsd#ifrs-full_DilutedEarningsLossPerShareFromDiscontinuedOperationsIncludingNetMovementInRegulatoryDeferralAccountBalancesAndNetMovementInRelatedDeferredTax" xlink:label="loc_49" xlink:type="locator"/>
		<link:referenceArc xlink:arcrole="http://www.xbrl.org/2003/arcrole/concept-reference" xlink:from="loc_49" xlink:to="res_17" xlink:type="arc"/>
		<link:loc xlink:href="../../full_ifrs-cor_2025-03-27.xsd#ifrs-full_BasicEarningsLossPerShareIncludingNetMovementInRegulatoryDeferralAccountBalancesAndNetMovementInRelatedDeferredTax" xlink:label="loc_50" xlink:type="locator"/>
		<link:referenceArc xlink:arcrole="http://www.xbrl.org/2003/arcrole/concept-reference" xlink:from="loc_50" xlink:to="res_17" xlink:type="arc"/>
		<link:loc xlink:href="../../full_ifrs-cor_2025-03-27.xsd#ifrs-full_BasicEarningsLossPerShareFromDiscontinuedOperationsIncludingNetMovementInRegulatoryDeferralAccountBalancesAndNetMovementInRelatedDeferredTax" xlink:label="loc_51" xlink:type="locator"/>
		<link:referenceArc xlink:arcrole="http://www.xbrl.org/2003/arcrole/concept-reference" xlink:from="loc_51" xlink:to="res_17" xlink:type="arc"/>
		<link:loc xlink:href="../../full_ifrs-cor_2025-03-27.xsd#ifrs-full_DilutedEarningsLossPerShareIncludingNetMovementInRegulatoryDeferralAccountBalancesAndNetMovementInRelatedDeferredTax" xlink:label="loc_52" xlink:type="locator"/>
		<link:referenceArc xlink:arcrole="http://www.xbrl.org/2003/arcrole/concept-reference" xlink:from="loc_52" xlink:to="res_17" xlink:type="arc"/>
		<link:reference xlink:label="res_18" xlink:role="http://www.xbrl.org/2003/role/exampleRef" xlink:type="resource">
			<ref:Name>IFRS</ref:Name>
			<ref:Number>14</ref:Number>
			<ref:IssueDate>2025-01-01</ref:IssueDate>
			<ref:Paragraph>33</ref:Paragraph>
			<ref:Subparagraph>a</ref:Subparagraph>
			<ref:Clause>i</ref:Clause>
			<ref:URI>https://taxonomy.ifrs.org/xifrs-link?type=IFRS&amp;num=14&amp;code=ifrs-tx-2025-en-r&amp;anchor=para_33_a_i&amp;doctype=Standard</ref:URI>
			<ref:URIDate>2025-03-27</ref:URIDate>
		</link:reference>
		<link:loc xlink:href="../../full_ifrs-cor_2025-03-27.xsd#ifrs-full_IncreaseDecreaseThroughBalancesRecognisedInCurrentPeriodInStatementOfFinancialPositionRegulatoryDeferralAccountCreditBalances" xlink:label="loc_53" xlink:type="locator"/>
		<link:referenceArc xlink:arcrole="http://www.xbrl.org/2003/arcrole/concept-reference" xlink:from="loc_53" xlink:to="res_18" xlink:type="arc"/>
		<link:loc xlink:href="../../full_ifrs-cor_2025-03-27.xsd#ifrs-full_IncreaseDecreaseThroughBalancesRecognisedInCurrentPeriodInStatementOfFinancialPositionRegulatoryDeferralAccountDebitBalances" xlink:label="loc_54" xlink:type="locator"/>
		<link:referenceArc xlink:arcrole="http://www.xbrl.org/2003/arcrole/concept-reference" xlink:from="loc_54" xlink:to="res_18" xlink:type="arc"/>
		<link:reference xlink:label="res_19" xlink:role="http://www.xbrl.org/2003/role/disclosureRef" xlink:type="resource">
			<ref:Name>IFRS</ref:Name>
			<ref:Number>14</ref:Number>
			<ref:IssueDate>2025-01-01</ref:IssueDate>
			<ref:Paragraph>33</ref:Paragraph>
			<ref:Subparagraph>a</ref:Subparagraph>
			<ref:URI>https://taxonomy.ifrs.org/xifrs-link?type=IFRS&amp;num=14&amp;code=ifrs-tx-2025-en-r&amp;anchor=para_33_a&amp;doctype=Standard</ref:URI>
			<ref:URIDate>2025-03-27</ref:URIDate>
		</link:reference>
		<link:loc xlink:href="../../full_ifrs-cor_2025-03-27.xsd#ifrs-full_IncreaseDecreaseInRegulatoryDeferralAccountCreditBalances" xlink:label="loc_55" xlink:type="locator"/>
		<link:referenceArc xlink:arcrole="http://www.xbrl.org/2003/arcrole/concept-reference" xlink:from="loc_55" xlink:to="res_19" xlink:type="arc"/>
		<link:loc xlink:href="../../full_ifrs-cor_2025-03-27.xsd#ifrs-full_IncreaseDecreaseInRegulatoryDeferralAccountDebitBalances" xlink:label="loc_56" xlink:type="locator"/>
		<link:referenceArc xlink:arcrole="http://www.xbrl.org/2003/arcrole/concept-reference" xlink:from="loc_56" xlink:to="res_19" xlink:type="arc"/>
		<link:loc xlink:href="../../full_ifrs-cor_2025-03-27.xsd#ifrs-full_RegulatoryDeferralAccountDebitBalances" xlink:label="loc_57" xlink:type="locator"/>
		<link:referenceArc xlink:arcrole="http://www.xbrl.org/2003/arcrole/concept-reference" xlink:from="loc_57" xlink:to="res_19" xlink:type="arc"/>
		<link:loc xlink:href="../../full_ifrs-cor_2025-03-27.xsd#ifrs-full_RegulatoryDeferralAccountCreditBalances" xlink:label="loc_58" xlink:type="locator"/>
		<link:referenceArc xlink:arcrole="http://www.xbrl.org/2003/arcrole/concept-reference" xlink:from="loc_58" xlink:to="res_19" xlink:type="arc"/>
		<link:reference xlink:label="res_20" xlink:role="http://www.xbrl.org/2003/role/disclosureRef" xlink:type="resource">
			<ref:Name>IFRS</ref:Name>
			<ref:Number>14</ref:Number>
			<ref:IssueDate>2025-01-01</ref:IssueDate>
			<ref:Paragraph>31</ref:Paragraph>
			<ref:URI>https://taxonomy.ifrs.org/xifrs-link?type=IFRS&amp;num=14&amp;code=ifrs-tx-2025-en-r&amp;anchor=para_31&amp;doctype=Standard</ref:URI>
			<ref:URIDate>2025-03-27</ref:URIDate>
		</link:reference>
		<link:loc xlink:href="../../full_ifrs-cor_2025-03-27.xsd#ifrs-full_DescriptionOfCrossreferenceToDisclosuresAboutActivitiesSubjectToRateRegulation" xlink:label="loc_59" xlink:type="locator"/>
		<link:referenceArc xlink:arcrole="http://www.xbrl.org/2003/arcrole/concept-reference" xlink:from="loc_59" xlink:to="res_20" xlink:type="arc"/>
		<link:reference xlink:label="res_21" xlink:role="http://www.xbrl.org/2003/role/disclosureRef" xlink:type="resource">
			<ref:Name>IFRS</ref:Name>
			<ref:Number>14</ref:Number>
			<ref:IssueDate>2025-01-01</ref:IssueDate>
			<ref:Paragraph>B12</ref:Paragraph>
			<ref:Subparagraph>b</ref:Subparagraph>
			<ref:URI>https://taxonomy.ifrs.org/xifrs-link?type=IFRS&amp;num=14&amp;code=ifrs-tx-2025-en-r&amp;anchor=para_B12_b&amp;doctype=Appendix&amp;subtype=B</ref:URI>
			<ref:URIDate>2025-03-27</ref:URIDate>
		</link:reference>
		<link:referenceArc xlink:arcrole="http://www.xbrl.org/2003/arcrole/concept-reference" xlink:from="loc_29" xlink:to="res_21" xlink:type="arc"/>
		<link:reference xlink:label="res_22" xlink:role="http://www.xbrl.org/2003/role/disclosureRef" xlink:type="resource">
			<ref:Name>IFRS</ref:Name>
			<ref:Number>14</ref:Number>
			<ref:IssueDate>2025-01-01</ref:IssueDate>
			<ref:Paragraph>22</ref:Paragraph>
			<ref:Subparagraph>a</ref:Subparagraph>
			<ref:URI>https://taxonomy.ifrs.org/xifrs-link?type=IFRS&amp;num=14&amp;code=ifrs-tx-2025-en-r&amp;anchor=para_22_a&amp;doctype=Standard</ref:URI>
			<ref:URIDate>2025-03-27</ref:URIDate>
		</link:reference>
		<link:loc xlink:href="../../full_ifrs-cor_2025-03-27.xsd#ifrs-full_OtherComprehensiveIncomeNetOfTaxNetMovementInRegulatoryDeferralAccountBalancesRelatedToItemsThatWillNotBeReclassifiedToProfitOrLoss" xlink:label="loc_60" xlink:type="locator"/>
		<link:referenceArc xlink:arcrole="http://www.xbrl.org/2003/arcrole/concept-reference" xlink:from="loc_60" xlink:to="res_22" xlink:type="arc"/>
		<link:loc xlink:href="../../full_ifrs-cor_2025-03-27.xsd#ifrs-full_IncomeTaxRelatingToNetMovementInRegulatoryDeferralAccountBalancesRelatedToItemsThatWillNotBeReclassifiedToProfitOrLoss" xlink:label="loc_61" xlink:type="locator"/>
		<link:referenceArc xlink:arcrole="http://www.xbrl.org/2003/arcrole/concept-reference" xlink:from="loc_61" xlink:to="res_22" xlink:type="arc"/>
		<link:loc xlink:href="../../full_ifrs-cor_2025-03-27.xsd#ifrs-full_OtherComprehensiveIncomeBeforeTaxNetMovementInRegulatoryDeferralAccountBalancesRelatedToItemsThatWillNotBeReclassifiedToProfitOrLoss" xlink:label="loc_62" xlink:type="locator"/>
		<link:referenceArc xlink:arcrole="http://www.xbrl.org/2003/arcrole/concept-reference" xlink:from="loc_62" xlink:to="res_22" xlink:type="arc"/>
		<link:reference xlink:label="res_23" xlink:role="http://www.xbrl.org/2003/role/disclosureRef" xlink:type="resource">
			<ref:Name>IFRS</ref:Name>
			<ref:Number>14</ref:Number>
			<ref:IssueDate>2025-01-01</ref:IssueDate>
			<ref:Paragraph>35</ref:Paragraph>
			<ref:URI>https://taxonomy.ifrs.org/xifrs-link?type=IFRS&amp;num=14&amp;code=ifrs-tx-2025-en-r&amp;anchor=para_35&amp;doctype=Standard</ref:URI>
			<ref:URIDate>2025-03-27</ref:URIDate>
		</link:reference>
		<link:referenceArc xlink:arcrole="http://www.xbrl.org/2003/arcrole/concept-reference" xlink:from="loc_10" xlink:to="res_23" xlink:type="arc"/>
		<link:referenceArc xlink:arcrole="http://www.xbrl.org/2003/arcrole/concept-reference" xlink:from="loc_60" xlink:to="res_23" xlink:type="arc"/>
		<link:loc xlink:href="../../full_ifrs-cor_2025-03-27.xsd#ifrs-full_NetMovementInRegulatoryDeferralAccountBalancesRelatedToProfitOrLoss" xlink:label="loc_63" xlink:type="locator"/>
		<link:referenceArc xlink:arcrole="http://www.xbrl.org/2003/arcrole/concept-reference" xlink:from="loc_63" xlink:to="res_23" xlink:type="arc"/>
		<link:referenceArc xlink:arcrole="http://www.xbrl.org/2003/arcrole/concept-reference" xlink:from="loc_57" xlink:to="res_23" xlink:type="arc"/>
		<link:referenceArc xlink:arcrole="http://www.xbrl.org/2003/arcrole/concept-reference" xlink:from="loc_58" xlink:to="res_23" xlink:type="arc"/>
		<link:reference xlink:label="res_24" xlink:role="http://www.xbrl.org/2003/role/disclosureRef" xlink:type="resource">
			<ref:Name>IFRS</ref:Name>
			<ref:Number>14</ref:Number>
			<ref:IssueDate>2025-01-01</ref:IssueDate>
			<ref:Paragraph>20</ref:Paragraph>
			<ref:Subparagraph>a</ref:Subparagraph>
			<ref:URI>https://taxonomy.ifrs.org/xifrs-link?type=IFRS&amp;num=14&amp;code=ifrs-tx-2025-en-r&amp;anchor=para_20_a&amp;doctype=Standard</ref:URI>
			<ref:URIDate>2025-03-27</ref:URIDate>
		</link:reference>
		<link:referenceArc xlink:arcrole="http://www.xbrl.org/2003/arcrole/concept-reference" xlink:from="loc_57" xlink:to="res_24" xlink:type="arc"/>
		<link:reference xlink:label="res_25" xlink:role="http://www.xbrl.org/2003/role/disclosureRef" xlink:type="resource">
			<ref:Name>IFRS</ref:Name>
			<ref:Number>14</ref:Number>
			<ref:IssueDate>2025-01-01</ref:IssueDate>
			<ref:Paragraph>20</ref:Paragraph>
			<ref:Subparagraph>b</ref:Subparagraph>
			<ref:URI>https://taxonomy.ifrs.org/xifrs-link?type=IFRS&amp;num=14&amp;code=ifrs-tx-2025-en-r&amp;anchor=para_20_b&amp;doctype=Standard</ref:URI>
			<ref:URIDate>2025-03-27</ref:URIDate>
		</link:reference>
		<link:referenceArc xlink:arcrole="http://www.xbrl.org/2003/arcrole/concept-reference" xlink:from="loc_58" xlink:to="res_25" xlink:type="arc"/>
		<link:reference xlink:label="res_26" xlink:role="http://www.xbrl.org/2003/role/disclosureRef" xlink:type="resource">
			<ref:Name>IFRS</ref:Name>
			<ref:Number>14</ref:Number>
			<ref:IssueDate>2025-01-01</ref:IssueDate>
			<ref:Paragraph>32</ref:Paragraph>
			<ref:URI>https://taxonomy.ifrs.org/xifrs-link?type=IFRS&amp;num=14&amp;code=ifrs-tx-2025-en-r&amp;anchor=para_32&amp;doctype=Standard</ref:URI>
			<ref:URIDate>2025-03-27</ref:URIDate>
		</link:reference>
		<link:loc xlink:href="../../full_ifrs-cor_2025-03-27.xsd#ifrs-full_DescriptionOfBasisOnWhichRegulatoryDeferralAccountBalancesAreRecognisedAndDerecognisedAndHowTheyAreMeasuredInitiallyAndSubsequently" xlink:label="loc_64" xlink:type="locator"/>
		<link:referenceArc xlink:arcrole="http://www.xbrl.org/2003/arcrole/concept-reference" xlink:from="loc_64" xlink:to="res_26" xlink:type="arc"/>
		<link:reference xlink:label="res_27" xlink:role="http://www.xbrl.org/2003/role/disclosureRef" xlink:type="resource">
			<ref:Name>IFRS</ref:Name>
			<ref:Number>14</ref:Number>
			<ref:IssueDate>2025-01-01</ref:IssueDate>
			<ref:Paragraph>B11</ref:Paragraph>
			<ref:Subparagraph>b</ref:Subparagraph>
			<ref:URI>https://taxonomy.ifrs.org/xifrs-link?type=IFRS&amp;num=14&amp;code=ifrs-tx-2025-en-r&amp;anchor=para_B11_b&amp;doctype=Appendix&amp;subtype=B</ref:URI>
			<ref:URIDate>2025-03-27</ref:URIDate>
		</link:reference>
		<link:referenceArc xlink:arcrole="http://www.xbrl.org/2003/arcrole/concept-reference" xlink:from="loc_25" xlink:to="res_27" xlink:type="arc"/>
		<link:referenceArc xlink:arcrole="http://www.xbrl.org/2003/arcrole/concept-reference" xlink:from="loc_26" xlink:to="res_27" xlink:type="arc"/>
		<link:reference xlink:label="res_28" xlink:role="http://www.xbrl.org/2003/role/disclosureRef" xlink:type="resource">
			<ref:Name>IFRS</ref:Name>
			<ref:Number>14</ref:Number>
			<ref:IssueDate>2025-01-01</ref:IssueDate>
			<ref:Paragraph>25</ref:Paragraph>
			<ref:URI>https://taxonomy.ifrs.org/xifrs-link?type=IFRS&amp;num=14&amp;code=ifrs-tx-2025-en-r&amp;anchor=para_25&amp;doctype=Standard</ref:URI>
			<ref:URIDate>2025-03-27</ref:URIDate>
		</link:reference>
		<link:loc xlink:href="../../full_ifrs-cor_2025-03-27.xsd#ifrs-full_RegulatoryDeferralAccountCreditBalancesDirectlyRelatedToDisposalGroup" xlink:label="loc_65" xlink:type="locator"/>
		<link:referenceArc xlink:arcrole="http://www.xbrl.org/2003/arcrole/concept-reference" xlink:from="loc_65" xlink:to="res_28" xlink:type="arc"/>
		<link:loc xlink:href="../../full_ifrs-cor_2025-03-27.xsd#ifrs-full_RegulatoryDeferralAccountDebitBalancesDirectlyRelatedToDisposalGroup" xlink:label="loc_66" xlink:type="locator"/>
		<link:referenceArc xlink:arcrole="http://www.xbrl.org/2003/arcrole/concept-reference" xlink:from="loc_66" xlink:to="res_28" xlink:type="arc"/>
		<link:loc xlink:href="../../full_ifrs-cor_2025-03-27.xsd#ifrs-full_NetMovementInRegulatoryDeferralAccountBalancesRelatedToProfitOrLossDirectlyAssociatedWithDiscontinuedOperation" xlink:label="loc_67" xlink:type="locator"/>
		<link:referenceArc xlink:arcrole="http://www.xbrl.org/2003/arcrole/concept-reference" xlink:from="loc_67" xlink:to="res_28" xlink:type="arc"/>
		<link:reference xlink:label="res_29" xlink:role="http://www.xbrl.org/2003/role/disclosureRef" xlink:type="resource">
			<ref:Name>IFRS</ref:Name>
			<ref:Number>14</ref:Number>
			<ref:IssueDate>2025-01-01</ref:IssueDate>
			<ref:Paragraph>23</ref:Paragraph>
			<ref:URI>https://taxonomy.ifrs.org/xifrs-link?type=IFRS&amp;num=14&amp;code=ifrs-tx-2025-en-r&amp;anchor=para_23&amp;doctype=Standard</ref:URI>
			<ref:URIDate>2025-03-27</ref:URIDate>
		</link:reference>
		<link:referenceArc xlink:arcrole="http://www.xbrl.org/2003/arcrole/concept-reference" xlink:from="loc_63" xlink:to="res_29" xlink:type="arc"/>
		<link:loc xlink:href="../../full_ifrs-cor_2025-03-27.xsd#ifrs-full_ProfitLossIncludingNetMovementInRegulatoryDeferralAccountBalancesRelatedToProfitOrLossAndNetMovementInRelatedDeferredTax" xlink:label="loc_68" xlink:type="locator"/>
		<link:referenceArc xlink:arcrole="http://www.xbrl.org/2003/arcrole/concept-reference" xlink:from="loc_68" xlink:to="res_29" xlink:type="arc"/>
		<link:reference xlink:label="res_30" xlink:role="http://www.xbrl.org/2003/role/disclosureRef" xlink:type="resource">
			<ref:Name>IFRS</ref:Name>
			<ref:Number>14</ref:Number>
			<ref:IssueDate>2025-01-01</ref:IssueDate>
			<ref:Section>Presentation</ref:Section>
			<ref:URI>https://taxonomy.ifrs.org/xifrs-link?type=IFRS&amp;num=14&amp;code=ifrs-tx-2025-en-r&amp;doctype=Standard&amp;dita_xref=IFRS14_g18-26_TI</ref:URI>
			<ref:URIDate>2025-03-27</ref:URIDate>
		</link:reference>
		<link:loc xlink:href="../../full_ifrs-cor_2025-03-27.xsd#ifrs-full_DisclosureOfRegulatoryDeferralAccountsExplanatory" xlink:label="loc_69" xlink:type="locator"/>
		<link:referenceArc xlink:arcrole="http://www.xbrl.org/2003/arcrole/concept-reference" xlink:from="loc_69" xlink:to="res_30" xlink:type="arc"/>
		<link:reference xlink:label="res_31" xlink:role="http://www.xbrl.org/2003/role/disclosureRef" xlink:type="resource">
			<ref:Name>IFRS</ref:Name>
			<ref:Number>14</ref:Number>
			<ref:IssueDate>2025-01-01</ref:IssueDate>
			<ref:Section>Disclosure</ref:Section>
			<ref:URI>https://taxonomy.ifrs.org/xifrs-link?type=IFRS&amp;num=14&amp;code=ifrs-tx-2025-en-r&amp;doctype=Standard&amp;dita_xref=IFRS14_g27-36_TI</ref:URI>
			<ref:URIDate>2025-03-27</ref:URIDate>
		</link:reference>
		<link:referenceArc xlink:arcrole="http://www.xbrl.org/2003/arcrole/concept-reference" xlink:from="loc_69" xlink:to="res_31" xlink:type="arc"/>
		<link:reference xlink:label="res_32" xlink:role="http://www.xbrl.org/2003/role/disclosureRef" xlink:type="resource">
			<ref:Name>IFRS</ref:Name>
			<ref:Number>14</ref:Number>
			<ref:IssueDate>2025-01-01</ref:IssueDate>
			<ref:Paragraph>B12</ref:Paragraph>
			<ref:Subparagraph>a</ref:Subparagraph>
			<ref:URI>https://taxonomy.ifrs.org/xifrs-link?type=IFRS&amp;num=14&amp;code=ifrs-tx-2025-en-r&amp;anchor=para_B12_a&amp;doctype=Appendix&amp;subtype=B</ref:URI>
			<ref:URIDate>2025-03-27</ref:URIDate>
		</link:reference>
		<link:referenceArc xlink:arcrole="http://www.xbrl.org/2003/arcrole/concept-reference" xlink:from="loc_28" xlink:to="res_32" xlink:type="arc"/>
		<link:reference xlink:label="res_33" xlink:role="http://www.xbrl.org/2003/role/disclosureRef" xlink:type="resource">
			<ref:Name>IFRS</ref:Name>
			<ref:Number>14</ref:Number>
			<ref:IssueDate>2025-01-01</ref:IssueDate>
			<ref:Paragraph>30</ref:Paragraph>
			<ref:Subparagraph>a</ref:Subparagraph>
			<ref:URI>https://taxonomy.ifrs.org/xifrs-link?type=IFRS&amp;num=14&amp;code=ifrs-tx-2025-en-r&amp;anchor=para_30_a&amp;doctype=Standard</ref:URI>
			<ref:URIDate>2025-03-27</ref:URIDate>
		</link:reference>
		<link:loc xlink:href="../../full_ifrs-cor_2025-03-27.xsd#ifrs-full_DescriptionOfNatureOfRegulatoryRatesettingProcess" xlink:label="loc_70" xlink:type="locator"/>
		<link:referenceArc xlink:arcrole="http://www.xbrl.org/2003/arcrole/concept-reference" xlink:from="loc_70" xlink:to="res_33" xlink:type="arc"/>
		<link:loc xlink:href="../../full_ifrs-cor_2025-03-27.xsd#ifrs-full_DescriptionOfNatureAndExtentOfRateregulatedActivity" xlink:label="loc_71" xlink:type="locator"/>
		<link:referenceArc xlink:arcrole="http://www.xbrl.org/2003/arcrole/concept-reference" xlink:from="loc_71" xlink:to="res_33" xlink:type="arc"/>
		<link:reference xlink:label="res_34" xlink:role="http://www.xbrl.org/2003/role/disclosureRef" xlink:type="resource">
			<ref:Name>IFRS</ref:Name>
			<ref:Number>14</ref:Number>
			<ref:IssueDate>2025-01-01</ref:IssueDate>
			<ref:Paragraph>B28</ref:Paragraph>
			<ref:URI>https://taxonomy.ifrs.org/xifrs-link?type=IFRS&amp;num=14&amp;code=ifrs-tx-2025-en-r&amp;anchor=para_B28&amp;doctype=Appendix&amp;subtype=B</ref:URI>
			<ref:URIDate>2025-03-27</ref:URIDate>
		</link:reference>
		<link:loc xlink:href="../../full_ifrs-cor_2025-03-27.xsd#ifrs-full_PortionOfGainsLossesRecognisedWhenControlOfSubsidiaryIsLostAttributableToDerecognisingRegulatoryDeferralAccountBalancesInFormerSubsidiary" xlink:label="loc_72" xlink:type="locator"/>
		<link:referenceArc xlink:arcrole="http://www.xbrl.org/2003/arcrole/concept-reference" xlink:from="loc_72" xlink:to="res_34" xlink:type="arc"/>
		<link:reference xlink:label="res_35" xlink:role="http://www.xbrl.org/2003/role/disclosureRef" xlink:type="resource">
			<ref:Name>IFRS</ref:Name>
			<ref:Number>14</ref:Number>
			<ref:IssueDate>2025-01-01</ref:IssueDate>
			<ref:Paragraph>30</ref:Paragraph>
			<ref:URI>https://taxonomy.ifrs.org/xifrs-link?type=IFRS&amp;num=14&amp;code=ifrs-tx-2025-en-r&amp;anchor=para_30&amp;doctype=Standard</ref:URI>
			<ref:URIDate>2025-03-27</ref:URIDate>
		</link:reference>
		<link:referenceArc xlink:arcrole="http://www.xbrl.org/2003/arcrole/concept-reference" xlink:from="loc_41" xlink:to="res_35" xlink:type="arc"/>
		<link:referenceArc xlink:arcrole="http://www.xbrl.org/2003/arcrole/concept-reference" xlink:from="loc_42" xlink:to="res_35" xlink:type="arc"/>
		<link:reference xlink:label="res_36" xlink:role="http://www.xbrl.org/2009/role/commonPracticeRef" xlink:type="resource">
			<ref:Name>IFRS</ref:Name>
			<ref:Number>14</ref:Number>
			<ref:IssueDate>2025-01-01</ref:IssueDate>
			<ref:Paragraph>25</ref:Paragraph>
			<ref:URI>https://taxonomy.ifrs.org/xifrs-link?type=IFRS&amp;num=14&amp;code=ifrs-tx-2025-en-r&amp;anchor=para_25&amp;doctype=Standard</ref:URI>
			<ref:URIDate>2025-03-27</ref:URIDate>
		</link:reference>
		<link:referenceArc xlink:arcrole="http://www.xbrl.org/2003/arcrole/concept-reference" xlink:from="loc_1" xlink:to="res_36" xlink:type="arc"/>
		<link:reference xlink:label="res_37" xlink:role="http://www.xbrl.org/2003/role/exampleRef" xlink:type="resource">
			<ref:Name>IFRS</ref:Name>
			<ref:Number>14</ref:Number>
			<ref:IssueDate>2025-01-01</ref:IssueDate>
			<ref:Paragraph>25</ref:Paragraph>
			<ref:URI>https://taxonomy.ifrs.org/xifrs-link?type=IFRS&amp;num=14&amp;code=ifrs-tx-2025-en-r&amp;anchor=para_25&amp;doctype=Standard</ref:URI>
			<ref:URIDate>2025-03-27</ref:URIDate>
		</link:reference>
		<link:referenceArc xlink:arcrole="http://www.xbrl.org/2003/arcrole/concept-reference" xlink:from="loc_44" xlink:to="res_37" xlink:type="arc"/>
		<link:referenceArc xlink:arcrole="http://www.xbrl.org/2003/arcrole/concept-reference" xlink:from="loc_45" xlink:to="res_37" xlink:type="arc"/>
		<link:reference xlink:label="res_38" xlink:role="http://www.xbrl.org/2003/role/exampleRef" xlink:type="resource">
			<ref:Name>IFRS</ref:Name>
			<ref:Number>14</ref:Number>
			<ref:IssueDate>2025-01-01</ref:IssueDate>
			<ref:Paragraph>33</ref:Paragraph>
			<ref:URI>https://taxonomy.ifrs.org/xifrs-link?type=IFRS&amp;num=14&amp;code=ifrs-tx-2025-en-r&amp;anchor=para_33&amp;doctype=Standard</ref:URI>
			<ref:URIDate>2025-03-27</ref:URIDate>
		</link:reference>
		<link:loc xlink:href="../../full_ifrs-cor_2025-03-27.xsd#ifrs-full_GasDistributionMember" xlink:label="loc_73" xlink:type="locator"/>
		<link:referenceArc xlink:arcrole="http://www.xbrl.org/2003/arcrole/concept-reference" xlink:from="loc_73" xlink:to="res_38" xlink:type="arc"/>
		<link:loc xlink:href="../../full_ifrs-cor_2025-03-27.xsd#ifrs-full_ElectricityDistributionMember" xlink:label="loc_74" xlink:type="locator"/>
		<link:referenceArc xlink:arcrole="http://www.xbrl.org/2003/arcrole/concept-reference" xlink:from="loc_74" xlink:to="res_38" xlink:type="arc"/>
		<link:reference xlink:label="res_39" xlink:role="http://www.xbrl.org/2003/role/exampleRef" xlink:type="resource">
			<ref:Name>IFRS</ref:Name>
			<ref:Number>14</ref:Number>
			<ref:IssueDate>2025-01-01</ref:IssueDate>
			<ref:Paragraph>23</ref:Paragraph>
			<ref:URI>https://taxonomy.ifrs.org/xifrs-link?type=IFRS&amp;num=14&amp;code=ifrs-tx-2025-en-r&amp;anchor=para_23&amp;doctype=Standard</ref:URI>
			<ref:URIDate>2025-03-27</ref:URIDate>
		</link:reference>
		<link:referenceArc xlink:arcrole="http://www.xbrl.org/2003/arcrole/concept-reference" xlink:from="loc_30" xlink:to="res_39" xlink:type="arc"/>
		<link:referenceArc xlink:arcrole="http://www.xbrl.org/2003/arcrole/concept-reference" xlink:from="loc_31" xlink:to="res_39" xlink:type="arc"/>
		<link:reference xlink:label="res_40" xlink:role="http://www.xbrl.org/2003/role/disclosureRef" xlink:type="resource">
			<ref:Name>IFRS</ref:Name>
			<ref:Number>14</ref:Number>
			<ref:IssueDate>2025-01-01</ref:IssueDate>
			<ref:Paragraph>33</ref:Paragraph>
			<ref:Subparagraph>c</ref:Subparagraph>
			<ref:URI>https://taxonomy.ifrs.org/xifrs-link?type=IFRS&amp;num=14&amp;code=ifrs-tx-2025-en-r&amp;anchor=para_33_c&amp;doctype=Standard</ref:URI>
			<ref:URIDate>2025-03-27</ref:URIDate>
		</link:reference>
		<link:loc xlink:href="../../full_ifrs-cor_2025-03-27.xsd#ifrs-full_RemainingReversalPeriodOfRegulatoryDeferralAccountCreditBalances2019" xlink:label="loc_75" xlink:type="locator"/>
		<link:referenceArc xlink:arcrole="http://www.xbrl.org/2003/arcrole/concept-reference" xlink:from="loc_75" xlink:to="res_40" xlink:type="arc"/>
		<link:loc xlink:href="../../full_ifrs-cor_2025-03-27.xsd#ifrs-full_RemainingRecoveryPeriodOfRegulatoryDeferralAccountDebitBalances2019" xlink:label="loc_76" xlink:type="locator"/>
		<link:referenceArc xlink:arcrole="http://www.xbrl.org/2003/arcrole/concept-reference" xlink:from="loc_76" xlink:to="res_40" xlink:type="arc"/>
		<link:reference xlink:label="res_41" xlink:role="http://www.xbrl.org/2003/role/exampleRef" xlink:type="resource">
			<ref:Name>IFRS</ref:Name>
			<ref:Number>14</ref:Number>
			<ref:IssueDate>2025-01-01</ref:IssueDate>
			<ref:Paragraph>IE2</ref:Paragraph>
			<ref:URI>https://taxonomy.ifrs.org/xifrs-link?type=IFRS&amp;num=14&amp;code=ifrs-tx-2025-en-r&amp;anchor=para_IE2&amp;doctype=Illustrative%20Examples</ref:URI>
			<ref:URIDate>2025-03-27</ref:URIDate>
		</link:reference>
		<link:referenceArc xlink:arcrole="http://www.xbrl.org/2003/arcrole/concept-reference" xlink:from="loc_73" xlink:to="res_41" xlink:type="arc"/>
		<link:referenceArc xlink:arcrole="http://www.xbrl.org/2003/arcrole/concept-reference" xlink:from="loc_74" xlink:to="res_41" xlink:type="arc"/>
		<link:reference xlink:label="res_42" xlink:role="http://www.xbrl.org/2003/role/disclosureRef" xlink:type="resource">
			<ref:Name>IFRS</ref:Name>
			<ref:Number>14</ref:Number>
			<ref:IssueDate>2025-01-01</ref:IssueDate>
			<ref:Paragraph>33</ref:Paragraph>
			<ref:Subparagraph>b</ref:Subparagraph>
			<ref:URI>https://taxonomy.ifrs.org/xifrs-link?type=IFRS&amp;num=14&amp;code=ifrs-tx-2025-en-r&amp;anchor=para_33_b&amp;doctype=Standard</ref:URI>
			<ref:URIDate>2025-03-27</ref:URIDate>
		</link:reference>
		<link:loc xlink:href="../../full_ifrs-cor_2025-03-27.xsd#ifrs-full_RangeAxis" xlink:label="loc_77" xlink:type="locator"/>
		<link:referenceArc xlink:arcrole="http://www.xbrl.org/2003/arcrole/concept-reference" xlink:from="loc_77" xlink:to="res_42" xlink:type="arc"/>
		<link:loc xlink:href="../../full_ifrs-cor_2025-03-27.xsd#ifrs-full_WeightedAverageMember" xlink:label="loc_78" xlink:type="locator"/>
		<link:referenceArc xlink:arcrole="http://www.xbrl.org/2003/arcrole/concept-reference" xlink:from="loc_78" xlink:to="res_42" xlink:type="arc"/>
		<link:loc xlink:href="../../full_ifrs-cor_2025-03-27.xsd#ifrs-full_BottomOfRangeMember" xlink:label="loc_79" xlink:type="locator"/>
		<link:referenceArc xlink:arcrole="http://www.xbrl.org/2003/arcrole/concept-reference" xlink:from="loc_79" xlink:to="res_42" xlink:type="arc"/>
		<link:loc xlink:href="../../full_ifrs-cor_2025-03-27.xsd#ifrs-full_RangeDomain" xlink:label="loc_80" xlink:type="locator"/>
		<link:referenceArc xlink:arcrole="http://www.xbrl.org/2003/arcrole/concept-reference" xlink:from="loc_80" xlink:to="res_42" xlink:type="arc"/>
		<link:loc xlink:href="../../full_ifrs-cor_2025-03-27.xsd#ifrs-full_TopOfRangeMember" xlink:label="loc_81" xlink:type="locator"/>
		<link:referenceArc xlink:arcrole="http://www.xbrl.org/2003/arcrole/concept-reference" xlink:from="loc_81" xlink:to="res_42" xlink:type="arc"/>
		<link:loc xlink:href="../../full_ifrs-cor_2025-03-27.xsd#ifrs-full_RateOfReturnUsedToReflectTimeValueOfMoneyRegulatoryDeferralAccountBalances" xlink:label="loc_82" xlink:type="locator"/>
		<link:referenceArc xlink:arcrole="http://www.xbrl.org/2003/arcrole/concept-reference" xlink:from="loc_82" xlink:to="res_42" xlink:type="arc"/>
		<link:loc xlink:href="../../full_ifrs-cor_2025-03-27.xsd#ifrs-full_DiscountRateUsedToReflectTimeValueOfMoneyRegulatoryDeferralAccountBalances" xlink:label="loc_83" xlink:type="locator"/>
		<link:referenceArc xlink:arcrole="http://www.xbrl.org/2003/arcrole/concept-reference" xlink:from="loc_83" xlink:to="res_42" xlink:type="arc"/>
		<link:reference xlink:label="res_43" xlink:role="http://www.xbrl.org/2003/role/disclosureRef" xlink:type="resource">
			<ref:Name>IFRS</ref:Name>
			<ref:Number>14</ref:Number>
			<ref:IssueDate>2025-01-01</ref:IssueDate>
			<ref:Paragraph>30</ref:Paragraph>
			<ref:Subparagraph>b</ref:Subparagraph>
			<ref:URI>https://taxonomy.ifrs.org/xifrs-link?type=IFRS&amp;num=14&amp;code=ifrs-tx-2025-en-r&amp;anchor=para_30_b&amp;doctype=Standard</ref:URI>
			<ref:URIDate>2025-03-27</ref:URIDate>
		</link:reference>
		<link:loc xlink:href="../../full_ifrs-cor_2025-03-27.xsd#ifrs-full_DescriptionOfIdentityOfRateRegulators" xlink:label="loc_84" xlink:type="locator"/>
		<link:referenceArc xlink:arcrole="http://www.xbrl.org/2003/arcrole/concept-reference" xlink:from="loc_84" xlink:to="res_43" xlink:type="arc"/>
		<link:loc xlink:href="../../full_ifrs-cor_2025-03-27.xsd#ifrs-full_ExplanationOfHowRateRegulatorIsRelated" xlink:label="loc_85" xlink:type="locator"/>
		<link:referenceArc xlink:arcrole="http://www.xbrl.org/2003/arcrole/concept-reference" xlink:from="loc_85" xlink:to="res_43" xlink:type="arc"/>
		<link:loc xlink:href="../../full_ifrs-cor_2025-03-27.xsd#ifrs-full_StatementThatRateRegulatorIsRelatedParty" xlink:label="loc_86" xlink:type="locator"/>
		<link:referenceArc xlink:arcrole="http://www.xbrl.org/2003/arcrole/concept-reference" xlink:from="loc_86" xlink:to="res_43" xlink:type="arc"/>
		<link:reference xlink:label="res_44" xlink:role="http://www.xbrl.org/2003/role/exampleRef" xlink:type="resource">
			<ref:Name>IFRS</ref:Name>
			<ref:Number>14</ref:Number>
			<ref:IssueDate>2025-01-01</ref:IssueDate>
			<ref:Paragraph>33</ref:Paragraph>
			<ref:Subparagraph>a</ref:Subparagraph>
			<ref:Clause>iii</ref:Clause>
			<ref:URI>https://taxonomy.ifrs.org/xifrs-link?type=IFRS&amp;num=14&amp;code=ifrs-tx-2025-en-r&amp;anchor=para_33_a_iii&amp;doctype=Standard</ref:URI>
			<ref:URIDate>2025-03-27</ref:URIDate>
		</link:reference>
		<link:loc xlink:href="../../full_ifrs-cor_2025-03-27.xsd#ifrs-full_IncreaseDecreaseThroughChangesInForeignExchangeRatesRegulatoryDeferralAccountDebitBalances" xlink:label="loc_87" xlink:type="locator"/>
		<link:referenceArc xlink:arcrole="http://www.xbrl.org/2003/arcrole/concept-reference" xlink:from="loc_87" xlink:to="res_44" xlink:type="arc"/>
		<link:referenceArc xlink:arcrole="http://www.xbrl.org/2003/arcrole/concept-reference" xlink:from="loc_43" xlink:to="res_44" xlink:type="arc"/>
		<link:loc xlink:href="../../full_ifrs-cor_2025-03-27.xsd#ifrs-full_IncreaseDecreaseThroughOtherChangesRegulatoryDeferralAccountDebitBalances" xlink:label="loc_88" xlink:type="locator"/>
		<link:referenceArc xlink:arcrole="http://www.xbrl.org/2003/arcrole/concept-reference" xlink:from="loc_88" xlink:to="res_44" xlink:type="arc"/>
		<link:loc xlink:href="../../full_ifrs-cor_2025-03-27.xsd#ifrs-full_IncreaseDecreaseThroughChangesInDiscountRatesRegulatoryDeferralAccountCreditBalances" xlink:label="loc_89" xlink:type="locator"/>
		<link:referenceArc xlink:arcrole="http://www.xbrl.org/2003/arcrole/concept-reference" xlink:from="loc_89" xlink:to="res_44" xlink:type="arc"/>
		<link:loc xlink:href="../../full_ifrs-cor_2025-03-27.xsd#ifrs-full_IncreaseThroughItemsAcquiredInBusinessCombinationRegulatoryDeferralAccountDebitBalances" xlink:label="loc_90" xlink:type="locator"/>
		<link:referenceArc xlink:arcrole="http://www.xbrl.org/2003/arcrole/concept-reference" xlink:from="loc_90" xlink:to="res_44" xlink:type="arc"/>
		<link:loc xlink:href="../../full_ifrs-cor_2025-03-27.xsd#ifrs-full_DecreaseThroughImpairmentsRegulatoryDeferralAccountDebitBalances" xlink:label="loc_91" xlink:type="locator"/>
		<link:referenceArc xlink:arcrole="http://www.xbrl.org/2003/arcrole/concept-reference" xlink:from="loc_91" xlink:to="res_44" xlink:type="arc"/>
		<link:loc xlink:href="../../full_ifrs-cor_2025-03-27.xsd#ifrs-full_IncreaseDecreaseThroughChangesInForeignExchangeRatesRegulatoryDeferralAccountCreditBalances" xlink:label="loc_92" xlink:type="locator"/>
		<link:referenceArc xlink:arcrole="http://www.xbrl.org/2003/arcrole/concept-reference" xlink:from="loc_92" xlink:to="res_44" xlink:type="arc"/>
		<link:loc xlink:href="../../full_ifrs-cor_2025-03-27.xsd#ifrs-full_DecreaseThroughDisposalsRegulatoryDeferralAccountCreditBalances" xlink:label="loc_93" xlink:type="locator"/>
		<link:referenceArc xlink:arcrole="http://www.xbrl.org/2003/arcrole/concept-reference" xlink:from="loc_93" xlink:to="res_44" xlink:type="arc"/>
		<link:referenceArc xlink:arcrole="http://www.xbrl.org/2003/arcrole/concept-reference" xlink:from="loc_46" xlink:to="res_44" xlink:type="arc"/>
		<link:loc xlink:href="../../full_ifrs-cor_2025-03-27.xsd#ifrs-full_IncreaseDecreaseThroughOtherChangesRegulatoryDeferralAccountCreditBalances" xlink:label="loc_94" xlink:type="locator"/>
		<link:referenceArc xlink:arcrole="http://www.xbrl.org/2003/arcrole/concept-reference" xlink:from="loc_94" xlink:to="res_44" xlink:type="arc"/>
		<link:loc xlink:href="../../full_ifrs-cor_2025-03-27.xsd#ifrs-full_DecreaseThroughDisposalsRegulatoryDeferralAccountDebitBalances" xlink:label="loc_95" xlink:type="locator"/>
		<link:referenceArc xlink:arcrole="http://www.xbrl.org/2003/arcrole/concept-reference" xlink:from="loc_95" xlink:to="res_44" xlink:type="arc"/>
		<link:loc xlink:href="../../full_ifrs-cor_2025-03-27.xsd#ifrs-full_IncreaseThroughItemsAssumedInBusinessCombinationRegulatoryDeferralAccountCreditBalances" xlink:label="loc_96" xlink:type="locator"/>
		<link:referenceArc xlink:arcrole="http://www.xbrl.org/2003/arcrole/concept-reference" xlink:from="loc_96" xlink:to="res_44" xlink:type="arc"/>
		<link:loc xlink:href="../../full_ifrs-cor_2025-03-27.xsd#ifrs-full_IncreaseDecreaseThroughChangesInDiscountRatesRegulatoryDeferralAccountDebitBalances" xlink:label="loc_97" xlink:type="locator"/>
		<link:referenceArc xlink:arcrole="http://www.xbrl.org/2003/arcrole/concept-reference" xlink:from="loc_97" xlink:to="res_44" xlink:type="arc"/>
	</link:referenceLink>
</link:linkbase>
