<?xml version="1.0" encoding="UTF-8"?>
<!-- IFRS Accounting Taxonomy 2025.**********************         Copyright (c) 2025 IFRS Foundation        All rights reserved. Reproduction and use rights are strictly limited.For more information on the IFRS Foundation's copyright and the terms and conditions of use for these files, please refer to https://www.ifrs.org/legal/terms-and-conditions/. The IFRS Foundation has trade marks registered around the world (Marks) including 'IAS', 'IASB', the IASB logo, 'IFRIC', 'IFRS', the IFRS logo, 'IFRS for SMEs', the IFRS for SMEs logo, the 'Hexagon Device', 'International Accounting Standards', 'International Financial Reporting Standards', 'NIIF' and 'SIC'. Further details of the IFRS Foundation's Marks are available from the IFRS Foundation on request.        ********************** -->
<link:linkbase xmlns:link="http://www.xbrl.org/2003/linkbase" xmlns:ref="http://www.xbrl.org/2006/ref" xmlns:xbrldt="http://xbrl.org/2005/xbrldt" xmlns:xlink="http://www.w3.org/1999/xlink" xmlns:xsi="http://www.w3.org/2001/XMLSchema-instance" xsi:schemaLocation="http://www.xbrl.org/2003/linkbase http://www.xbrl.org/2003/xbrl-linkbase-2003-12-31.xsd http://www.w3.org/1999/xlink http://www.xbrl.org/2003/xlink-2003-12-31.xsd http://www.xbrl.org/2006/ref http://www.xbrl.org/2006/ref-2006-02-27.xsd">
	<link:roleRef roleURI="http://www.xbrl.org/2009/role/commonPracticeRef" xlink:href="http://www.xbrl.org/lrr/role/reference-2009-12-16.xsd#commonPracticeRef" xlink:type="simple"/>
	<link:referenceLink xlink:role="http://www.xbrl.org/2003/role/link" xlink:type="extended">
		<link:reference xlink:label="res_1" xlink:role="http://www.xbrl.org/2003/role/disclosureRef" xlink:type="resource">
			<ref:Name>IFRS</ref:Name>
			<ref:Number>3</ref:Number>
			<ref:IssueDate>2025-01-01</ref:IssueDate>
			<ref:Paragraph>B64</ref:Paragraph>
			<ref:Subparagraph>a</ref:Subparagraph>
			<ref:URI>https://taxonomy.ifrs.org/xifrs-link?type=IFRS&amp;num=3&amp;code=ifrs-tx-2025-en-r&amp;anchor=para_B64_a&amp;doctype=Appendix&amp;subtype=B</ref:URI>
			<ref:URIDate>2025-03-27</ref:URIDate>
		</link:reference>
		<link:loc xlink:href="../../full_ifrs-cor_2025-03-27.xsd#ifrs-full_NameOfAcquiree" xlink:label="loc_1" xlink:type="locator"/>
		<link:referenceArc xlink:arcrole="http://www.xbrl.org/2003/arcrole/concept-reference" xlink:from="loc_1" xlink:to="res_1" xlink:type="arc"/>
		<link:loc xlink:href="../../full_ifrs-cor_2025-03-27.xsd#ifrs-full_DescriptionOfAcquiree" xlink:label="loc_2" xlink:type="locator"/>
		<link:referenceArc xlink:arcrole="http://www.xbrl.org/2003/arcrole/concept-reference" xlink:from="loc_2" xlink:to="res_1" xlink:type="arc"/>
		<link:reference xlink:label="res_2" xlink:role="http://www.xbrl.org/2003/role/disclosureRef" xlink:type="resource">
			<ref:Name>IFRS</ref:Name>
			<ref:Number>3</ref:Number>
			<ref:IssueDate>2025-01-01</ref:IssueDate>
			<ref:Paragraph>B64</ref:Paragraph>
			<ref:Subparagraph>c</ref:Subparagraph>
			<ref:URI>https://taxonomy.ifrs.org/xifrs-link?type=IFRS&amp;num=3&amp;code=ifrs-tx-2025-en-r&amp;anchor=para_B64_c&amp;doctype=Appendix&amp;subtype=B</ref:URI>
			<ref:URIDate>2025-03-27</ref:URIDate>
		</link:reference>
		<link:loc xlink:href="../../full_ifrs-cor_2025-03-27.xsd#ifrs-full_PercentageOfVotingEquityInterestsAcquired" xlink:label="loc_3" xlink:type="locator"/>
		<link:referenceArc xlink:arcrole="http://www.xbrl.org/2003/arcrole/concept-reference" xlink:from="loc_3" xlink:to="res_2" xlink:type="arc"/>
		<link:reference xlink:label="res_3" xlink:role="http://www.xbrl.org/2003/role/disclosureRef" xlink:type="resource">
			<ref:Name>IFRS</ref:Name>
			<ref:Number>3</ref:Number>
			<ref:IssueDate>2025-01-01</ref:IssueDate>
			<ref:Section>Disclosures</ref:Section>
			<ref:URI>https://taxonomy.ifrs.org/xifrs-link?type=IFRS&amp;num=3&amp;code=ifrs-tx-2025-en-r&amp;doctype=Standard&amp;dita_xref=IFRS03_g59-63_TI</ref:URI>
			<ref:URIDate>2025-03-27</ref:URIDate>
		</link:reference>
		<link:loc xlink:href="../../full_ifrs-cor_2025-03-27.xsd#ifrs-full_DisclosureOfBusinessCombinationsExplanatory" xlink:label="loc_4" xlink:type="locator"/>
		<link:referenceArc xlink:arcrole="http://www.xbrl.org/2003/arcrole/concept-reference" xlink:from="loc_4" xlink:to="res_3" xlink:type="arc"/>
		<link:reference xlink:label="res_4" xlink:role="http://www.xbrl.org/2003/role/exampleRef" xlink:type="resource">
			<ref:Name>IFRS</ref:Name>
			<ref:Number>3</ref:Number>
			<ref:IssueDate>2025-01-01</ref:IssueDate>
			<ref:Paragraph>B64</ref:Paragraph>
			<ref:Subparagraph>i</ref:Subparagraph>
			<ref:URI>https://taxonomy.ifrs.org/xifrs-link?type=IFRS&amp;num=3&amp;code=ifrs-tx-2025-en-r&amp;anchor=para_B64_i&amp;doctype=Appendix&amp;subtype=B</ref:URI>
			<ref:URIDate>2025-03-27</ref:URIDate>
		</link:reference>
		<link:loc xlink:href="../../full_ifrs-cor_2025-03-27.xsd#ifrs-full_InventoryRecognisedAsOfAcquisitionDate" xlink:label="loc_5" xlink:type="locator"/>
		<link:referenceArc xlink:arcrole="http://www.xbrl.org/2003/arcrole/concept-reference" xlink:from="loc_5" xlink:to="res_4" xlink:type="arc"/>
		<link:loc xlink:href="../../full_ifrs-cor_2025-03-27.xsd#ifrs-full_FinancialAssetsRecognisedAsOfAcquisitionDate" xlink:label="loc_6" xlink:type="locator"/>
		<link:referenceArc xlink:arcrole="http://www.xbrl.org/2003/arcrole/concept-reference" xlink:from="loc_6" xlink:to="res_4" xlink:type="arc"/>
		<link:loc xlink:href="../../full_ifrs-cor_2025-03-27.xsd#ifrs-full_IdentifiableAssetsAcquiredLiabilitiesAssumed" xlink:label="loc_7" xlink:type="locator"/>
		<link:referenceArc xlink:arcrole="http://www.xbrl.org/2003/arcrole/concept-reference" xlink:from="loc_7" xlink:to="res_4" xlink:type="arc"/>
		<link:loc xlink:href="../../full_ifrs-cor_2025-03-27.xsd#ifrs-full_IdentifiableIntangibleAssetsRecognisedAsOfAcquisitionDate" xlink:label="loc_8" xlink:type="locator"/>
		<link:referenceArc xlink:arcrole="http://www.xbrl.org/2003/arcrole/concept-reference" xlink:from="loc_8" xlink:to="res_4" xlink:type="arc"/>
		<link:loc xlink:href="../../full_ifrs-cor_2025-03-27.xsd#ifrs-full_PropertyPlantAndEquipmentRecognisedAsOfAcquisitionDate" xlink:label="loc_9" xlink:type="locator"/>
		<link:referenceArc xlink:arcrole="http://www.xbrl.org/2003/arcrole/concept-reference" xlink:from="loc_9" xlink:to="res_4" xlink:type="arc"/>
		<link:loc xlink:href="../../full_ifrs-cor_2025-03-27.xsd#ifrs-full_FinancialLiabilitiesRecognisedAsOfAcquisitionDate" xlink:label="loc_10" xlink:type="locator"/>
		<link:referenceArc xlink:arcrole="http://www.xbrl.org/2003/arcrole/concept-reference" xlink:from="loc_10" xlink:to="res_4" xlink:type="arc"/>
		<link:loc xlink:href="../../full_ifrs-cor_2025-03-27.xsd#ifrs-full_ContingentLiabilitiesRecognisedAsOfAcquisitionDate" xlink:label="loc_11" xlink:type="locator"/>
		<link:referenceArc xlink:arcrole="http://www.xbrl.org/2003/arcrole/concept-reference" xlink:from="loc_11" xlink:to="res_4" xlink:type="arc"/>
		<link:reference xlink:label="res_5" xlink:role="http://www.xbrl.org/2003/role/exampleRef" xlink:type="resource">
			<ref:Name>IFRS</ref:Name>
			<ref:Number>3</ref:Number>
			<ref:IssueDate>2025-01-01</ref:IssueDate>
			<ref:Paragraph>IE72</ref:Paragraph>
			<ref:URI>https://taxonomy.ifrs.org/xifrs-link?type=IFRS&amp;num=3&amp;code=ifrs-tx-2025-en-r&amp;anchor=para_IE72&amp;doctype=Illustrative%20Examples</ref:URI>
			<ref:URIDate>2025-03-27</ref:URIDate>
		</link:reference>
		<link:referenceArc xlink:arcrole="http://www.xbrl.org/2003/arcrole/concept-reference" xlink:from="loc_5" xlink:to="res_5" xlink:type="arc"/>
		<link:referenceArc xlink:arcrole="http://www.xbrl.org/2003/arcrole/concept-reference" xlink:from="loc_6" xlink:to="res_5" xlink:type="arc"/>
		<link:referenceArc xlink:arcrole="http://www.xbrl.org/2003/arcrole/concept-reference" xlink:from="loc_7" xlink:to="res_5" xlink:type="arc"/>
		<link:referenceArc xlink:arcrole="http://www.xbrl.org/2003/arcrole/concept-reference" xlink:from="loc_8" xlink:to="res_5" xlink:type="arc"/>
		<link:referenceArc xlink:arcrole="http://www.xbrl.org/2003/arcrole/concept-reference" xlink:from="loc_9" xlink:to="res_5" xlink:type="arc"/>
		<link:referenceArc xlink:arcrole="http://www.xbrl.org/2003/arcrole/concept-reference" xlink:from="loc_10" xlink:to="res_5" xlink:type="arc"/>
		<link:referenceArc xlink:arcrole="http://www.xbrl.org/2003/arcrole/concept-reference" xlink:from="loc_11" xlink:to="res_5" xlink:type="arc"/>
		<link:loc xlink:href="../../full_ifrs-cor_2025-03-27.xsd#ifrs-full_GoodwillRecognisedAsOfAcquisitionDate" xlink:label="loc_12" xlink:type="locator"/>
		<link:referenceArc xlink:arcrole="http://www.xbrl.org/2003/arcrole/concept-reference" xlink:from="loc_12" xlink:to="res_5" xlink:type="arc"/>
		<link:reference xlink:label="res_6" xlink:role="http://www.xbrl.org/2003/role/disclosureRef" xlink:type="resource">
			<ref:Name>IFRS</ref:Name>
			<ref:Number>3</ref:Number>
			<ref:IssueDate>2025-01-01</ref:IssueDate>
			<ref:Section>Disclosures application of paragraphs 59 and 61</ref:Section>
			<ref:URI>https://taxonomy.ifrs.org/xifrs-link?type=IFRS&amp;num=3&amp;code=ifrs-tx-2025-en-r&amp;doctype=Appendix&amp;subtype=B&amp;dita_xref=IFRS03_gB64-B67_TI</ref:URI>
			<ref:URIDate>2025-03-27</ref:URIDate>
		</link:reference>
		<link:loc xlink:href="../../full_ifrs-cor_2025-03-27.xsd#ifrs-full_DisclosureOfDetailedInformationAboutBusinessCombinationsExplanatory" xlink:label="loc_13" xlink:type="locator"/>
		<link:referenceArc xlink:arcrole="http://www.xbrl.org/2003/arcrole/concept-reference" xlink:from="loc_13" xlink:to="res_6" xlink:type="arc"/>
		<link:reference xlink:label="res_7" xlink:role="http://www.xbrl.org/2003/role/disclosureRef" xlink:type="resource">
			<ref:Name>IFRS</ref:Name>
			<ref:Number>3</ref:Number>
			<ref:IssueDate>2025-01-01</ref:IssueDate>
			<ref:Paragraph>B67</ref:Paragraph>
			<ref:URI>https://taxonomy.ifrs.org/xifrs-link?type=IFRS&amp;num=3&amp;code=ifrs-tx-2025-en-r&amp;anchor=para_B67&amp;doctype=Appendix&amp;subtype=B</ref:URI>
			<ref:URIDate>2025-03-27</ref:URIDate>
		</link:reference>
		<link:loc xlink:href="../../full_ifrs-cor_2025-03-27.xsd#ifrs-full_BusinessCombinationsDomain" xlink:label="loc_14" xlink:type="locator"/>
		<link:referenceArc xlink:arcrole="http://www.xbrl.org/2003/arcrole/concept-reference" xlink:from="loc_14" xlink:to="res_7" xlink:type="arc"/>
		<link:reference xlink:label="res_8" xlink:role="http://www.xbrl.org/2003/role/disclosureRef" xlink:type="resource">
			<ref:Name>IFRS</ref:Name>
			<ref:Number>3</ref:Number>
			<ref:IssueDate>2025-01-01</ref:IssueDate>
			<ref:Paragraph>59</ref:Paragraph>
			<ref:Subparagraph>b</ref:Subparagraph>
			<ref:URI>https://taxonomy.ifrs.org/xifrs-link?type=IFRS&amp;num=3&amp;code=ifrs-tx-2025-en-r&amp;anchor=para_59_b&amp;doctype=Standard</ref:URI>
			<ref:URIDate>2025-03-27</ref:URIDate>
		</link:reference>
		<link:loc xlink:href="../../full_ifrs-cor_2025-03-27.xsd#ifrs-full_DescriptionOfNatureAndFinancialEffectOfBusinessCombinationsAfterReportingPeriodBeforeStatementsAuthorisedForIssue" xlink:label="loc_15" xlink:type="locator"/>
		<link:referenceArc xlink:arcrole="http://www.xbrl.org/2003/arcrole/concept-reference" xlink:from="loc_15" xlink:to="res_8" xlink:type="arc"/>
		<link:reference xlink:label="res_9" xlink:role="http://www.xbrl.org/2003/role/disclosureRef" xlink:type="resource">
			<ref:Name>IFRS</ref:Name>
			<ref:Number>3</ref:Number>
			<ref:IssueDate>2025-01-01</ref:IssueDate>
			<ref:Paragraph>59</ref:Paragraph>
			<ref:Subparagraph>a</ref:Subparagraph>
			<ref:URI>https://taxonomy.ifrs.org/xifrs-link?type=IFRS&amp;num=3&amp;code=ifrs-tx-2025-en-r&amp;anchor=para_59_a&amp;doctype=Standard</ref:URI>
			<ref:URIDate>2025-03-27</ref:URIDate>
		</link:reference>
		<link:loc xlink:href="../../full_ifrs-cor_2025-03-27.xsd#ifrs-full_DescriptionOfNatureAndFinancialEffectOfBusinessCombinationsDuringPeriod" xlink:label="loc_16" xlink:type="locator"/>
		<link:referenceArc xlink:arcrole="http://www.xbrl.org/2003/arcrole/concept-reference" xlink:from="loc_16" xlink:to="res_9" xlink:type="arc"/>
		<link:reference xlink:label="res_10" xlink:role="http://www.xbrl.org/2003/role/disclosureRef" xlink:type="resource">
			<ref:Name>IFRS</ref:Name>
			<ref:Number>3</ref:Number>
			<ref:IssueDate>2025-01-01</ref:IssueDate>
			<ref:Paragraph>61</ref:Paragraph>
			<ref:URI>https://taxonomy.ifrs.org/xifrs-link?type=IFRS&amp;num=3&amp;code=ifrs-tx-2025-en-r&amp;anchor=para_61&amp;doctype=Standard</ref:URI>
			<ref:URIDate>2025-03-27</ref:URIDate>
		</link:reference>
		<link:loc xlink:href="../../full_ifrs-cor_2025-03-27.xsd#ifrs-full_ExplanationOfFinancialEffectOfAdjustmentsRelatedToBusinessCombinations" xlink:label="loc_17" xlink:type="locator"/>
		<link:referenceArc xlink:arcrole="http://www.xbrl.org/2003/arcrole/concept-reference" xlink:from="loc_17" xlink:to="res_10" xlink:type="arc"/>
		<link:reference xlink:label="res_11" xlink:role="http://www.xbrl.org/2003/role/disclosureRef" xlink:type="resource">
			<ref:Name>IFRS</ref:Name>
			<ref:Number>3</ref:Number>
			<ref:IssueDate>2025-01-01</ref:IssueDate>
			<ref:Paragraph>B67</ref:Paragraph>
			<ref:Subparagraph>d</ref:Subparagraph>
			<ref:Clause>iv</ref:Clause>
			<ref:URI>https://taxonomy.ifrs.org/xifrs-link?type=IFRS&amp;num=3&amp;code=ifrs-tx-2025-en-r&amp;anchor=para_B67_d_iv&amp;doctype=Appendix&amp;subtype=B</ref:URI>
			<ref:URIDate>2025-03-27</ref:URIDate>
		</link:reference>
		<link:loc xlink:href="../../full_ifrs-cor_2025-03-27.xsd#ifrs-full_GoodwillDerecognisedWithoutHavingPreviouslyBeenIncludedInDisposalGroupClassifiedAsHeldForSale" xlink:label="loc_18" xlink:type="locator"/>
		<link:referenceArc xlink:arcrole="http://www.xbrl.org/2003/arcrole/concept-reference" xlink:from="loc_18" xlink:to="res_11" xlink:type="arc"/>
		<link:loc xlink:href="../../full_ifrs-cor_2025-03-27.xsd#ifrs-full_DecreaseThroughClassifiedAsHeldForSaleGoodwill" xlink:label="loc_19" xlink:type="locator"/>
		<link:referenceArc xlink:arcrole="http://www.xbrl.org/2003/arcrole/concept-reference" xlink:from="loc_19" xlink:to="res_11" xlink:type="arc"/>
		<link:reference xlink:label="res_12" xlink:role="http://www.xbrl.org/2003/role/disclosureRef" xlink:type="resource">
			<ref:Name>IFRS</ref:Name>
			<ref:Number>3</ref:Number>
			<ref:IssueDate>2025-01-01</ref:IssueDate>
			<ref:Paragraph>B65</ref:Paragraph>
			<ref:URI>https://taxonomy.ifrs.org/xifrs-link?type=IFRS&amp;num=3&amp;code=ifrs-tx-2025-en-r&amp;anchor=para_B65&amp;doctype=Appendix&amp;subtype=B</ref:URI>
			<ref:URIDate>2025-03-27</ref:URIDate>
		</link:reference>
		<link:loc xlink:href="../../full_ifrs-cor_2025-03-27.xsd#ifrs-full_AggregatedIndividuallyImmaterialBusinessCombinationsMember" xlink:label="loc_20" xlink:type="locator"/>
		<link:referenceArc xlink:arcrole="http://www.xbrl.org/2003/arcrole/concept-reference" xlink:from="loc_20" xlink:to="res_12" xlink:type="arc"/>
		<link:reference xlink:label="res_13" xlink:role="http://www.xbrl.org/2003/role/disclosureRef" xlink:type="resource">
			<ref:Name>IFRS</ref:Name>
			<ref:Number>3</ref:Number>
			<ref:IssueDate>2025-01-01</ref:IssueDate>
			<ref:Paragraph>B64</ref:Paragraph>
			<ref:Subparagraph>d</ref:Subparagraph>
			<ref:URI>https://taxonomy.ifrs.org/xifrs-link?type=IFRS&amp;num=3&amp;code=ifrs-tx-2025-en-r&amp;anchor=para_B64_d&amp;doctype=Appendix&amp;subtype=B</ref:URI>
			<ref:URIDate>2025-03-27</ref:URIDate>
		</link:reference>
		<link:loc xlink:href="../../full_ifrs-cor_2025-03-27.xsd#ifrs-full_DescriptionOfHowAcquirerObtainedControlOfAcquiree" xlink:label="loc_21" xlink:type="locator"/>
		<link:referenceArc xlink:arcrole="http://www.xbrl.org/2003/arcrole/concept-reference" xlink:from="loc_21" xlink:to="res_13" xlink:type="arc"/>
		<link:loc xlink:href="../../full_ifrs-cor_2025-03-27.xsd#ifrs-full_DescriptionOfPrimaryReasonsForBusinessCombination" xlink:label="loc_22" xlink:type="locator"/>
		<link:referenceArc xlink:arcrole="http://www.xbrl.org/2003/arcrole/concept-reference" xlink:from="loc_22" xlink:to="res_13" xlink:type="arc"/>
		<link:reference xlink:label="res_14" xlink:role="http://www.xbrl.org/2003/role/disclosureRef" xlink:type="resource">
			<ref:Name>IFRS</ref:Name>
			<ref:Number>3</ref:Number>
			<ref:IssueDate>2025-01-01</ref:IssueDate>
			<ref:Paragraph>B64</ref:Paragraph>
			<ref:Subparagraph>e</ref:Subparagraph>
			<ref:URI>https://taxonomy.ifrs.org/xifrs-link?type=IFRS&amp;num=3&amp;code=ifrs-tx-2025-en-r&amp;anchor=para_B64_e&amp;doctype=Appendix&amp;subtype=B</ref:URI>
			<ref:URIDate>2025-03-27</ref:URIDate>
		</link:reference>
		<link:loc xlink:href="../../full_ifrs-cor_2025-03-27.xsd#ifrs-full_DescriptionOfFactorsThatMakeUpGoodwillRecognised" xlink:label="loc_23" xlink:type="locator"/>
		<link:referenceArc xlink:arcrole="http://www.xbrl.org/2003/arcrole/concept-reference" xlink:from="loc_23" xlink:to="res_14" xlink:type="arc"/>
		<link:reference xlink:label="res_15" xlink:role="http://www.xbrl.org/2003/role/disclosureRef" xlink:type="resource">
			<ref:Name>IFRS</ref:Name>
			<ref:Number>3</ref:Number>
			<ref:IssueDate>2025-01-01</ref:IssueDate>
			<ref:Paragraph>B64</ref:Paragraph>
			<ref:Subparagraph>f</ref:Subparagraph>
			<ref:URI>https://taxonomy.ifrs.org/xifrs-link?type=IFRS&amp;num=3&amp;code=ifrs-tx-2025-en-r&amp;anchor=para_B64_f&amp;doctype=Appendix&amp;subtype=B</ref:URI>
			<ref:URIDate>2025-03-27</ref:URIDate>
		</link:reference>
		<link:loc xlink:href="../../full_ifrs-cor_2025-03-27.xsd#ifrs-full_AcquisitiondateFairValueOfTotalConsiderationTransferred" xlink:label="loc_24" xlink:type="locator"/>
		<link:referenceArc xlink:arcrole="http://www.xbrl.org/2003/arcrole/concept-reference" xlink:from="loc_24" xlink:to="res_15" xlink:type="arc"/>
		<link:reference xlink:label="res_16" xlink:role="http://www.xbrl.org/2003/role/disclosureRef" xlink:type="resource">
			<ref:Name>IFRS</ref:Name>
			<ref:Number>3</ref:Number>
			<ref:IssueDate>2025-01-01</ref:IssueDate>
			<ref:Paragraph>B64</ref:Paragraph>
			<ref:Subparagraph>f</ref:Subparagraph>
			<ref:Clause>i</ref:Clause>
			<ref:URI>https://taxonomy.ifrs.org/xifrs-link?type=IFRS&amp;num=3&amp;code=ifrs-tx-2025-en-r&amp;anchor=para_B64_f_i&amp;doctype=Appendix&amp;subtype=B</ref:URI>
			<ref:URIDate>2025-03-27</ref:URIDate>
		</link:reference>
		<link:loc xlink:href="../../full_ifrs-cor_2025-03-27.xsd#ifrs-full_CashTransferred" xlink:label="loc_25" xlink:type="locator"/>
		<link:referenceArc xlink:arcrole="http://www.xbrl.org/2003/arcrole/concept-reference" xlink:from="loc_25" xlink:to="res_16" xlink:type="arc"/>
		<link:reference xlink:label="res_17" xlink:role="http://www.xbrl.org/2003/role/disclosureRef" xlink:type="resource">
			<ref:Name>IFRS</ref:Name>
			<ref:Number>3</ref:Number>
			<ref:IssueDate>2025-01-01</ref:IssueDate>
			<ref:Paragraph>B64</ref:Paragraph>
			<ref:Subparagraph>f</ref:Subparagraph>
			<ref:Clause>ii</ref:Clause>
			<ref:URI>https://taxonomy.ifrs.org/xifrs-link?type=IFRS&amp;num=3&amp;code=ifrs-tx-2025-en-r&amp;anchor=para_B64_f_ii&amp;doctype=Appendix&amp;subtype=B</ref:URI>
			<ref:URIDate>2025-03-27</ref:URIDate>
		</link:reference>
		<link:loc xlink:href="../../full_ifrs-cor_2025-03-27.xsd#ifrs-full_OtherTangibleOrIntangibleAssetsTransferred" xlink:label="loc_26" xlink:type="locator"/>
		<link:referenceArc xlink:arcrole="http://www.xbrl.org/2003/arcrole/concept-reference" xlink:from="loc_26" xlink:to="res_17" xlink:type="arc"/>
		<link:reference xlink:label="res_18" xlink:role="http://www.xbrl.org/2003/role/disclosureRef" xlink:type="resource">
			<ref:Name>IFRS</ref:Name>
			<ref:Number>3</ref:Number>
			<ref:IssueDate>2025-01-01</ref:IssueDate>
			<ref:Paragraph>B64</ref:Paragraph>
			<ref:Subparagraph>f</ref:Subparagraph>
			<ref:Clause>iii</ref:Clause>
			<ref:URI>https://taxonomy.ifrs.org/xifrs-link?type=IFRS&amp;num=3&amp;code=ifrs-tx-2025-en-r&amp;anchor=para_B64_f_iii&amp;doctype=Appendix&amp;subtype=B</ref:URI>
			<ref:URIDate>2025-03-27</ref:URIDate>
		</link:reference>
		<link:loc xlink:href="../../full_ifrs-cor_2025-03-27.xsd#ifrs-full_LiabilitiesIncurred" xlink:label="loc_27" xlink:type="locator"/>
		<link:referenceArc xlink:arcrole="http://www.xbrl.org/2003/arcrole/concept-reference" xlink:from="loc_27" xlink:to="res_18" xlink:type="arc"/>
		<link:reference xlink:label="res_19" xlink:role="http://www.xbrl.org/2003/role/disclosureRef" xlink:type="resource">
			<ref:Name>IFRS</ref:Name>
			<ref:Number>3</ref:Number>
			<ref:IssueDate>2025-01-01</ref:IssueDate>
			<ref:Paragraph>B64</ref:Paragraph>
			<ref:Subparagraph>f</ref:Subparagraph>
			<ref:Clause>iv</ref:Clause>
			<ref:URI>https://taxonomy.ifrs.org/xifrs-link?type=IFRS&amp;num=3&amp;code=ifrs-tx-2025-en-r&amp;anchor=para_B64_f_iv&amp;doctype=Appendix&amp;subtype=B</ref:URI>
			<ref:URIDate>2025-03-27</ref:URIDate>
		</link:reference>
		<link:loc xlink:href="../../full_ifrs-cor_2025-03-27.xsd#ifrs-full_NumberOfInstrumentsOrInterestsIssuedOrIssuable" xlink:label="loc_28" xlink:type="locator"/>
		<link:referenceArc xlink:arcrole="http://www.xbrl.org/2003/arcrole/concept-reference" xlink:from="loc_28" xlink:to="res_19" xlink:type="arc"/>
		<link:loc xlink:href="../../full_ifrs-cor_2025-03-27.xsd#ifrs-full_EquityInterestsOfAcquirer" xlink:label="loc_29" xlink:type="locator"/>
		<link:referenceArc xlink:arcrole="http://www.xbrl.org/2003/arcrole/concept-reference" xlink:from="loc_29" xlink:to="res_19" xlink:type="arc"/>
		<link:loc xlink:href="../../full_ifrs-cor_2025-03-27.xsd#ifrs-full_MethodOfDeterminingFairValueOfInstrumentsOrInterests" xlink:label="loc_30" xlink:type="locator"/>
		<link:referenceArc xlink:arcrole="http://www.xbrl.org/2003/arcrole/concept-reference" xlink:from="loc_30" xlink:to="res_19" xlink:type="arc"/>
		<link:reference xlink:label="res_20" xlink:role="http://www.xbrl.org/2003/role/disclosureRef" xlink:type="resource">
			<ref:Name>IFRS</ref:Name>
			<ref:Number>3</ref:Number>
			<ref:IssueDate>2025-01-01</ref:IssueDate>
			<ref:Paragraph>B64</ref:Paragraph>
			<ref:Subparagraph>g</ref:Subparagraph>
			<ref:Clause>ii</ref:Clause>
			<ref:URI>https://taxonomy.ifrs.org/xifrs-link?type=IFRS&amp;num=3&amp;code=ifrs-tx-2025-en-r&amp;anchor=para_B64_g_ii&amp;doctype=Appendix&amp;subtype=B</ref:URI>
			<ref:URIDate>2025-03-27</ref:URIDate>
		</link:reference>
		<link:loc xlink:href="../../full_ifrs-cor_2025-03-27.xsd#ifrs-full_DescriptionOfBasisForDeterminingAmountOfPaymentForContingentConsiderationArrangementsAndIndemnificationAssets" xlink:label="loc_31" xlink:type="locator"/>
		<link:referenceArc xlink:arcrole="http://www.xbrl.org/2003/arcrole/concept-reference" xlink:from="loc_31" xlink:to="res_20" xlink:type="arc"/>
		<link:loc xlink:href="../../full_ifrs-cor_2025-03-27.xsd#ifrs-full_DescriptionOfArrangementForContingentConsiderationArrangementsAndIndemnificationAssets" xlink:label="loc_32" xlink:type="locator"/>
		<link:referenceArc xlink:arcrole="http://www.xbrl.org/2003/arcrole/concept-reference" xlink:from="loc_32" xlink:to="res_20" xlink:type="arc"/>
		<link:reference xlink:label="res_21" xlink:role="http://www.xbrl.org/2003/role/disclosureRef" xlink:type="resource">
			<ref:Name>IFRS</ref:Name>
			<ref:Number>3</ref:Number>
			<ref:IssueDate>2025-01-01</ref:IssueDate>
			<ref:Paragraph>B64</ref:Paragraph>
			<ref:Subparagraph>g</ref:Subparagraph>
			<ref:Clause>iii</ref:Clause>
			<ref:URI>https://taxonomy.ifrs.org/xifrs-link?type=IFRS&amp;num=3&amp;code=ifrs-tx-2025-en-r&amp;anchor=para_B64_g_iii&amp;doctype=Appendix&amp;subtype=B</ref:URI>
			<ref:URIDate>2025-03-27</ref:URIDate>
		</link:reference>
		<link:loc xlink:href="../../full_ifrs-cor_2025-03-27.xsd#ifrs-full_ExplanationOfFactThatMaximumAmountOfPaymentForContingentConsiderationArrangementsAndIndemnificationAssetsIsUnlimited" xlink:label="loc_33" xlink:type="locator"/>
		<link:referenceArc xlink:arcrole="http://www.xbrl.org/2003/arcrole/concept-reference" xlink:from="loc_33" xlink:to="res_21" xlink:type="arc"/>
		<link:loc xlink:href="../../full_ifrs-cor_2025-03-27.xsd#ifrs-full_DescriptionOfEstimateOfRangeOfOutcomesFromContingentConsiderationArrangementsAndIndemnificationAssets" xlink:label="loc_34" xlink:type="locator"/>
		<link:referenceArc xlink:arcrole="http://www.xbrl.org/2003/arcrole/concept-reference" xlink:from="loc_34" xlink:to="res_21" xlink:type="arc"/>
		<link:loc xlink:href="../../full_ifrs-cor_2025-03-27.xsd#ifrs-full_DescriptionOfExplanationOfFactAndReasonsWhyRangeOfOutcomesFromContingentConsiderationArrangementsAndIndemnificationAssetsCannotBeEstimated" xlink:label="loc_35" xlink:type="locator"/>
		<link:referenceArc xlink:arcrole="http://www.xbrl.org/2003/arcrole/concept-reference" xlink:from="loc_35" xlink:to="res_21" xlink:type="arc"/>
		<link:loc xlink:href="../../full_ifrs-cor_2025-03-27.xsd#ifrs-full_MaximumAmountOfPaymentForContingentConsiderationArrangementsAndIndemnificationAssetsIsUnlimited" xlink:label="loc_36" xlink:type="locator"/>
		<link:referenceArc xlink:arcrole="http://www.xbrl.org/2003/arcrole/concept-reference" xlink:from="loc_36" xlink:to="res_21" xlink:type="arc"/>
		<link:loc xlink:href="../../full_ifrs-cor_2025-03-27.xsd#ifrs-full_RangeOfOutcomesFromContingentConsiderationArrangementsAndIndemnificationAssetsCannotBeEstimated" xlink:label="loc_37" xlink:type="locator"/>
		<link:referenceArc xlink:arcrole="http://www.xbrl.org/2003/arcrole/concept-reference" xlink:from="loc_37" xlink:to="res_21" xlink:type="arc"/>
		<link:reference xlink:label="res_22" xlink:role="http://www.xbrl.org/2003/role/disclosureRef" xlink:type="resource">
			<ref:Name>IFRS</ref:Name>
			<ref:Number>3</ref:Number>
			<ref:IssueDate>2025-01-01</ref:IssueDate>
			<ref:Paragraph>B64</ref:Paragraph>
			<ref:Subparagraph>h</ref:Subparagraph>
			<ref:Clause>i</ref:Clause>
			<ref:URI>https://taxonomy.ifrs.org/xifrs-link?type=IFRS&amp;num=3&amp;code=ifrs-tx-2025-en-r&amp;anchor=para_B64_h_i&amp;doctype=Appendix&amp;subtype=B</ref:URI>
			<ref:URIDate>2025-03-27</ref:URIDate>
		</link:reference>
		<link:loc xlink:href="../../full_ifrs-cor_2025-03-27.xsd#ifrs-full_FairValueOfAcquiredReceivables" xlink:label="loc_38" xlink:type="locator"/>
		<link:referenceArc xlink:arcrole="http://www.xbrl.org/2003/arcrole/concept-reference" xlink:from="loc_38" xlink:to="res_22" xlink:type="arc"/>
		<link:reference xlink:label="res_23" xlink:role="http://www.xbrl.org/2003/role/disclosureRef" xlink:type="resource">
			<ref:Name>IFRS</ref:Name>
			<ref:Number>3</ref:Number>
			<ref:IssueDate>2025-01-01</ref:IssueDate>
			<ref:Paragraph>B64</ref:Paragraph>
			<ref:Subparagraph>h</ref:Subparagraph>
			<ref:Clause>ii</ref:Clause>
			<ref:URI>https://taxonomy.ifrs.org/xifrs-link?type=IFRS&amp;num=3&amp;code=ifrs-tx-2025-en-r&amp;anchor=para_B64_h_ii&amp;doctype=Appendix&amp;subtype=B</ref:URI>
			<ref:URIDate>2025-03-27</ref:URIDate>
		</link:reference>
		<link:loc xlink:href="../../full_ifrs-cor_2025-03-27.xsd#ifrs-full_GrossContractualAmountsReceivableForAcquiredReceivables" xlink:label="loc_39" xlink:type="locator"/>
		<link:referenceArc xlink:arcrole="http://www.xbrl.org/2003/arcrole/concept-reference" xlink:from="loc_39" xlink:to="res_23" xlink:type="arc"/>
		<link:reference xlink:label="res_24" xlink:role="http://www.xbrl.org/2003/role/disclosureRef" xlink:type="resource">
			<ref:Name>IFRS</ref:Name>
			<ref:Number>3</ref:Number>
			<ref:IssueDate>2025-01-01</ref:IssueDate>
			<ref:Paragraph>B64</ref:Paragraph>
			<ref:Subparagraph>h</ref:Subparagraph>
			<ref:Clause>iii</ref:Clause>
			<ref:URI>https://taxonomy.ifrs.org/xifrs-link?type=IFRS&amp;num=3&amp;code=ifrs-tx-2025-en-r&amp;anchor=para_B64_h_iii&amp;doctype=Appendix&amp;subtype=B</ref:URI>
			<ref:URIDate>2025-03-27</ref:URIDate>
		</link:reference>
		<link:loc xlink:href="../../full_ifrs-cor_2025-03-27.xsd#ifrs-full_BestEstimateAtAcquisitionDateOfContractualCashFlowsNotExpectedToBeCollectedForAcquiredReceivables" xlink:label="loc_40" xlink:type="locator"/>
		<link:referenceArc xlink:arcrole="http://www.xbrl.org/2003/arcrole/concept-reference" xlink:from="loc_40" xlink:to="res_24" xlink:type="arc"/>
		<link:reference xlink:label="res_25" xlink:role="http://www.xbrl.org/2003/role/disclosureRef" xlink:type="resource">
			<ref:Name>IFRS</ref:Name>
			<ref:Number>3</ref:Number>
			<ref:IssueDate>2025-01-01</ref:IssueDate>
			<ref:Paragraph>B64</ref:Paragraph>
			<ref:Subparagraph>j</ref:Subparagraph>
			<ref:Clause>ii</ref:Clause>
			<ref:URI>https://taxonomy.ifrs.org/xifrs-link?type=IFRS&amp;num=3&amp;code=ifrs-tx-2025-en-r&amp;anchor=para_B64_j_ii&amp;doctype=Appendix&amp;subtype=B</ref:URI>
			<ref:URIDate>2025-03-27</ref:URIDate>
		</link:reference>
		<link:loc xlink:href="../../full_ifrs-cor_2025-03-27.xsd#ifrs-full_DescriptionOfReasonsWhyLiabilityCannotBeMeasuredReliably" xlink:label="loc_41" xlink:type="locator"/>
		<link:referenceArc xlink:arcrole="http://www.xbrl.org/2003/arcrole/concept-reference" xlink:from="loc_41" xlink:to="res_25" xlink:type="arc"/>
		<link:reference xlink:label="res_26" xlink:role="http://www.xbrl.org/2003/role/disclosureRef" xlink:type="resource">
			<ref:Name>IFRS</ref:Name>
			<ref:Number>3</ref:Number>
			<ref:IssueDate>2025-01-01</ref:IssueDate>
			<ref:Paragraph>B64</ref:Paragraph>
			<ref:Subparagraph>k</ref:Subparagraph>
			<ref:URI>https://taxonomy.ifrs.org/xifrs-link?type=IFRS&amp;num=3&amp;code=ifrs-tx-2025-en-r&amp;anchor=para_B64_k&amp;doctype=Appendix&amp;subtype=B</ref:URI>
			<ref:URIDate>2025-03-27</ref:URIDate>
		</link:reference>
		<link:loc xlink:href="../../full_ifrs-cor_2025-03-27.xsd#ifrs-full_GoodwillExpectedDeductibleForTaxPurposes" xlink:label="loc_42" xlink:type="locator"/>
		<link:referenceArc xlink:arcrole="http://www.xbrl.org/2003/arcrole/concept-reference" xlink:from="loc_42" xlink:to="res_26" xlink:type="arc"/>
		<link:reference xlink:label="res_27" xlink:role="http://www.xbrl.org/2003/role/disclosureRef" xlink:type="resource">
			<ref:Name>IFRS</ref:Name>
			<ref:Number>3</ref:Number>
			<ref:IssueDate>2025-01-01</ref:IssueDate>
			<ref:Paragraph>B64</ref:Paragraph>
			<ref:Subparagraph>l</ref:Subparagraph>
			<ref:URI>https://taxonomy.ifrs.org/xifrs-link?type=IFRS&amp;num=3&amp;code=ifrs-tx-2025-en-r&amp;anchor=para_B64_l&amp;doctype=Appendix&amp;subtype=B</ref:URI>
			<ref:URIDate>2025-03-27</ref:URIDate>
		</link:reference>
		<link:loc xlink:href="../../full_ifrs-cor_2025-03-27.xsd#ifrs-full_TransactionsRecognisedSeparatelyFromAcquisitionOfAssetsAndAssumptionOfLiabilitiesInBusinessCombinationAxis" xlink:label="loc_43" xlink:type="locator"/>
		<link:referenceArc xlink:arcrole="http://www.xbrl.org/2003/arcrole/concept-reference" xlink:from="loc_43" xlink:to="res_27" xlink:type="arc"/>
		<link:loc xlink:href="../../full_ifrs-cor_2025-03-27.xsd#ifrs-full_TransactionsRecognisedSeparatelyFromAcquisitionOfAssetsAndAssumptionOfLiabilitiesInBusinessCombinationDomain" xlink:label="loc_44" xlink:type="locator"/>
		<link:referenceArc xlink:arcrole="http://www.xbrl.org/2003/arcrole/concept-reference" xlink:from="loc_44" xlink:to="res_27" xlink:type="arc"/>
		<link:loc xlink:href="../../full_ifrs-cor_2025-03-27.xsd#ifrs-full_DisclosureOfTransactionsRecognisedSeparatelyFromAcquisitionOfAssetsAndAssumptionOfLiabilitiesInBusinessCombinationExplanatory" xlink:label="loc_45" xlink:type="locator"/>
		<link:referenceArc xlink:arcrole="http://www.xbrl.org/2003/arcrole/concept-reference" xlink:from="loc_45" xlink:to="res_27" xlink:type="arc"/>
		<link:loc xlink:href="../../full_ifrs-cor_2025-03-27.xsd#ifrs-full_ExplanationOfTransactionsRecognisedSeparatelyFromAcquisitionOfAssetsAndAssumptionOfLiabilitiesInBusinessCombination" xlink:label="loc_46" xlink:type="locator"/>
		<link:referenceArc xlink:arcrole="http://www.xbrl.org/2003/arcrole/concept-reference" xlink:from="loc_46" xlink:to="res_27" xlink:type="arc"/>
		<link:loc xlink:href="../../full_ifrs-cor_2025-03-27.xsd#ifrs-full_DisclosureOfTransactionsRecognisedSeparatelyFromAcquisitionOfAssetsAndAssumptionOfLiabilitiesInBusinessCombinationTable" xlink:label="loc_47" xlink:type="locator"/>
		<link:referenceArc xlink:arcrole="http://www.xbrl.org/2003/arcrole/concept-reference" xlink:from="loc_47" xlink:to="res_27" xlink:type="arc"/>
		<link:reference xlink:label="res_28" xlink:role="http://www.xbrl.org/2003/role/disclosureRef" xlink:type="resource">
			<ref:Name>IFRS</ref:Name>
			<ref:Number>3</ref:Number>
			<ref:IssueDate>2025-01-01</ref:IssueDate>
			<ref:Paragraph>B64</ref:Paragraph>
			<ref:Subparagraph>m</ref:Subparagraph>
			<ref:URI>https://taxonomy.ifrs.org/xifrs-link?type=IFRS&amp;num=3&amp;code=ifrs-tx-2025-en-r&amp;anchor=para_B64_m&amp;doctype=Appendix&amp;subtype=B</ref:URI>
			<ref:URIDate>2025-03-27</ref:URIDate>
		</link:reference>
		<link:loc xlink:href="../../full_ifrs-cor_2025-03-27.xsd#ifrs-full_DescriptionOfHowIssueCostsNotRecognisedAsExpenseWereRecognisedForTransactionRecognisedSeparatelyFromAcquisitionOfAssetsAndAssumptionOfLiabilitiesInBusinessCombination" xlink:label="loc_48" xlink:type="locator"/>
		<link:referenceArc xlink:arcrole="http://www.xbrl.org/2003/arcrole/concept-reference" xlink:from="loc_48" xlink:to="res_28" xlink:type="arc"/>
		<link:loc xlink:href="../../full_ifrs-cor_2025-03-27.xsd#ifrs-full_DescriptionOfLineItemsForAcquisitionRelatedCostsRecognisedAsExpenseForTransactionRecognisedSeparatelyFromAcquisitionOfAssetsAndAssumptionOfLiabilitiesInBusinessCombination" xlink:label="loc_49" xlink:type="locator"/>
		<link:referenceArc xlink:arcrole="http://www.xbrl.org/2003/arcrole/concept-reference" xlink:from="loc_49" xlink:to="res_28" xlink:type="arc"/>
		<link:loc xlink:href="../../full_ifrs-cor_2025-03-27.xsd#ifrs-full_AcquisitionrelatedCostsRecognisedAsExpenseForTransactionRecognisedSeparatelyFromAcquisitionOfAssetsAndAssumptionOfLiabilitiesInBusinessCombination" xlink:label="loc_50" xlink:type="locator"/>
		<link:referenceArc xlink:arcrole="http://www.xbrl.org/2003/arcrole/concept-reference" xlink:from="loc_50" xlink:to="res_28" xlink:type="arc"/>
		<link:loc xlink:href="../../full_ifrs-cor_2025-03-27.xsd#ifrs-full_IssueCostsNotRecognisedAsExpenseForTransactionRecognisedSeparatelyFromAcquisitionOfAssetsAndAssumptionOfLiabilitiesInBusinessCombination" xlink:label="loc_51" xlink:type="locator"/>
		<link:referenceArc xlink:arcrole="http://www.xbrl.org/2003/arcrole/concept-reference" xlink:from="loc_51" xlink:to="res_28" xlink:type="arc"/>
		<link:loc xlink:href="../../full_ifrs-cor_2025-03-27.xsd#ifrs-full_AcquisitionrelatedCostsForTransactionRecognisedSeparatelyFromAcquisitionOfAssetsAndAssumptionOfLiabilitiesInBusinessCombination" xlink:label="loc_52" xlink:type="locator"/>
		<link:referenceArc xlink:arcrole="http://www.xbrl.org/2003/arcrole/concept-reference" xlink:from="loc_52" xlink:to="res_28" xlink:type="arc"/>
		<link:referenceArc xlink:arcrole="http://www.xbrl.org/2003/arcrole/concept-reference" xlink:from="loc_46" xlink:to="res_28" xlink:type="arc"/>
		<link:reference xlink:label="res_29" xlink:role="http://www.xbrl.org/2003/role/disclosureRef" xlink:type="resource">
			<ref:Name>IFRS</ref:Name>
			<ref:Number>3</ref:Number>
			<ref:IssueDate>2025-01-01</ref:IssueDate>
			<ref:Paragraph>B64</ref:Paragraph>
			<ref:Subparagraph>l</ref:Subparagraph>
			<ref:Clause>i</ref:Clause>
			<ref:URI>https://taxonomy.ifrs.org/xifrs-link?type=IFRS&amp;num=3&amp;code=ifrs-tx-2025-en-r&amp;anchor=para_B64_l_i&amp;doctype=Appendix&amp;subtype=B</ref:URI>
			<ref:URIDate>2025-03-27</ref:URIDate>
		</link:reference>
		<link:referenceArc xlink:arcrole="http://www.xbrl.org/2003/arcrole/concept-reference" xlink:from="loc_46" xlink:to="res_29" xlink:type="arc"/>
		<link:reference xlink:label="res_30" xlink:role="http://www.xbrl.org/2003/role/disclosureRef" xlink:type="resource">
			<ref:Name>IFRS</ref:Name>
			<ref:Number>3</ref:Number>
			<ref:IssueDate>2025-01-01</ref:IssueDate>
			<ref:Paragraph>B64</ref:Paragraph>
			<ref:Subparagraph>n</ref:Subparagraph>
			<ref:Clause>i</ref:Clause>
			<ref:URI>https://taxonomy.ifrs.org/xifrs-link?type=IFRS&amp;num=3&amp;code=ifrs-tx-2025-en-r&amp;anchor=para_B64_n_i&amp;doctype=Appendix&amp;subtype=B</ref:URI>
			<ref:URIDate>2025-03-27</ref:URIDate>
		</link:reference>
		<link:loc xlink:href="../../full_ifrs-cor_2025-03-27.xsd#ifrs-full_GainRecognisedInBargainPurchaseTransaction" xlink:label="loc_53" xlink:type="locator"/>
		<link:referenceArc xlink:arcrole="http://www.xbrl.org/2003/arcrole/concept-reference" xlink:from="loc_53" xlink:to="res_30" xlink:type="arc"/>
		<link:loc xlink:href="../../full_ifrs-cor_2025-03-27.xsd#ifrs-full_ExplanationOfAmountOfAnyGainRecognisedAndLineItemInStatementOfComprehensiveIncomeInWhichGainIsRecognisedInBargainPurchase" xlink:label="loc_54" xlink:type="locator"/>
		<link:referenceArc xlink:arcrole="http://www.xbrl.org/2003/arcrole/concept-reference" xlink:from="loc_54" xlink:to="res_30" xlink:type="arc"/>
		<link:reference xlink:label="res_31" xlink:role="http://www.xbrl.org/2003/role/disclosureRef" xlink:type="resource">
			<ref:Name>IFRS</ref:Name>
			<ref:Number>3</ref:Number>
			<ref:IssueDate>2025-01-01</ref:IssueDate>
			<ref:Paragraph>B64</ref:Paragraph>
			<ref:Subparagraph>o</ref:Subparagraph>
			<ref:Clause>i</ref:Clause>
			<ref:URI>https://taxonomy.ifrs.org/xifrs-link?type=IFRS&amp;num=3&amp;code=ifrs-tx-2025-en-r&amp;anchor=para_B64_o_i&amp;doctype=Appendix&amp;subtype=B</ref:URI>
			<ref:URIDate>2025-03-27</ref:URIDate>
		</link:reference>
		<link:loc xlink:href="../../full_ifrs-cor_2025-03-27.xsd#ifrs-full_DescriptionOfMeasurementBasisForNoncontrollingInterestInAcquireeRecognisedAtAcquisitionDate" xlink:label="loc_55" xlink:type="locator"/>
		<link:referenceArc xlink:arcrole="http://www.xbrl.org/2003/arcrole/concept-reference" xlink:from="loc_55" xlink:to="res_31" xlink:type="arc"/>
		<link:loc xlink:href="../../full_ifrs-cor_2025-03-27.xsd#ifrs-full_NoncontrollingInterestInAcquireeRecognisedAtAcquisitionDate" xlink:label="loc_56" xlink:type="locator"/>
		<link:referenceArc xlink:arcrole="http://www.xbrl.org/2003/arcrole/concept-reference" xlink:from="loc_56" xlink:to="res_31" xlink:type="arc"/>
		<link:reference xlink:label="res_32" xlink:role="http://www.xbrl.org/2003/role/disclosureRef" xlink:type="resource">
			<ref:Name>IFRS</ref:Name>
			<ref:Number>3</ref:Number>
			<ref:IssueDate>2025-01-01</ref:IssueDate>
			<ref:Paragraph>B64</ref:Paragraph>
			<ref:Subparagraph>o</ref:Subparagraph>
			<ref:Clause>ii</ref:Clause>
			<ref:URI>https://taxonomy.ifrs.org/xifrs-link?type=IFRS&amp;num=3&amp;code=ifrs-tx-2025-en-r&amp;anchor=para_B64_o_ii&amp;doctype=Appendix&amp;subtype=B</ref:URI>
			<ref:URIDate>2025-03-27</ref:URIDate>
		</link:reference>
		<link:loc xlink:href="../../full_ifrs-cor_2025-03-27.xsd#ifrs-full_DescriptionOfValuationTechniquesAndKeyModelInputsUsedForDeterminingNoncontrollingInterestInAnAcquireeMeasuredAtFairValue" xlink:label="loc_57" xlink:type="locator"/>
		<link:referenceArc xlink:arcrole="http://www.xbrl.org/2003/arcrole/concept-reference" xlink:from="loc_57" xlink:to="res_32" xlink:type="arc"/>
		<link:reference xlink:label="res_33" xlink:role="http://www.xbrl.org/2003/role/disclosureRef" xlink:type="resource">
			<ref:Name>IFRS</ref:Name>
			<ref:Number>3</ref:Number>
			<ref:IssueDate>2025-01-01</ref:IssueDate>
			<ref:Paragraph>B64</ref:Paragraph>
			<ref:Subparagraph>p</ref:Subparagraph>
			<ref:Clause>i</ref:Clause>
			<ref:URI>https://taxonomy.ifrs.org/xifrs-link?type=IFRS&amp;num=3&amp;code=ifrs-tx-2025-en-r&amp;anchor=para_B64_p_i&amp;doctype=Appendix&amp;subtype=B</ref:URI>
			<ref:URIDate>2025-03-27</ref:URIDate>
		</link:reference>
		<link:loc xlink:href="../../full_ifrs-cor_2025-03-27.xsd#ifrs-full_AcquisitiondateFairValueOfEquityInterestInAcquireeHeldByAcquirerImmediatelyBeforeAcquisitionDate" xlink:label="loc_58" xlink:type="locator"/>
		<link:referenceArc xlink:arcrole="http://www.xbrl.org/2003/arcrole/concept-reference" xlink:from="loc_58" xlink:to="res_33" xlink:type="arc"/>
		<link:reference xlink:label="res_34" xlink:role="http://www.xbrl.org/2003/role/disclosureRef" xlink:type="resource">
			<ref:Name>IFRS</ref:Name>
			<ref:Number>3</ref:Number>
			<ref:IssueDate>2025-01-01</ref:IssueDate>
			<ref:Paragraph>B64</ref:Paragraph>
			<ref:Subparagraph>q</ref:Subparagraph>
			<ref:Clause>i</ref:Clause>
			<ref:URI>https://taxonomy.ifrs.org/xifrs-link?type=IFRS&amp;num=3&amp;code=ifrs-tx-2025-en-r&amp;anchor=para_B64_q_i&amp;doctype=Appendix&amp;subtype=B</ref:URI>
			<ref:URIDate>2025-03-27</ref:URIDate>
		</link:reference>
		<link:loc xlink:href="../../full_ifrs-cor_2025-03-27.xsd#ifrs-full_RevenueOfAcquiree" xlink:label="loc_59" xlink:type="locator"/>
		<link:referenceArc xlink:arcrole="http://www.xbrl.org/2003/arcrole/concept-reference" xlink:from="loc_59" xlink:to="res_34" xlink:type="arc"/>
		<link:loc xlink:href="../../full_ifrs-cor_2025-03-27.xsd#ifrs-full_ProfitLossOfAcquiree" xlink:label="loc_60" xlink:type="locator"/>
		<link:referenceArc xlink:arcrole="http://www.xbrl.org/2003/arcrole/concept-reference" xlink:from="loc_60" xlink:to="res_34" xlink:type="arc"/>
		<link:reference xlink:label="res_35" xlink:role="http://www.xbrl.org/2003/role/disclosureRef" xlink:type="resource">
			<ref:Name>IFRS</ref:Name>
			<ref:Number>3</ref:Number>
			<ref:IssueDate>2025-01-01</ref:IssueDate>
			<ref:Paragraph>B64</ref:Paragraph>
			<ref:Subparagraph>q</ref:Subparagraph>
			<ref:Clause>ii</ref:Clause>
			<ref:URI>https://taxonomy.ifrs.org/xifrs-link?type=IFRS&amp;num=3&amp;code=ifrs-tx-2025-en-r&amp;anchor=para_B64_q_ii&amp;doctype=Appendix&amp;subtype=B</ref:URI>
			<ref:URIDate>2025-03-27</ref:URIDate>
		</link:reference>
		<link:loc xlink:href="../../full_ifrs-cor_2025-03-27.xsd#ifrs-full_ProfitLossOfCombinedEntity" xlink:label="loc_61" xlink:type="locator"/>
		<link:referenceArc xlink:arcrole="http://www.xbrl.org/2003/arcrole/concept-reference" xlink:from="loc_61" xlink:to="res_35" xlink:type="arc"/>
		<link:loc xlink:href="../../full_ifrs-cor_2025-03-27.xsd#ifrs-full_RevenueOfCombinedEntity" xlink:label="loc_62" xlink:type="locator"/>
		<link:referenceArc xlink:arcrole="http://www.xbrl.org/2003/arcrole/concept-reference" xlink:from="loc_62" xlink:to="res_35" xlink:type="arc"/>
		<link:reference xlink:label="res_36" xlink:role="http://www.xbrl.org/2003/role/disclosureRef" xlink:type="resource">
			<ref:Name>IFRS</ref:Name>
			<ref:Number>3</ref:Number>
			<ref:IssueDate>2025-01-01</ref:IssueDate>
			<ref:Paragraph>B67</ref:Paragraph>
			<ref:Subparagraph>a</ref:Subparagraph>
			<ref:Clause>i</ref:Clause>
			<ref:URI>https://taxonomy.ifrs.org/xifrs-link?type=IFRS&amp;num=3&amp;code=ifrs-tx-2025-en-r&amp;anchor=para_B67_a_i&amp;doctype=Appendix&amp;subtype=B</ref:URI>
			<ref:URIDate>2025-03-27</ref:URIDate>
		</link:reference>
		<link:loc xlink:href="../../full_ifrs-cor_2025-03-27.xsd#ifrs-full_DescriptionOfReasonsWhyInitialAccountingForBusinessCombinationIsIncomplete" xlink:label="loc_63" xlink:type="locator"/>
		<link:referenceArc xlink:arcrole="http://www.xbrl.org/2003/arcrole/concept-reference" xlink:from="loc_63" xlink:to="res_36" xlink:type="arc"/>
		<link:reference xlink:label="res_37" xlink:role="http://www.xbrl.org/2003/role/disclosureRef" xlink:type="resource">
			<ref:Name>IFRS</ref:Name>
			<ref:Number>3</ref:Number>
			<ref:IssueDate>2025-01-01</ref:IssueDate>
			<ref:Paragraph>B67</ref:Paragraph>
			<ref:Subparagraph>a</ref:Subparagraph>
			<ref:Clause>ii</ref:Clause>
			<ref:URI>https://taxonomy.ifrs.org/xifrs-link?type=IFRS&amp;num=3&amp;code=ifrs-tx-2025-en-r&amp;anchor=para_B67_a_ii&amp;doctype=Appendix&amp;subtype=B</ref:URI>
			<ref:URIDate>2025-03-27</ref:URIDate>
		</link:reference>
		<link:loc xlink:href="../../full_ifrs-cor_2025-03-27.xsd#ifrs-full_DescriptionOfAmountsOfAssetsLiabilitiesEquityInterestsOrItemsOfConsiderationForWhichInitialAccountingIsIncomplete" xlink:label="loc_64" xlink:type="locator"/>
		<link:referenceArc xlink:arcrole="http://www.xbrl.org/2003/arcrole/concept-reference" xlink:from="loc_64" xlink:to="res_37" xlink:type="arc"/>
		<link:reference xlink:label="res_38" xlink:role="http://www.xbrl.org/2003/role/disclosureRef" xlink:type="resource">
			<ref:Name>IFRS</ref:Name>
			<ref:Number>3</ref:Number>
			<ref:IssueDate>2025-01-01</ref:IssueDate>
			<ref:Paragraph>B67</ref:Paragraph>
			<ref:Subparagraph>a</ref:Subparagraph>
			<ref:Clause>iii</ref:Clause>
			<ref:URI>https://taxonomy.ifrs.org/xifrs-link?type=IFRS&amp;num=3&amp;code=ifrs-tx-2025-en-r&amp;anchor=para_B67_a_iii&amp;doctype=Appendix&amp;subtype=B</ref:URI>
			<ref:URIDate>2025-03-27</ref:URIDate>
		</link:reference>
		<link:loc xlink:href="../../full_ifrs-cor_2025-03-27.xsd#ifrs-full_MeasurementPeriodAdjustmentsRecognisedForParticularAssetsLiabilitiesNoncontrollingInterestsOrItemsOfConsideration" xlink:label="loc_65" xlink:type="locator"/>
		<link:referenceArc xlink:arcrole="http://www.xbrl.org/2003/arcrole/concept-reference" xlink:from="loc_65" xlink:to="res_38" xlink:type="arc"/>
		<link:loc xlink:href="../../full_ifrs-cor_2025-03-27.xsd#ifrs-full_DescriptionOfNatureAndAmountOfAnyMeasurementPeriodAdjustmentsRecognisedForParticularAssetsLiabilitiesNoncontrollingInterestsOrItemsOfConsideration" xlink:label="loc_66" xlink:type="locator"/>
		<link:referenceArc xlink:arcrole="http://www.xbrl.org/2003/arcrole/concept-reference" xlink:from="loc_66" xlink:to="res_38" xlink:type="arc"/>
		<link:reference xlink:label="res_39" xlink:role="http://www.xbrl.org/2003/role/disclosureRef" xlink:type="resource">
			<ref:Name>IFRS</ref:Name>
			<ref:Number>3</ref:Number>
			<ref:IssueDate>2025-01-01</ref:IssueDate>
			<ref:Paragraph>B67</ref:Paragraph>
			<ref:Subparagraph>b</ref:Subparagraph>
			<ref:Clause>ii</ref:Clause>
			<ref:URI>https://taxonomy.ifrs.org/xifrs-link?type=IFRS&amp;num=3&amp;code=ifrs-tx-2025-en-r&amp;anchor=para_B67_b_ii&amp;doctype=Appendix&amp;subtype=B</ref:URI>
			<ref:URIDate>2025-03-27</ref:URIDate>
		</link:reference>
		<link:loc xlink:href="../../full_ifrs-cor_2025-03-27.xsd#ifrs-full_ExplanationOfAnyChangesInRangeOfOutcomesUndiscountedAndReasonsForThoseChangesForContingentConsideration" xlink:label="loc_67" xlink:type="locator"/>
		<link:referenceArc xlink:arcrole="http://www.xbrl.org/2003/arcrole/concept-reference" xlink:from="loc_67" xlink:to="res_39" xlink:type="arc"/>
		<link:reference xlink:label="res_40" xlink:role="http://www.xbrl.org/2003/role/disclosureRef" xlink:type="resource">
			<ref:Name>IFRS</ref:Name>
			<ref:Number>3</ref:Number>
			<ref:IssueDate>2025-01-01</ref:IssueDate>
			<ref:Paragraph>B67</ref:Paragraph>
			<ref:Subparagraph>b</ref:Subparagraph>
			<ref:Clause>iii</ref:Clause>
			<ref:URI>https://taxonomy.ifrs.org/xifrs-link?type=IFRS&amp;num=3&amp;code=ifrs-tx-2025-en-r&amp;anchor=para_B67_b_iii&amp;doctype=Appendix&amp;subtype=B</ref:URI>
			<ref:URIDate>2025-03-27</ref:URIDate>
		</link:reference>
		<link:loc xlink:href="../../full_ifrs-cor_2025-03-27.xsd#ifrs-full_DescriptionOfValuationTechniquesAndKeyModelInputsUsedToMeasureContingentConsideration" xlink:label="loc_68" xlink:type="locator"/>
		<link:referenceArc xlink:arcrole="http://www.xbrl.org/2003/arcrole/concept-reference" xlink:from="loc_68" xlink:to="res_40" xlink:type="arc"/>
		<link:reference xlink:label="res_41" xlink:role="http://www.xbrl.org/2003/role/disclosureRef" xlink:type="resource">
			<ref:Name>IFRS</ref:Name>
			<ref:Number>3</ref:Number>
			<ref:IssueDate>2025-01-01</ref:IssueDate>
			<ref:Paragraph>B67</ref:Paragraph>
			<ref:Subparagraph>e</ref:Subparagraph>
			<ref:URI>https://taxonomy.ifrs.org/xifrs-link?type=IFRS&amp;num=3&amp;code=ifrs-tx-2025-en-r&amp;anchor=para_B67_e&amp;doctype=Appendix&amp;subtype=B</ref:URI>
			<ref:URIDate>2025-03-27</ref:URIDate>
		</link:reference>
		<link:loc xlink:href="../../full_ifrs-cor_2025-03-27.xsd#ifrs-full_ExplanationOfGainOrLossThatRelatesToIdentifiableAssetsAcquiredOrLiabilitiesAssumedInBusinessCombination" xlink:label="loc_69" xlink:type="locator"/>
		<link:referenceArc xlink:arcrole="http://www.xbrl.org/2003/arcrole/concept-reference" xlink:from="loc_69" xlink:to="res_41" xlink:type="arc"/>
		<link:loc xlink:href="../../full_ifrs-cor_2025-03-27.xsd#ifrs-full_GainLossThatRelatesToIdentifiableAssetsAcquiredOrLiabilitiesAssumedInBusinessCombination" xlink:label="loc_70" xlink:type="locator"/>
		<link:referenceArc xlink:arcrole="http://www.xbrl.org/2003/arcrole/concept-reference" xlink:from="loc_70" xlink:to="res_41" xlink:type="arc"/>
		<link:reference xlink:label="res_42" xlink:role="http://www.xbrl.org/2003/role/disclosureRef" xlink:type="resource">
			<ref:Name>IFRS</ref:Name>
			<ref:Number>3</ref:Number>
			<ref:IssueDate>2025-01-01</ref:IssueDate>
			<ref:Paragraph>B66</ref:Paragraph>
			<ref:URI>https://taxonomy.ifrs.org/xifrs-link?type=IFRS&amp;num=3&amp;code=ifrs-tx-2025-en-r&amp;anchor=para_B66&amp;doctype=Appendix&amp;subtype=B</ref:URI>
			<ref:URIDate>2025-03-27</ref:URIDate>
		</link:reference>
		<link:loc xlink:href="../../full_ifrs-cor_2025-03-27.xsd#ifrs-full_ExplanationWhichDisclosuresCouldNotBeMadeAndReasonsWhyTheyCannotBeMadeIfInitialAccountingForBusinessCombinationIsIncomplete" xlink:label="loc_71" xlink:type="locator"/>
		<link:referenceArc xlink:arcrole="http://www.xbrl.org/2003/arcrole/concept-reference" xlink:from="loc_71" xlink:to="res_42" xlink:type="arc"/>
		<link:reference xlink:label="res_43" xlink:role="http://www.xbrl.org/2003/role/disclosureRef" xlink:type="resource">
			<ref:Name>IFRS</ref:Name>
			<ref:Number>3</ref:Number>
			<ref:IssueDate>2025-01-01</ref:IssueDate>
			<ref:Paragraph>B64</ref:Paragraph>
			<ref:Subparagraph>n</ref:Subparagraph>
			<ref:Clause>ii</ref:Clause>
			<ref:URI>https://taxonomy.ifrs.org/xifrs-link?type=IFRS&amp;num=3&amp;code=ifrs-tx-2025-en-r&amp;anchor=para_B64_n_ii&amp;doctype=Appendix&amp;subtype=B</ref:URI>
			<ref:URIDate>2025-03-27</ref:URIDate>
		</link:reference>
		<link:loc xlink:href="../../full_ifrs-cor_2025-03-27.xsd#ifrs-full_DescriptionOfReasonsWhyTransactionResultedInGainInBargainPurchase" xlink:label="loc_72" xlink:type="locator"/>
		<link:referenceArc xlink:arcrole="http://www.xbrl.org/2003/arcrole/concept-reference" xlink:from="loc_72" xlink:to="res_43" xlink:type="arc"/>
		<link:reference xlink:label="res_44" xlink:role="http://www.xbrl.org/2003/role/disclosureRef" xlink:type="resource">
			<ref:Name>IFRS</ref:Name>
			<ref:Number>3</ref:Number>
			<ref:IssueDate>2025-01-01</ref:IssueDate>
			<ref:Paragraph>63</ref:Paragraph>
			<ref:URI>https://taxonomy.ifrs.org/xifrs-link?type=IFRS&amp;num=3&amp;code=ifrs-tx-2025-en-r&amp;anchor=para_63&amp;doctype=Standard</ref:URI>
			<ref:URIDate>2025-03-27</ref:URIDate>
		</link:reference>
		<link:loc xlink:href="../../full_ifrs-cor_2025-03-27.xsd#ifrs-full_AdditionalInformationAboutNatureAndFinancialEffectOfBusinessCombination" xlink:label="loc_73" xlink:type="locator"/>
		<link:referenceArc xlink:arcrole="http://www.xbrl.org/2003/arcrole/concept-reference" xlink:from="loc_73" xlink:to="res_44" xlink:type="arc"/>
		<link:reference xlink:label="res_45" xlink:role="http://www.xbrl.org/2003/role/disclosureRef" xlink:type="resource">
			<ref:Name>IFRS</ref:Name>
			<ref:Number>3</ref:Number>
			<ref:IssueDate>2025-01-01</ref:IssueDate>
			<ref:Paragraph>B64</ref:Paragraph>
			<ref:Subparagraph>q</ref:Subparagraph>
			<ref:URI>https://taxonomy.ifrs.org/xifrs-link?type=IFRS&amp;num=3&amp;code=ifrs-tx-2025-en-r&amp;anchor=para_B64_q&amp;doctype=Appendix&amp;subtype=B</ref:URI>
			<ref:URIDate>2025-03-27</ref:URIDate>
		</link:reference>
		<link:loc xlink:href="../../full_ifrs-cor_2025-03-27.xsd#ifrs-full_InformationOnRevenuesAndProfitOrLossIsImpracticableToDiscloseBusinessCombinations" xlink:label="loc_74" xlink:type="locator"/>
		<link:referenceArc xlink:arcrole="http://www.xbrl.org/2003/arcrole/concept-reference" xlink:from="loc_74" xlink:to="res_45" xlink:type="arc"/>
		<link:loc xlink:href="../../full_ifrs-cor_2025-03-27.xsd#ifrs-full_DisclosureOfFactAndExplanationWhyDisclosureOfInformationForEachBusinessCombinationIsImpracticable" xlink:label="loc_75" xlink:type="locator"/>
		<link:referenceArc xlink:arcrole="http://www.xbrl.org/2003/arcrole/concept-reference" xlink:from="loc_75" xlink:to="res_45" xlink:type="arc"/>
		<link:reference xlink:label="res_46" xlink:role="http://www.xbrl.org/2003/role/disclosureRef" xlink:type="resource">
			<ref:Name>IFRS</ref:Name>
			<ref:Number>3</ref:Number>
			<ref:IssueDate>2025-01-01</ref:IssueDate>
			<ref:Paragraph>B64</ref:Paragraph>
			<ref:Subparagraph>p</ref:Subparagraph>
			<ref:Clause>ii</ref:Clause>
			<ref:URI>https://taxonomy.ifrs.org/xifrs-link?type=IFRS&amp;num=3&amp;code=ifrs-tx-2025-en-r&amp;anchor=para_B64_p_ii&amp;doctype=Appendix&amp;subtype=B</ref:URI>
			<ref:URIDate>2025-03-27</ref:URIDate>
		</link:reference>
		<link:loc xlink:href="../../full_ifrs-cor_2025-03-27.xsd#ifrs-full_GainLossRecognisedAsResultOfRemeasuringToFairValueEquityInterestInAcquireeHeldByAcquirerBeforeBusinessCombination" xlink:label="loc_76" xlink:type="locator"/>
		<link:referenceArc xlink:arcrole="http://www.xbrl.org/2003/arcrole/concept-reference" xlink:from="loc_76" xlink:to="res_46" xlink:type="arc"/>
		<link:loc xlink:href="../../full_ifrs-cor_2025-03-27.xsd#ifrs-full_DescriptionOfLineItemInStatementOfComprehensiveIncomeInWhichGainOrLossAsResultOfRemeasuringToFairValueEquityInterestIsRecognised" xlink:label="loc_77" xlink:type="locator"/>
		<link:referenceArc xlink:arcrole="http://www.xbrl.org/2003/arcrole/concept-reference" xlink:from="loc_77" xlink:to="res_46" xlink:type="arc"/>
		<link:reference xlink:label="res_47" xlink:role="http://www.xbrl.org/2003/role/disclosureRef" xlink:type="resource">
			<ref:Name>IFRS</ref:Name>
			<ref:Number>3</ref:Number>
			<ref:IssueDate>2025-01-01</ref:IssueDate>
			<ref:Paragraph>B67</ref:Paragraph>
			<ref:Subparagraph>d</ref:Subparagraph>
			<ref:Clause>iii</ref:Clause>
			<ref:URI>https://taxonomy.ifrs.org/xifrs-link?type=IFRS&amp;num=3&amp;code=ifrs-tx-2025-en-r&amp;anchor=para_B67_d_iii&amp;doctype=Appendix&amp;subtype=B</ref:URI>
			<ref:URIDate>2025-03-27</ref:URIDate>
		</link:reference>
		<link:loc xlink:href="../../full_ifrs-cor_2025-03-27.xsd#ifrs-full_SubsequentRecognitionOfDeferredTaxAssetsGoodwill" xlink:label="loc_78" xlink:type="locator"/>
		<link:referenceArc xlink:arcrole="http://www.xbrl.org/2003/arcrole/concept-reference" xlink:from="loc_78" xlink:to="res_47" xlink:type="arc"/>
		<link:reference xlink:label="res_48" xlink:role="http://www.xbrl.org/2003/role/disclosureRef" xlink:type="resource">
			<ref:Name>IFRS</ref:Name>
			<ref:Number>3</ref:Number>
			<ref:IssueDate>2025-01-01</ref:IssueDate>
			<ref:Paragraph>B64</ref:Paragraph>
			<ref:Subparagraph>l</ref:Subparagraph>
			<ref:Clause>ii</ref:Clause>
			<ref:URI>https://taxonomy.ifrs.org/xifrs-link?type=IFRS&amp;num=3&amp;code=ifrs-tx-2025-en-r&amp;anchor=para_B64_l_ii&amp;doctype=Appendix&amp;subtype=B</ref:URI>
			<ref:URIDate>2025-03-27</ref:URIDate>
		</link:reference>
		<link:loc xlink:href="../../full_ifrs-cor_2025-03-27.xsd#ifrs-full_DescriptionOfAccountingForTransactionRecognisedSeparatelyFromAcquisitionOfAssetsAndAssumptionOfLiabilitiesInBusinessCombination" xlink:label="loc_79" xlink:type="locator"/>
		<link:referenceArc xlink:arcrole="http://www.xbrl.org/2003/arcrole/concept-reference" xlink:from="loc_79" xlink:to="res_48" xlink:type="arc"/>
		<link:reference xlink:label="res_49" xlink:role="http://www.xbrl.org/2003/role/disclosureRef" xlink:type="resource">
			<ref:Name>IFRS</ref:Name>
			<ref:Number>3</ref:Number>
			<ref:IssueDate>2025-01-01</ref:IssueDate>
			<ref:Paragraph>B64</ref:Paragraph>
			<ref:Subparagraph>l</ref:Subparagraph>
			<ref:Clause>iii</ref:Clause>
			<ref:URI>https://taxonomy.ifrs.org/xifrs-link?type=IFRS&amp;num=3&amp;code=ifrs-tx-2025-en-r&amp;anchor=para_B64_l_iii&amp;doctype=Appendix&amp;subtype=B</ref:URI>
			<ref:URIDate>2025-03-27</ref:URIDate>
		</link:reference>
		<link:loc xlink:href="../../full_ifrs-cor_2025-03-27.xsd#ifrs-full_DescriptionOfLineItemsInFinancialStatementsForAmountsRecognisedForTransactionRecognisedSeparatelyFromAcquisitionOfAssetsAndAssumptionOfLiabilitiesInBusinessCombination" xlink:label="loc_80" xlink:type="locator"/>
		<link:referenceArc xlink:arcrole="http://www.xbrl.org/2003/arcrole/concept-reference" xlink:from="loc_80" xlink:to="res_49" xlink:type="arc"/>
		<link:loc xlink:href="../../full_ifrs-cor_2025-03-27.xsd#ifrs-full_AmountsRecognisedForTransactionRecognisedSeparatelyFromAcquisitionOfAssetsAndAssumptionOfLiabilitiesInBusinessCombination" xlink:label="loc_81" xlink:type="locator"/>
		<link:referenceArc xlink:arcrole="http://www.xbrl.org/2003/arcrole/concept-reference" xlink:from="loc_81" xlink:to="res_49" xlink:type="arc"/>
		<link:reference xlink:label="res_50" xlink:role="http://www.xbrl.org/2003/role/disclosureRef" xlink:type="resource">
			<ref:Name>IFRS</ref:Name>
			<ref:Number>3</ref:Number>
			<ref:IssueDate>2025-01-01</ref:IssueDate>
			<ref:Paragraph>B64</ref:Paragraph>
			<ref:Subparagraph>l</ref:Subparagraph>
			<ref:Clause>iv</ref:Clause>
			<ref:URI>https://taxonomy.ifrs.org/xifrs-link?type=IFRS&amp;num=3&amp;code=ifrs-tx-2025-en-r&amp;anchor=para_B64_l_iv&amp;doctype=Appendix&amp;subtype=B</ref:URI>
			<ref:URIDate>2025-03-27</ref:URIDate>
		</link:reference>
		<link:loc xlink:href="../../full_ifrs-cor_2025-03-27.xsd#ifrs-full_MethodUsedToDetermineSettlementAmountForPreexistingRelationshipForTransactionRecognisedSeparatelyFromAcquisitionOfAssetsAndAssumptionOfLiabilitiesInBusinessCombination" xlink:label="loc_82" xlink:type="locator"/>
		<link:referenceArc xlink:arcrole="http://www.xbrl.org/2003/arcrole/concept-reference" xlink:from="loc_82" xlink:to="res_50" xlink:type="arc"/>
		<link:reference xlink:label="res_51" xlink:role="http://www.xbrl.org/2003/role/disclosureRef" xlink:type="resource">
			<ref:Name>IFRS</ref:Name>
			<ref:Number>3</ref:Number>
			<ref:IssueDate>2025-01-01</ref:IssueDate>
			<ref:Paragraph>B64</ref:Paragraph>
			<ref:Subparagraph>h</ref:Subparagraph>
			<ref:URI>https://taxonomy.ifrs.org/xifrs-link?type=IFRS&amp;num=3&amp;code=ifrs-tx-2025-en-r&amp;anchor=para_B64_h&amp;doctype=Appendix&amp;subtype=B</ref:URI>
			<ref:URIDate>2025-03-27</ref:URIDate>
		</link:reference>
		<link:loc xlink:href="../../full_ifrs-cor_2025-03-27.xsd#ifrs-full_ClassesOfAcquiredReceivablesAxis" xlink:label="loc_83" xlink:type="locator"/>
		<link:referenceArc xlink:arcrole="http://www.xbrl.org/2003/arcrole/concept-reference" xlink:from="loc_83" xlink:to="res_51" xlink:type="arc"/>
		<link:loc xlink:href="../../full_ifrs-cor_2025-03-27.xsd#ifrs-full_ClassesOfAcquiredReceivablesDomain" xlink:label="loc_84" xlink:type="locator"/>
		<link:referenceArc xlink:arcrole="http://www.xbrl.org/2003/arcrole/concept-reference" xlink:from="loc_84" xlink:to="res_51" xlink:type="arc"/>
		<link:loc xlink:href="../../full_ifrs-cor_2025-03-27.xsd#ifrs-full_DisclosureOfAcquiredReceivablesExplanatory" xlink:label="loc_85" xlink:type="locator"/>
		<link:referenceArc xlink:arcrole="http://www.xbrl.org/2003/arcrole/concept-reference" xlink:from="loc_85" xlink:to="res_51" xlink:type="arc"/>
		<link:loc xlink:href="../../full_ifrs-cor_2025-03-27.xsd#ifrs-full_DisclosureOfAcquiredReceivablesTable" xlink:label="loc_86" xlink:type="locator"/>
		<link:referenceArc xlink:arcrole="http://www.xbrl.org/2003/arcrole/concept-reference" xlink:from="loc_86" xlink:to="res_51" xlink:type="arc"/>
		<link:reference xlink:label="res_52" xlink:role="http://www.xbrl.org/2003/role/exampleRef" xlink:type="resource">
			<ref:Name>IFRS</ref:Name>
			<ref:Number>3</ref:Number>
			<ref:IssueDate>2025-01-01</ref:IssueDate>
			<ref:Paragraph>B64</ref:Paragraph>
			<ref:Subparagraph>h</ref:Subparagraph>
			<ref:URI>https://taxonomy.ifrs.org/xifrs-link?type=IFRS&amp;num=3&amp;code=ifrs-tx-2025-en-r&amp;anchor=para_B64_h&amp;doctype=Appendix&amp;subtype=B</ref:URI>
			<ref:URIDate>2025-03-27</ref:URIDate>
		</link:reference>
		<link:loc xlink:href="../../full_ifrs-cor_2025-03-27.xsd#ifrs-full_DirectFinanceLeasesAcquiredInBusinessCombinationMember" xlink:label="loc_87" xlink:type="locator"/>
		<link:referenceArc xlink:arcrole="http://www.xbrl.org/2003/arcrole/concept-reference" xlink:from="loc_87" xlink:to="res_52" xlink:type="arc"/>
		<link:loc xlink:href="../../full_ifrs-cor_2025-03-27.xsd#ifrs-full_LoansAcquiredInBusinessCombinationMember" xlink:label="loc_88" xlink:type="locator"/>
		<link:referenceArc xlink:arcrole="http://www.xbrl.org/2003/arcrole/concept-reference" xlink:from="loc_88" xlink:to="res_52" xlink:type="arc"/>
		<link:reference xlink:label="res_53" xlink:role="http://www.xbrl.org/2003/role/disclosureRef" xlink:type="resource">
			<ref:Name>IFRS</ref:Name>
			<ref:Number>3</ref:Number>
			<ref:IssueDate>2025-01-01</ref:IssueDate>
			<ref:Paragraph>B64</ref:Paragraph>
			<ref:Subparagraph>j</ref:Subparagraph>
			<ref:URI>https://taxonomy.ifrs.org/xifrs-link?type=IFRS&amp;num=3&amp;code=ifrs-tx-2025-en-r&amp;anchor=para_B64_j&amp;doctype=Appendix&amp;subtype=B</ref:URI>
			<ref:URIDate>2025-03-27</ref:URIDate>
		</link:reference>
		<link:loc xlink:href="../../full_ifrs-cor_2025-03-27.xsd#ifrs-full_ItemsOfContingentLiabilitiesAxis" xlink:label="loc_89" xlink:type="locator"/>
		<link:referenceArc xlink:arcrole="http://www.xbrl.org/2003/arcrole/concept-reference" xlink:from="loc_89" xlink:to="res_53" xlink:type="arc"/>
		<link:loc xlink:href="../../full_ifrs-cor_2025-03-27.xsd#ifrs-full_ItemsOfContingentLiabilitiesDomain" xlink:label="loc_90" xlink:type="locator"/>
		<link:referenceArc xlink:arcrole="http://www.xbrl.org/2003/arcrole/concept-reference" xlink:from="loc_90" xlink:to="res_53" xlink:type="arc"/>
		<link:loc xlink:href="../../full_ifrs-cor_2025-03-27.xsd#ifrs-full_AssetRecognisedForExpectedReimbursementContingentLiabilitiesInBusinessCombination" xlink:label="loc_91" xlink:type="locator"/>
		<link:referenceArc xlink:arcrole="http://www.xbrl.org/2003/arcrole/concept-reference" xlink:from="loc_91" xlink:to="res_53" xlink:type="arc"/>
		<link:loc xlink:href="../../full_ifrs-cor_2025-03-27.xsd#ifrs-full_ExpectedReimbursementContingentLiabilitiesInBusinessCombination" xlink:label="loc_92" xlink:type="locator"/>
		<link:referenceArc xlink:arcrole="http://www.xbrl.org/2003/arcrole/concept-reference" xlink:from="loc_92" xlink:to="res_53" xlink:type="arc"/>
		<link:loc xlink:href="../../full_ifrs-cor_2025-03-27.xsd#ifrs-full_DescriptionOfNatureOfObligationContingentLiabilitiesInBusinessCombination" xlink:label="loc_93" xlink:type="locator"/>
		<link:referenceArc xlink:arcrole="http://www.xbrl.org/2003/arcrole/concept-reference" xlink:from="loc_93" xlink:to="res_53" xlink:type="arc"/>
		<link:loc xlink:href="../../full_ifrs-cor_2025-03-27.xsd#ifrs-full_DescriptionOfExpectedTimingOfOutflowsContingentLiabilitiesInBusinessCombination" xlink:label="loc_94" xlink:type="locator"/>
		<link:referenceArc xlink:arcrole="http://www.xbrl.org/2003/arcrole/concept-reference" xlink:from="loc_94" xlink:to="res_53" xlink:type="arc"/>
		<link:loc xlink:href="../../full_ifrs-cor_2025-03-27.xsd#ifrs-full_DescriptionOfMajorAssumptionsMadeConcerningFutureEventsContingentLiabilitiesInBusinessCombination" xlink:label="loc_95" xlink:type="locator"/>
		<link:referenceArc xlink:arcrole="http://www.xbrl.org/2003/arcrole/concept-reference" xlink:from="loc_95" xlink:to="res_53" xlink:type="arc"/>
		<link:loc xlink:href="../../full_ifrs-cor_2025-03-27.xsd#ifrs-full_DisclosureOfContingentLiabilitiesInBusinessCombinationExplanatory" xlink:label="loc_96" xlink:type="locator"/>
		<link:referenceArc xlink:arcrole="http://www.xbrl.org/2003/arcrole/concept-reference" xlink:from="loc_96" xlink:to="res_53" xlink:type="arc"/>
		<link:loc xlink:href="../../full_ifrs-cor_2025-03-27.xsd#ifrs-full_IndicationOfUncertaintiesOfAmountOrTimingOfOutflowsContingentLiabilitiesInBusinessCombination" xlink:label="loc_97" xlink:type="locator"/>
		<link:referenceArc xlink:arcrole="http://www.xbrl.org/2003/arcrole/concept-reference" xlink:from="loc_97" xlink:to="res_53" xlink:type="arc"/>
		<link:loc xlink:href="../../full_ifrs-cor_2025-03-27.xsd#ifrs-full_DisclosureOfContingentLiabilitiesInBusinessCombinationTable" xlink:label="loc_98" xlink:type="locator"/>
		<link:referenceArc xlink:arcrole="http://www.xbrl.org/2003/arcrole/concept-reference" xlink:from="loc_98" xlink:to="res_53" xlink:type="arc"/>
		<link:reference xlink:label="res_54" xlink:role="http://www.xbrl.org/2003/role/disclosureRef" xlink:type="resource">
			<ref:Name>IFRS</ref:Name>
			<ref:Number>3</ref:Number>
			<ref:IssueDate>2025-01-01</ref:IssueDate>
			<ref:Paragraph>B64</ref:Paragraph>
			<ref:Subparagraph>j</ref:Subparagraph>
			<ref:Clause>i</ref:Clause>
			<ref:URI>https://taxonomy.ifrs.org/xifrs-link?type=IFRS&amp;num=3&amp;code=ifrs-tx-2025-en-r&amp;anchor=para_B64_j_i&amp;doctype=Appendix&amp;subtype=B</ref:URI>
			<ref:URIDate>2025-03-27</ref:URIDate>
		</link:reference>
		<link:referenceArc xlink:arcrole="http://www.xbrl.org/2003/arcrole/concept-reference" xlink:from="loc_93" xlink:to="res_54" xlink:type="arc"/>
		<link:loc xlink:href="../../full_ifrs-cor_2025-03-27.xsd#ifrs-full_EstimatedFinancialEffectContingentLiabilitiesInBusinessCombination" xlink:label="loc_99" xlink:type="locator"/>
		<link:referenceArc xlink:arcrole="http://www.xbrl.org/2003/arcrole/concept-reference" xlink:from="loc_99" xlink:to="res_54" xlink:type="arc"/>
		<link:loc xlink:href="../../full_ifrs-cor_2025-03-27.xsd#ifrs-full_ExplanationOfEstimatedFinancialEffectContingentLiabilitiesInBusinessCombination" xlink:label="loc_100" xlink:type="locator"/>
		<link:referenceArc xlink:arcrole="http://www.xbrl.org/2003/arcrole/concept-reference" xlink:from="loc_100" xlink:to="res_54" xlink:type="arc"/>
		<link:referenceArc xlink:arcrole="http://www.xbrl.org/2003/arcrole/concept-reference" xlink:from="loc_97" xlink:to="res_54" xlink:type="arc"/>
		<link:loc xlink:href="../../full_ifrs-cor_2025-03-27.xsd#ifrs-full_ExplanationOfPossibilityOfReimbursementContingentLiabilitiesInBusinessCombination" xlink:label="loc_101" xlink:type="locator"/>
		<link:referenceArc xlink:arcrole="http://www.xbrl.org/2003/arcrole/concept-reference" xlink:from="loc_101" xlink:to="res_54" xlink:type="arc"/>
		<link:reference xlink:label="res_55" xlink:role="http://www.xbrl.org/2009/role/commonPracticeRef" xlink:type="resource">
			<ref:Name>IFRS</ref:Name>
			<ref:Number>3</ref:Number>
			<ref:IssueDate>2025-01-01</ref:IssueDate>
			<ref:Paragraph>B64</ref:Paragraph>
			<ref:Subparagraph>i</ref:Subparagraph>
			<ref:URI>https://taxonomy.ifrs.org/xifrs-link?type=IFRS&amp;num=3&amp;code=ifrs-tx-2025-en-r&amp;anchor=para_B64_i&amp;doctype=Appendix&amp;subtype=B</ref:URI>
			<ref:URIDate>2025-03-27</ref:URIDate>
		</link:reference>
		<link:loc xlink:href="../../full_ifrs-cor_2025-03-27.xsd#ifrs-full_BorrowingsRecognisedAsOfAcquisitionDate" xlink:label="loc_102" xlink:type="locator"/>
		<link:referenceArc xlink:arcrole="http://www.xbrl.org/2003/arcrole/concept-reference" xlink:from="loc_102" xlink:to="res_55" xlink:type="arc"/>
		<link:loc xlink:href="../../full_ifrs-cor_2025-03-27.xsd#ifrs-full_NoncurrentLiabilitiesRecognisedAsOfAcquisitionDate" xlink:label="loc_103" xlink:type="locator"/>
		<link:referenceArc xlink:arcrole="http://www.xbrl.org/2003/arcrole/concept-reference" xlink:from="loc_103" xlink:to="res_55" xlink:type="arc"/>
		<link:loc xlink:href="../../full_ifrs-cor_2025-03-27.xsd#ifrs-full_CurrentLiabilitiesRecognisedAsOfAcquisitionDate" xlink:label="loc_104" xlink:type="locator"/>
		<link:referenceArc xlink:arcrole="http://www.xbrl.org/2003/arcrole/concept-reference" xlink:from="loc_104" xlink:to="res_55" xlink:type="arc"/>
		<link:loc xlink:href="../../full_ifrs-cor_2025-03-27.xsd#ifrs-full_CashAndCashEquivalentsRecognisedAsOfAcquisitionDate" xlink:label="loc_105" xlink:type="locator"/>
		<link:referenceArc xlink:arcrole="http://www.xbrl.org/2003/arcrole/concept-reference" xlink:from="loc_105" xlink:to="res_55" xlink:type="arc"/>
		<link:loc xlink:href="../../full_ifrs-cor_2025-03-27.xsd#ifrs-full_DeferredIncomeOtherThanContractLiabilitiesRecognisedAsOfAcquisitionDate" xlink:label="loc_106" xlink:type="locator"/>
		<link:referenceArc xlink:arcrole="http://www.xbrl.org/2003/arcrole/concept-reference" xlink:from="loc_106" xlink:to="res_55" xlink:type="arc"/>
		<link:loc xlink:href="../../full_ifrs-cor_2025-03-27.xsd#ifrs-full_TechnologybasedIntangibleAssetsRecognisedAsOfAcquisitionDate" xlink:label="loc_107" xlink:type="locator"/>
		<link:referenceArc xlink:arcrole="http://www.xbrl.org/2003/arcrole/concept-reference" xlink:from="loc_107" xlink:to="res_55" xlink:type="arc"/>
		<link:loc xlink:href="../../full_ifrs-cor_2025-03-27.xsd#ifrs-full_DeferredTaxAssetsRecognisedAsOfAcquisitionDate" xlink:label="loc_108" xlink:type="locator"/>
		<link:referenceArc xlink:arcrole="http://www.xbrl.org/2003/arcrole/concept-reference" xlink:from="loc_108" xlink:to="res_55" xlink:type="arc"/>
		<link:loc xlink:href="../../full_ifrs-cor_2025-03-27.xsd#ifrs-full_TradeAndOtherPayablesRecognisedAsOfAcquisitionDate" xlink:label="loc_109" xlink:type="locator"/>
		<link:referenceArc xlink:arcrole="http://www.xbrl.org/2003/arcrole/concept-reference" xlink:from="loc_109" xlink:to="res_55" xlink:type="arc"/>
		<link:loc xlink:href="../../full_ifrs-cor_2025-03-27.xsd#ifrs-full_CustomerrelatedIntangibleAssetsRecognisedAsOfAcquisitionDate" xlink:label="loc_110" xlink:type="locator"/>
		<link:referenceArc xlink:arcrole="http://www.xbrl.org/2003/arcrole/concept-reference" xlink:from="loc_110" xlink:to="res_55" xlink:type="arc"/>
		<link:loc xlink:href="../../full_ifrs-cor_2025-03-27.xsd#ifrs-full_NoncurrentAssetsRecognisedAsOfAcquisitionDate" xlink:label="loc_111" xlink:type="locator"/>
		<link:referenceArc xlink:arcrole="http://www.xbrl.org/2003/arcrole/concept-reference" xlink:from="loc_111" xlink:to="res_55" xlink:type="arc"/>
		<link:loc xlink:href="../../full_ifrs-cor_2025-03-27.xsd#ifrs-full_DeferredIncomeIncludingContractLiabilitiesRecognisedAsOfAcquisitionDate" xlink:label="loc_112" xlink:type="locator"/>
		<link:referenceArc xlink:arcrole="http://www.xbrl.org/2003/arcrole/concept-reference" xlink:from="loc_112" xlink:to="res_55" xlink:type="arc"/>
		<link:loc xlink:href="../../full_ifrs-cor_2025-03-27.xsd#ifrs-full_DeferredTaxLiabilitiesRecognisedAsOfAcquisitionDate" xlink:label="loc_113" xlink:type="locator"/>
		<link:referenceArc xlink:arcrole="http://www.xbrl.org/2003/arcrole/concept-reference" xlink:from="loc_113" xlink:to="res_55" xlink:type="arc"/>
		<link:loc xlink:href="../../full_ifrs-cor_2025-03-27.xsd#ifrs-full_ContractLiabilitiesRecognisedAsOfAcquisitionDate" xlink:label="loc_114" xlink:type="locator"/>
		<link:referenceArc xlink:arcrole="http://www.xbrl.org/2003/arcrole/concept-reference" xlink:from="loc_114" xlink:to="res_55" xlink:type="arc"/>
		<link:loc xlink:href="../../full_ifrs-cor_2025-03-27.xsd#ifrs-full_CurrentAssetsRecognisedAsOfAcquisitionDate" xlink:label="loc_115" xlink:type="locator"/>
		<link:referenceArc xlink:arcrole="http://www.xbrl.org/2003/arcrole/concept-reference" xlink:from="loc_115" xlink:to="res_55" xlink:type="arc"/>
		<link:reference xlink:label="res_56" xlink:role="http://www.xbrl.org/2009/role/commonPracticeRef" xlink:type="resource">
			<ref:Name>IFRS</ref:Name>
			<ref:Number>3</ref:Number>
			<ref:IssueDate>2025-01-01</ref:IssueDate>
			<ref:Paragraph>B67</ref:Paragraph>
			<ref:Subparagraph>c</ref:Subparagraph>
			<ref:URI>https://taxonomy.ifrs.org/xifrs-link?type=IFRS&amp;num=3&amp;code=ifrs-tx-2025-en-r&amp;anchor=para_B67_c&amp;doctype=Appendix&amp;subtype=B</ref:URI>
			<ref:URIDate>2025-03-27</ref:URIDate>
		</link:reference>
		<link:loc xlink:href="../../full_ifrs-cor_2025-03-27.xsd#ifrs-full_NewLiabilitiesContingentLiabilitiesRecognisedInBusinessCombination" xlink:label="loc_116" xlink:type="locator"/>
		<link:referenceArc xlink:arcrole="http://www.xbrl.org/2003/arcrole/concept-reference" xlink:from="loc_116" xlink:to="res_56" xlink:type="arc"/>
		<link:reference xlink:label="res_57" xlink:role="http://www.xbrl.org/2003/role/disclosureRef" xlink:type="resource">
			<ref:Name>IFRS</ref:Name>
			<ref:Number>3</ref:Number>
			<ref:IssueDate>2025-01-01</ref:IssueDate>
			<ref:Paragraph>B67</ref:Paragraph>
			<ref:Subparagraph>b</ref:Subparagraph>
			<ref:Clause>i</ref:Clause>
			<ref:URI>https://taxonomy.ifrs.org/xifrs-link?type=IFRS&amp;num=3&amp;code=ifrs-tx-2025-en-r&amp;anchor=para_B67_b_i&amp;doctype=Appendix&amp;subtype=B</ref:URI>
			<ref:URIDate>2025-03-27</ref:URIDate>
		</link:reference>
		<link:loc xlink:href="../../full_ifrs-cor_2025-03-27.xsd#ifrs-full_IncreaseDecreaseInContingentConsiderationAssetLiability" xlink:label="loc_117" xlink:type="locator"/>
		<link:referenceArc xlink:arcrole="http://www.xbrl.org/2003/arcrole/concept-reference" xlink:from="loc_117" xlink:to="res_57" xlink:type="arc"/>
		<link:loc xlink:href="../../full_ifrs-cor_2025-03-27.xsd#ifrs-full_ExplanationOfAnyChangesInRecognisedAmountsOfContingentConsideration" xlink:label="loc_118" xlink:type="locator"/>
		<link:referenceArc xlink:arcrole="http://www.xbrl.org/2003/arcrole/concept-reference" xlink:from="loc_118" xlink:to="res_57" xlink:type="arc"/>
		<link:reference xlink:label="res_58" xlink:role="http://www.xbrl.org/2003/role/disclosureRef" xlink:type="resource">
			<ref:Name>IFRS</ref:Name>
			<ref:Number>3</ref:Number>
			<ref:IssueDate>2025-01-01</ref:IssueDate>
			<ref:Paragraph>B64</ref:Paragraph>
			<ref:Subparagraph>b</ref:Subparagraph>
			<ref:URI>https://taxonomy.ifrs.org/xifrs-link?type=IFRS&amp;num=3&amp;code=ifrs-tx-2025-en-r&amp;anchor=para_B64_b&amp;doctype=Appendix&amp;subtype=B</ref:URI>
			<ref:URIDate>2025-03-27</ref:URIDate>
		</link:reference>
		<link:loc xlink:href="../../full_ifrs-cor_2025-03-27.xsd#ifrs-full_DateOfAcquisition2013" xlink:label="loc_119" xlink:type="locator"/>
		<link:referenceArc xlink:arcrole="http://www.xbrl.org/2003/arcrole/concept-reference" xlink:from="loc_119" xlink:to="res_58" xlink:type="arc"/>
		<link:reference xlink:label="res_59" xlink:role="http://www.xbrl.org/2003/role/exampleRef" xlink:type="resource">
			<ref:Name>IFRS</ref:Name>
			<ref:Number>3</ref:Number>
			<ref:IssueDate>2025-01-01</ref:IssueDate>
			<ref:Paragraph>B64</ref:Paragraph>
			<ref:URI>https://taxonomy.ifrs.org/xifrs-link?type=IFRS&amp;num=3&amp;code=ifrs-tx-2025-en-r&amp;anchor=para_B64&amp;doctype=Appendix&amp;subtype=B</ref:URI>
			<ref:URIDate>2025-03-27</ref:URIDate>
		</link:reference>
		<link:referenceArc xlink:arcrole="http://www.xbrl.org/2003/arcrole/concept-reference" xlink:from="loc_12" xlink:to="res_59" xlink:type="arc"/>
		<link:reference xlink:label="res_60" xlink:role="http://www.xbrl.org/2003/role/disclosureRef" xlink:type="resource">
			<ref:Name>IFRS</ref:Name>
			<ref:Number>3</ref:Number>
			<ref:IssueDate>2025-01-01</ref:IssueDate>
			<ref:Paragraph>B64</ref:Paragraph>
			<ref:Subparagraph>g</ref:Subparagraph>
			<ref:Clause>i</ref:Clause>
			<ref:URI>https://taxonomy.ifrs.org/xifrs-link?type=IFRS&amp;num=3&amp;code=ifrs-tx-2025-en-r&amp;anchor=para_B64_g_i&amp;doctype=Appendix&amp;subtype=B</ref:URI>
			<ref:URIDate>2025-03-27</ref:URIDate>
		</link:reference>
		<link:loc xlink:href="../../full_ifrs-cor_2025-03-27.xsd#ifrs-full_IndemnificationAssetsRecognisedAsOfAcquisitionDate" xlink:label="loc_120" xlink:type="locator"/>
		<link:referenceArc xlink:arcrole="http://www.xbrl.org/2003/arcrole/concept-reference" xlink:from="loc_120" xlink:to="res_60" xlink:type="arc"/>
		<link:loc xlink:href="../../full_ifrs-cor_2025-03-27.xsd#ifrs-full_ContingentConsiderationRecognisedAsOfAcquisitionDate" xlink:label="loc_121" xlink:type="locator"/>
		<link:referenceArc xlink:arcrole="http://www.xbrl.org/2003/arcrole/concept-reference" xlink:from="loc_121" xlink:to="res_60" xlink:type="arc"/>
		<link:reference xlink:label="res_61" xlink:role="http://www.xbrl.org/2003/role/disclosureRef" xlink:type="resource">
			<ref:Name>IFRS</ref:Name>
			<ref:Number>3</ref:Number>
			<ref:IssueDate>2025-01-01</ref:IssueDate>
			<ref:Paragraph>B67</ref:Paragraph>
			<ref:Subparagraph>d</ref:Subparagraph>
			<ref:URI>https://taxonomy.ifrs.org/xifrs-link?type=IFRS&amp;num=3&amp;code=ifrs-tx-2025-en-r&amp;anchor=para_B67_d&amp;doctype=Appendix&amp;subtype=B</ref:URI>
			<ref:URIDate>2025-03-27</ref:URIDate>
		</link:reference>
		<link:loc xlink:href="../../full_ifrs-cor_2025-03-27.xsd#ifrs-full_CarryingAmountAccumulatedDepreciationAmortisationAndImpairmentAndGrossCarryingAmountAxis" xlink:label="loc_122" xlink:type="locator"/>
		<link:referenceArc xlink:arcrole="http://www.xbrl.org/2003/arcrole/concept-reference" xlink:from="loc_122" xlink:to="res_61" xlink:type="arc"/>
		<link:loc xlink:href="../../full_ifrs-cor_2025-03-27.xsd#ifrs-full_AccumulatedImpairmentMember" xlink:label="loc_123" xlink:type="locator"/>
		<link:referenceArc xlink:arcrole="http://www.xbrl.org/2003/arcrole/concept-reference" xlink:from="loc_123" xlink:to="res_61" xlink:type="arc"/>
		<link:loc xlink:href="../../full_ifrs-cor_2025-03-27.xsd#ifrs-full_CarryingAmountMember" xlink:label="loc_124" xlink:type="locator"/>
		<link:referenceArc xlink:arcrole="http://www.xbrl.org/2003/arcrole/concept-reference" xlink:from="loc_124" xlink:to="res_61" xlink:type="arc"/>
		<link:loc xlink:href="../../full_ifrs-cor_2025-03-27.xsd#ifrs-full_GrossCarryingAmountMember" xlink:label="loc_125" xlink:type="locator"/>
		<link:referenceArc xlink:arcrole="http://www.xbrl.org/2003/arcrole/concept-reference" xlink:from="loc_125" xlink:to="res_61" xlink:type="arc"/>
		<link:loc xlink:href="../../full_ifrs-cor_2025-03-27.xsd#ifrs-full_ChangesInGoodwill" xlink:label="loc_126" xlink:type="locator"/>
		<link:referenceArc xlink:arcrole="http://www.xbrl.org/2003/arcrole/concept-reference" xlink:from="loc_126" xlink:to="res_61" xlink:type="arc"/>
		<link:loc xlink:href="../../full_ifrs-cor_2025-03-27.xsd#ifrs-full_Goodwill" xlink:label="loc_127" xlink:type="locator"/>
		<link:referenceArc xlink:arcrole="http://www.xbrl.org/2003/arcrole/concept-reference" xlink:from="loc_127" xlink:to="res_61" xlink:type="arc"/>
		<link:loc xlink:href="../../full_ifrs-cor_2025-03-27.xsd#ifrs-full_DisclosureOfReconciliationOfChangesInGoodwillExplanatory" xlink:label="loc_128" xlink:type="locator"/>
		<link:referenceArc xlink:arcrole="http://www.xbrl.org/2003/arcrole/concept-reference" xlink:from="loc_128" xlink:to="res_61" xlink:type="arc"/>
		<link:loc xlink:href="../../full_ifrs-cor_2025-03-27.xsd#ifrs-full_DisclosureOfReconciliationOfChangesInGoodwillTable" xlink:label="loc_129" xlink:type="locator"/>
		<link:referenceArc xlink:arcrole="http://www.xbrl.org/2003/arcrole/concept-reference" xlink:from="loc_129" xlink:to="res_61" xlink:type="arc"/>
		<link:reference xlink:label="res_62" xlink:role="http://www.xbrl.org/2003/role/disclosureRef" xlink:type="resource">
			<ref:Name>IFRS</ref:Name>
			<ref:Number>3</ref:Number>
			<ref:IssueDate>2025-01-01</ref:IssueDate>
			<ref:Paragraph>B67</ref:Paragraph>
			<ref:Subparagraph>c</ref:Subparagraph>
			<ref:URI>https://taxonomy.ifrs.org/xifrs-link?type=IFRS&amp;num=3&amp;code=ifrs-tx-2025-en-r&amp;anchor=para_B67_c&amp;doctype=Appendix&amp;subtype=B</ref:URI>
			<ref:URIDate>2025-03-27</ref:URIDate>
		</link:reference>
		<link:loc xlink:href="../../full_ifrs-cor_2025-03-27.xsd#ifrs-full_ClassesOfContingentLiabilitiesAxis" xlink:label="loc_130" xlink:type="locator"/>
		<link:referenceArc xlink:arcrole="http://www.xbrl.org/2003/arcrole/concept-reference" xlink:from="loc_130" xlink:to="res_62" xlink:type="arc"/>
		<link:loc xlink:href="../../full_ifrs-cor_2025-03-27.xsd#ifrs-full_ClassesOfContingentLiabilitiesDomain" xlink:label="loc_131" xlink:type="locator"/>
		<link:referenceArc xlink:arcrole="http://www.xbrl.org/2003/arcrole/concept-reference" xlink:from="loc_131" xlink:to="res_62" xlink:type="arc"/>
		<link:referenceArc xlink:arcrole="http://www.xbrl.org/2003/arcrole/concept-reference" xlink:from="loc_91" xlink:to="res_62" xlink:type="arc"/>
		<link:referenceArc xlink:arcrole="http://www.xbrl.org/2003/arcrole/concept-reference" xlink:from="loc_92" xlink:to="res_62" xlink:type="arc"/>
		<link:referenceArc xlink:arcrole="http://www.xbrl.org/2003/arcrole/concept-reference" xlink:from="loc_93" xlink:to="res_62" xlink:type="arc"/>
		<link:loc xlink:href="../../full_ifrs-cor_2025-03-27.xsd#ifrs-full_ContingentLiabilitiesRecognisedInBusinessCombination" xlink:label="loc_132" xlink:type="locator"/>
		<link:referenceArc xlink:arcrole="http://www.xbrl.org/2003/arcrole/concept-reference" xlink:from="loc_132" xlink:to="res_62" xlink:type="arc"/>
		<link:loc xlink:href="../../full_ifrs-cor_2025-03-27.xsd#ifrs-full_IncreaseDecreaseThroughChangeInDiscountRateContingentLiabilitiesRecognisedInBusinessCombination" xlink:label="loc_133" xlink:type="locator"/>
		<link:referenceArc xlink:arcrole="http://www.xbrl.org/2003/arcrole/concept-reference" xlink:from="loc_133" xlink:to="res_62" xlink:type="arc"/>
		<link:loc xlink:href="../../full_ifrs-cor_2025-03-27.xsd#ifrs-full_ReversedUnsettledLiabilitiesContingentLiabilitiesRecognisedInBusinessCombination" xlink:label="loc_134" xlink:type="locator"/>
		<link:referenceArc xlink:arcrole="http://www.xbrl.org/2003/arcrole/concept-reference" xlink:from="loc_134" xlink:to="res_62" xlink:type="arc"/>
		<link:loc xlink:href="../../full_ifrs-cor_2025-03-27.xsd#ifrs-full_IncreaseThroughAdjustmentsArisingFromPassageOfTimeContingentLiabilitiesRecognisedInBusinessCombination" xlink:label="loc_135" xlink:type="locator"/>
		<link:referenceArc xlink:arcrole="http://www.xbrl.org/2003/arcrole/concept-reference" xlink:from="loc_135" xlink:to="res_62" xlink:type="arc"/>
		<link:referenceArc xlink:arcrole="http://www.xbrl.org/2003/arcrole/concept-reference" xlink:from="loc_94" xlink:to="res_62" xlink:type="arc"/>
		<link:referenceArc xlink:arcrole="http://www.xbrl.org/2003/arcrole/concept-reference" xlink:from="loc_95" xlink:to="res_62" xlink:type="arc"/>
		<link:loc xlink:href="../../full_ifrs-cor_2025-03-27.xsd#ifrs-full_IncreaseDecreaseInContingentLiabilitiesRecognisedInBusinessCombination" xlink:label="loc_136" xlink:type="locator"/>
		<link:referenceArc xlink:arcrole="http://www.xbrl.org/2003/arcrole/concept-reference" xlink:from="loc_136" xlink:to="res_62" xlink:type="arc"/>
		<link:loc xlink:href="../../full_ifrs-cor_2025-03-27.xsd#ifrs-full_AdditionalLiabilitiesContingentLiabilitiesRecognisedInBusinessCombination" xlink:label="loc_137" xlink:type="locator"/>
		<link:referenceArc xlink:arcrole="http://www.xbrl.org/2003/arcrole/concept-reference" xlink:from="loc_137" xlink:to="res_62" xlink:type="arc"/>
		<link:loc xlink:href="../../full_ifrs-cor_2025-03-27.xsd#ifrs-full_SettledLiabilitiesContingentLiabilitiesRecognisedInBusinessCombination" xlink:label="loc_138" xlink:type="locator"/>
		<link:referenceArc xlink:arcrole="http://www.xbrl.org/2003/arcrole/concept-reference" xlink:from="loc_138" xlink:to="res_62" xlink:type="arc"/>
		<link:referenceArc xlink:arcrole="http://www.xbrl.org/2003/arcrole/concept-reference" xlink:from="loc_97" xlink:to="res_62" xlink:type="arc"/>
		<link:loc xlink:href="../../full_ifrs-cor_2025-03-27.xsd#ifrs-full_IncreaseDecreaseInExistingLiabilitiesContingentLiabilitiesRecognisedInBusinessCombination" xlink:label="loc_139" xlink:type="locator"/>
		<link:referenceArc xlink:arcrole="http://www.xbrl.org/2003/arcrole/concept-reference" xlink:from="loc_139" xlink:to="res_62" xlink:type="arc"/>
		<link:referenceArc xlink:arcrole="http://www.xbrl.org/2003/arcrole/concept-reference" xlink:from="loc_98" xlink:to="res_62" xlink:type="arc"/>
		<link:reference xlink:label="res_63" xlink:role="http://www.xbrl.org/2003/role/disclosureRef" xlink:type="resource">
			<ref:Name>IFRS</ref:Name>
			<ref:Number>3</ref:Number>
			<ref:IssueDate>2025-01-01</ref:IssueDate>
			<ref:Paragraph>B67</ref:Paragraph>
			<ref:Subparagraph>d</ref:Subparagraph>
			<ref:Clause>vi</ref:Clause>
			<ref:URI>https://taxonomy.ifrs.org/xifrs-link?type=IFRS&amp;num=3&amp;code=ifrs-tx-2025-en-r&amp;anchor=para_B67_d_vi&amp;doctype=Appendix&amp;subtype=B</ref:URI>
			<ref:URIDate>2025-03-27</ref:URIDate>
		</link:reference>
		<link:loc xlink:href="../../full_ifrs-cor_2025-03-27.xsd#ifrs-full_IncreaseDecreaseThroughNetExchangeDifferencesGoodwill" xlink:label="loc_140" xlink:type="locator"/>
		<link:referenceArc xlink:arcrole="http://www.xbrl.org/2003/arcrole/concept-reference" xlink:from="loc_140" xlink:to="res_63" xlink:type="arc"/>
		<link:reference xlink:label="res_64" xlink:role="http://www.xbrl.org/2003/role/disclosureRef" xlink:type="resource">
			<ref:Name>IFRS</ref:Name>
			<ref:Number>3</ref:Number>
			<ref:IssueDate>2025-01-01</ref:IssueDate>
			<ref:Paragraph>B67</ref:Paragraph>
			<ref:Subparagraph>d</ref:Subparagraph>
			<ref:Clause>ii</ref:Clause>
			<ref:URI>https://taxonomy.ifrs.org/xifrs-link?type=IFRS&amp;num=3&amp;code=ifrs-tx-2025-en-r&amp;anchor=para_B67_d_ii&amp;doctype=Appendix&amp;subtype=B</ref:URI>
			<ref:URIDate>2025-03-27</ref:URIDate>
		</link:reference>
		<link:loc xlink:href="../../full_ifrs-cor_2025-03-27.xsd#ifrs-full_AdditionalRecognitionGoodwill" xlink:label="loc_141" xlink:type="locator"/>
		<link:referenceArc xlink:arcrole="http://www.xbrl.org/2003/arcrole/concept-reference" xlink:from="loc_141" xlink:to="res_64" xlink:type="arc"/>
		<link:reference xlink:label="res_65" xlink:role="http://www.xbrl.org/2003/role/disclosureRef" xlink:type="resource">
			<ref:Name>IFRS</ref:Name>
			<ref:Number>3</ref:Number>
			<ref:IssueDate>2025-01-01</ref:IssueDate>
			<ref:Paragraph>B67</ref:Paragraph>
			<ref:Subparagraph>d</ref:Subparagraph>
			<ref:Clause>v</ref:Clause>
			<ref:URI>https://taxonomy.ifrs.org/xifrs-link?type=IFRS&amp;num=3&amp;code=ifrs-tx-2025-en-r&amp;anchor=para_B67_d_v&amp;doctype=Appendix&amp;subtype=B</ref:URI>
			<ref:URIDate>2025-03-27</ref:URIDate>
		</link:reference>
		<link:loc xlink:href="../../full_ifrs-cor_2025-03-27.xsd#ifrs-full_ImpairmentLossRecognisedInProfitOrLossGoodwill" xlink:label="loc_142" xlink:type="locator"/>
		<link:referenceArc xlink:arcrole="http://www.xbrl.org/2003/arcrole/concept-reference" xlink:from="loc_142" xlink:to="res_65" xlink:type="arc"/>
		<link:reference xlink:label="res_66" xlink:role="http://www.xbrl.org/2003/role/disclosureRef" xlink:type="resource">
			<ref:Name>IFRS</ref:Name>
			<ref:Number>3</ref:Number>
			<ref:IssueDate>2025-01-01</ref:IssueDate>
			<ref:Paragraph>B67</ref:Paragraph>
			<ref:Subparagraph>d</ref:Subparagraph>
			<ref:Clause>vii</ref:Clause>
			<ref:URI>https://taxonomy.ifrs.org/xifrs-link?type=IFRS&amp;num=3&amp;code=ifrs-tx-2025-en-r&amp;anchor=para_B67_d_vii&amp;doctype=Appendix&amp;subtype=B</ref:URI>
			<ref:URIDate>2025-03-27</ref:URIDate>
		</link:reference>
		<link:loc xlink:href="../../full_ifrs-cor_2025-03-27.xsd#ifrs-full_IncreaseDecreaseThroughTransfersAndOtherChangesGoodwill" xlink:label="loc_143" xlink:type="locator"/>
		<link:referenceArc xlink:arcrole="http://www.xbrl.org/2003/arcrole/concept-reference" xlink:from="loc_143" xlink:to="res_66" xlink:type="arc"/>
		<link:reference xlink:label="res_67" xlink:role="http://www.xbrl.org/2003/role/disclosureRef" xlink:type="resource">
			<ref:Name>IFRS</ref:Name>
			<ref:Number>3</ref:Number>
			<ref:IssueDate>2025-01-01</ref:IssueDate>
			<ref:Paragraph>B64</ref:Paragraph>
			<ref:URI>https://taxonomy.ifrs.org/xifrs-link?type=IFRS&amp;num=3&amp;code=ifrs-tx-2025-en-r&amp;anchor=para_B64&amp;doctype=Appendix&amp;subtype=B</ref:URI>
			<ref:URIDate>2025-03-27</ref:URIDate>
		</link:reference>
		<link:loc xlink:href="../../full_ifrs-cor_2025-03-27.xsd#ifrs-full_BusinessCombinationsAxis" xlink:label="loc_144" xlink:type="locator"/>
		<link:referenceArc xlink:arcrole="http://www.xbrl.org/2003/arcrole/concept-reference" xlink:from="loc_144" xlink:to="res_67" xlink:type="arc"/>
		<link:loc xlink:href="../../full_ifrs-cor_2025-03-27.xsd#ifrs-full_BusinessCombinationsMember" xlink:label="loc_145" xlink:type="locator"/>
		<link:referenceArc xlink:arcrole="http://www.xbrl.org/2003/arcrole/concept-reference" xlink:from="loc_145" xlink:to="res_67" xlink:type="arc"/>
		<link:referenceArc xlink:arcrole="http://www.xbrl.org/2003/arcrole/concept-reference" xlink:from="loc_14" xlink:to="res_67" xlink:type="arc"/>
		<link:loc xlink:href="../../full_ifrs-cor_2025-03-27.xsd#ifrs-full_DisclosureOfBusinessCombinationsTable" xlink:label="loc_146" xlink:type="locator"/>
		<link:referenceArc xlink:arcrole="http://www.xbrl.org/2003/arcrole/concept-reference" xlink:from="loc_146" xlink:to="res_67" xlink:type="arc"/>
	</link:referenceLink>
</link:linkbase>
