<?xml version="1.0" encoding="UTF-8"?>
<!-- IFRS Accounting Taxonomy 2025.**********************         Copyright (c) 2025 IFRS Foundation        All rights reserved. Reproduction and use rights are strictly limited.For more information on the IFRS Foundation's copyright and the terms and conditions of use for these files, please refer to https://www.ifrs.org/legal/terms-and-conditions/. The IFRS Foundation has trade marks registered around the world (Marks) including 'IAS', 'IASB', the IASB logo, 'IFRIC', 'IFRS', the IFRS logo, 'IFRS for SMEs', the IFRS for SMEs logo, the 'Hexagon Device', 'International Accounting Standards', 'International Financial Reporting Standards', 'NIIF' and 'SIC'. Further details of the IFRS Foundation's Marks are available from the IFRS Foundation on request.        ********************** -->
<link:linkbase xmlns:link="http://www.xbrl.org/2003/linkbase" xmlns:ref="http://www.xbrl.org/2006/ref" xmlns:xbrldt="http://xbrl.org/2005/xbrldt" xmlns:xlink="http://www.w3.org/1999/xlink" xmlns:xsi="http://www.w3.org/2001/XMLSchema-instance" xsi:schemaLocation="http://www.xbrl.org/2003/linkbase http://www.xbrl.org/2003/xbrl-linkbase-2003-12-31.xsd http://www.w3.org/1999/xlink http://www.xbrl.org/2003/xlink-2003-12-31.xsd http://www.xbrl.org/2006/ref http://www.xbrl.org/2006/ref-2006-02-27.xsd">
	<link:roleRef roleURI="http://www.xbrl.org/2009/role/commonPracticeRef" xlink:href="http://www.xbrl.org/lrr/role/reference-2009-12-16.xsd#commonPracticeRef" xlink:type="simple"/>
	<link:referenceLink xlink:role="http://www.xbrl.org/2003/role/link" xlink:type="extended">
		<link:reference xlink:label="res_1" xlink:role="http://www.xbrl.org/2003/role/exampleRef" xlink:type="resource">
			<ref:Name>IAS</ref:Name>
			<ref:Number>33</ref:Number>
			<ref:IssueDate>2025-01-01</ref:IssueDate>
			<ref:Paragraph>70</ref:Paragraph>
			<ref:Subparagraph>b</ref:Subparagraph>
			<ref:URI>https://taxonomy.ifrs.org/xifrs-link?type=IAS&amp;num=33&amp;code=ifrs-tx-2025-en-r&amp;anchor=para_70_b&amp;doctype=Standard</ref:URI>
			<ref:URIDate>2025-03-27</ref:URIDate>
		</link:reference>
		<link:loc xlink:href="../../full_ifrs-cor_2025-03-27.xsd#ifrs-full_DilutiveEffectOfContingentlyIssuableSharesOnWeightedAverageNumberOfOrdinaryShares" xlink:label="loc_1" xlink:type="locator"/>
		<link:referenceArc xlink:arcrole="http://www.xbrl.org/2003/arcrole/concept-reference" xlink:from="loc_1" xlink:to="res_1" xlink:type="arc"/>
		<link:reference xlink:label="res_2" xlink:role="http://www.xbrl.org/2003/role/disclosureRef" xlink:type="resource">
			<ref:Name>IAS</ref:Name>
			<ref:Number>33</ref:Number>
			<ref:IssueDate>2025-01-01</ref:IssueDate>
			<ref:Paragraph>70</ref:Paragraph>
			<ref:Subparagraph>d</ref:Subparagraph>
			<ref:URI>https://taxonomy.ifrs.org/xifrs-link?type=IAS&amp;num=33&amp;code=ifrs-tx-2025-en-r&amp;anchor=para_70_d&amp;doctype=Standard</ref:URI>
			<ref:URIDate>2025-03-27</ref:URIDate>
		</link:reference>
		<link:loc xlink:href="../../full_ifrs-cor_2025-03-27.xsd#ifrs-full_DescriptionOfTransactionsAfterReportingPeriodWithSignificantChangeInNumberOfPotentialOrdinarySharesOutstanding" xlink:label="loc_2" xlink:type="locator"/>
		<link:referenceArc xlink:arcrole="http://www.xbrl.org/2003/arcrole/concept-reference" xlink:from="loc_2" xlink:to="res_2" xlink:type="arc"/>
		<link:loc xlink:href="../../full_ifrs-cor_2025-03-27.xsd#ifrs-full_DescriptionOfTransactionsAfterReportingPeriodWithSignificantChangeInNumberOfOrdinarySharesOutstanding" xlink:label="loc_3" xlink:type="locator"/>
		<link:referenceArc xlink:arcrole="http://www.xbrl.org/2003/arcrole/concept-reference" xlink:from="loc_3" xlink:to="res_2" xlink:type="arc"/>
		<link:reference xlink:label="res_3" xlink:role="http://www.xbrl.org/2003/role/disclosureRef" xlink:type="resource">
			<ref:Name>IAS</ref:Name>
			<ref:Number>33</ref:Number>
			<ref:IssueDate>2025-01-01</ref:IssueDate>
			<ref:Paragraph>70</ref:Paragraph>
			<ref:Subparagraph>b</ref:Subparagraph>
			<ref:URI>https://taxonomy.ifrs.org/xifrs-link?type=IAS&amp;num=33&amp;code=ifrs-tx-2025-en-r&amp;anchor=para_70_b&amp;doctype=Standard</ref:URI>
			<ref:URIDate>2025-03-27</ref:URIDate>
		</link:reference>
		<link:loc xlink:href="../../full_ifrs-cor_2025-03-27.xsd#ifrs-full_WeightedAverageShares" xlink:label="loc_4" xlink:type="locator"/>
		<link:referenceArc xlink:arcrole="http://www.xbrl.org/2003/arcrole/concept-reference" xlink:from="loc_4" xlink:to="res_3" xlink:type="arc"/>
		<link:loc xlink:href="../../full_ifrs-cor_2025-03-27.xsd#ifrs-full_DilutiveEffectOfAllInstrumentsOnWeightedAverageNumberOfOrdinaryShares" xlink:label="loc_5" xlink:type="locator"/>
		<link:referenceArc xlink:arcrole="http://www.xbrl.org/2003/arcrole/concept-reference" xlink:from="loc_5" xlink:to="res_3" xlink:type="arc"/>
		<link:loc xlink:href="../../full_ifrs-cor_2025-03-27.xsd#ifrs-full_AdjustedWeightedAverageShares" xlink:label="loc_6" xlink:type="locator"/>
		<link:referenceArc xlink:arcrole="http://www.xbrl.org/2003/arcrole/concept-reference" xlink:from="loc_6" xlink:to="res_3" xlink:type="arc"/>
		<link:reference xlink:label="res_4" xlink:role="http://www.xbrl.org/2003/role/disclosureRef" xlink:type="resource">
			<ref:Name>IAS</ref:Name>
			<ref:Number>33</ref:Number>
			<ref:IssueDate>2025-01-01</ref:IssueDate>
			<ref:Paragraph>70</ref:Paragraph>
			<ref:Subparagraph>c</ref:Subparagraph>
			<ref:URI>https://taxonomy.ifrs.org/xifrs-link?type=IAS&amp;num=33&amp;code=ifrs-tx-2025-en-r&amp;anchor=para_70_c&amp;doctype=Standard</ref:URI>
			<ref:URIDate>2025-03-27</ref:URIDate>
		</link:reference>
		<link:loc xlink:href="../../full_ifrs-cor_2025-03-27.xsd#ifrs-full_TypesOfAntidilutiveInstrumentsAxis" xlink:label="loc_7" xlink:type="locator"/>
		<link:referenceArc xlink:arcrole="http://www.xbrl.org/2003/arcrole/concept-reference" xlink:from="loc_7" xlink:to="res_4" xlink:type="arc"/>
		<link:loc xlink:href="../../full_ifrs-cor_2025-03-27.xsd#ifrs-full_TypesOfAntidilutiveInstrumentsDomain" xlink:label="loc_8" xlink:type="locator"/>
		<link:referenceArc xlink:arcrole="http://www.xbrl.org/2003/arcrole/concept-reference" xlink:from="loc_8" xlink:to="res_4" xlink:type="arc"/>
		<link:loc xlink:href="../../full_ifrs-cor_2025-03-27.xsd#ifrs-full_NumberOfInstrumentsThatAreAntidilutiveInPeriodPresented" xlink:label="loc_9" xlink:type="locator"/>
		<link:referenceArc xlink:arcrole="http://www.xbrl.org/2003/arcrole/concept-reference" xlink:from="loc_9" xlink:to="res_4" xlink:type="arc"/>
		<link:loc xlink:href="../../full_ifrs-cor_2025-03-27.xsd#ifrs-full_DisclosureOfInstrumentsWithPotentialFutureDilutiveEffectNotIncludedInCalculationOfDilutedEarningsPerShareExplanatory2023" xlink:label="loc_10" xlink:type="locator"/>
		<link:referenceArc xlink:arcrole="http://www.xbrl.org/2003/arcrole/concept-reference" xlink:from="loc_10" xlink:to="res_4" xlink:type="arc"/>
		<link:reference xlink:label="res_5" xlink:role="http://www.xbrl.org/2003/role/disclosureRef" xlink:type="resource">
			<ref:Name>IAS</ref:Name>
			<ref:Number>33</ref:Number>
			<ref:IssueDate>2025-01-01</ref:IssueDate>
			<ref:Paragraph>66</ref:Paragraph>
			<ref:URI>https://taxonomy.ifrs.org/xifrs-link?type=IAS&amp;num=33&amp;code=ifrs-tx-2025-en-r&amp;anchor=para_66&amp;doctype=Standard</ref:URI>
			<ref:URIDate>2025-03-27</ref:URIDate>
		</link:reference>
		<link:loc xlink:href="../../full_ifrs-cor_2025-03-27.xsd#ifrs-full_ClassesOfOrdinarySharesAxis" xlink:label="loc_11" xlink:type="locator"/>
		<link:referenceArc xlink:arcrole="http://www.xbrl.org/2003/arcrole/concept-reference" xlink:from="loc_11" xlink:to="res_5" xlink:type="arc"/>
		<link:loc xlink:href="../../full_ifrs-cor_2025-03-27.xsd#ifrs-full_ClassesOfOrdinarySharesDomain" xlink:label="loc_12" xlink:type="locator"/>
		<link:referenceArc xlink:arcrole="http://www.xbrl.org/2003/arcrole/concept-reference" xlink:from="loc_12" xlink:to="res_5" xlink:type="arc"/>
		<link:loc xlink:href="../../full_ifrs-cor_2025-03-27.xsd#ifrs-full_BasicEarningsLossPerShare" xlink:label="loc_13" xlink:type="locator"/>
		<link:referenceArc xlink:arcrole="http://www.xbrl.org/2003/arcrole/concept-reference" xlink:from="loc_13" xlink:to="res_5" xlink:type="arc"/>
		<link:loc xlink:href="../../full_ifrs-cor_2025-03-27.xsd#ifrs-full_BasicEarningsLossPerShareFromContinuingOperations" xlink:label="loc_14" xlink:type="locator"/>
		<link:referenceArc xlink:arcrole="http://www.xbrl.org/2003/arcrole/concept-reference" xlink:from="loc_14" xlink:to="res_5" xlink:type="arc"/>
		<link:loc xlink:href="../../full_ifrs-cor_2025-03-27.xsd#ifrs-full_EarningsPerShareExplanatory" xlink:label="loc_15" xlink:type="locator"/>
		<link:referenceArc xlink:arcrole="http://www.xbrl.org/2003/arcrole/concept-reference" xlink:from="loc_15" xlink:to="res_5" xlink:type="arc"/>
		<link:loc xlink:href="../../full_ifrs-cor_2025-03-27.xsd#ifrs-full_DilutedEarningsLossPerShare" xlink:label="loc_16" xlink:type="locator"/>
		<link:referenceArc xlink:arcrole="http://www.xbrl.org/2003/arcrole/concept-reference" xlink:from="loc_16" xlink:to="res_5" xlink:type="arc"/>
		<link:loc xlink:href="../../full_ifrs-cor_2025-03-27.xsd#ifrs-full_DilutedEarningsLossPerShareFromContinuingOperations" xlink:label="loc_17" xlink:type="locator"/>
		<link:referenceArc xlink:arcrole="http://www.xbrl.org/2003/arcrole/concept-reference" xlink:from="loc_17" xlink:to="res_5" xlink:type="arc"/>
		<link:loc xlink:href="../../full_ifrs-cor_2025-03-27.xsd#ifrs-full_EarningsPerShareTable" xlink:label="loc_18" xlink:type="locator"/>
		<link:referenceArc xlink:arcrole="http://www.xbrl.org/2003/arcrole/concept-reference" xlink:from="loc_18" xlink:to="res_5" xlink:type="arc"/>
		<link:reference xlink:label="res_6" xlink:role="http://www.xbrl.org/2003/role/disclosureRef" xlink:type="resource">
			<ref:Name>IAS</ref:Name>
			<ref:Number>33</ref:Number>
			<ref:IssueDate>2025-01-01</ref:IssueDate>
			<ref:Paragraph>68</ref:Paragraph>
			<ref:URI>https://taxonomy.ifrs.org/xifrs-link?type=IAS&amp;num=33&amp;code=ifrs-tx-2025-en-r&amp;anchor=para_68&amp;doctype=Standard</ref:URI>
			<ref:URIDate>2025-03-27</ref:URIDate>
		</link:reference>
		<link:loc xlink:href="../../full_ifrs-cor_2025-03-27.xsd#ifrs-full_DilutedEarningsLossPerShareFromDiscontinuedOperations" xlink:label="loc_19" xlink:type="locator"/>
		<link:referenceArc xlink:arcrole="http://www.xbrl.org/2003/arcrole/concept-reference" xlink:from="loc_19" xlink:to="res_6" xlink:type="arc"/>
		<link:loc xlink:href="../../full_ifrs-cor_2025-03-27.xsd#ifrs-full_BasicEarningsLossPerShareFromDiscontinuedOperations" xlink:label="loc_20" xlink:type="locator"/>
		<link:referenceArc xlink:arcrole="http://www.xbrl.org/2003/arcrole/concept-reference" xlink:from="loc_20" xlink:to="res_6" xlink:type="arc"/>
		<link:reference xlink:label="res_7" xlink:role="http://www.xbrl.org/2003/role/disclosureRef" xlink:type="resource">
			<ref:Name>IAS</ref:Name>
			<ref:Number>33</ref:Number>
			<ref:IssueDate>2025-01-01</ref:IssueDate>
			<ref:Section>Disclosure</ref:Section>
			<ref:URI>https://taxonomy.ifrs.org/xifrs-link?type=IAS&amp;num=33&amp;code=ifrs-tx-2025-en-r&amp;doctype=Standard&amp;dita_xref=IAS33_g70-73A_TI</ref:URI>
			<ref:URIDate>2025-03-27</ref:URIDate>
		</link:reference>
		<link:loc xlink:href="../../full_ifrs-cor_2025-03-27.xsd#ifrs-full_DisclosureOfEarningsPerShareExplanatory" xlink:label="loc_21" xlink:type="locator"/>
		<link:referenceArc xlink:arcrole="http://www.xbrl.org/2003/arcrole/concept-reference" xlink:from="loc_21" xlink:to="res_7" xlink:type="arc"/>
		<link:reference xlink:label="res_8" xlink:role="http://www.xbrl.org/2003/role/disclosureRef" xlink:type="resource">
			<ref:Name>IAS</ref:Name>
			<ref:Number>33</ref:Number>
			<ref:IssueDate>2025-01-01</ref:IssueDate>
			<ref:Paragraph>70</ref:Paragraph>
			<ref:Subparagraph>a</ref:Subparagraph>
			<ref:URI>https://taxonomy.ifrs.org/xifrs-link?type=IAS&amp;num=33&amp;code=ifrs-tx-2025-en-r&amp;anchor=para_70_a&amp;doctype=Standard</ref:URI>
			<ref:URIDate>2025-03-27</ref:URIDate>
		</link:reference>
		<link:loc xlink:href="../../full_ifrs-cor_2025-03-27.xsd#ifrs-full_AdjustmentsToReconcileProfitLossAttributableToOwnersOfParentToNumeratorUsedInCalculatingBasicEarningsPerShare" xlink:label="loc_22" xlink:type="locator"/>
		<link:referenceArc xlink:arcrole="http://www.xbrl.org/2003/arcrole/concept-reference" xlink:from="loc_22" xlink:to="res_8" xlink:type="arc"/>
		<link:loc xlink:href="../../full_ifrs-cor_2025-03-27.xsd#ifrs-full_IncreaseDecreaseToProfitLossToReflectDilutiveEffectResultingFromAssumedConversionOfPotentialOrdinaryShares" xlink:label="loc_23" xlink:type="locator"/>
		<link:referenceArc xlink:arcrole="http://www.xbrl.org/2003/arcrole/concept-reference" xlink:from="loc_23" xlink:to="res_8" xlink:type="arc"/>
		<link:loc xlink:href="../../full_ifrs-cor_2025-03-27.xsd#ifrs-full_ProfitLossAttributableToOrdinaryEquityHoldersOfParentEntity" xlink:label="loc_24" xlink:type="locator"/>
		<link:referenceArc xlink:arcrole="http://www.xbrl.org/2003/arcrole/concept-reference" xlink:from="loc_24" xlink:to="res_8" xlink:type="arc"/>
		<link:loc xlink:href="../../full_ifrs-cor_2025-03-27.xsd#ifrs-full_ProfitLossFromContinuingOperationsAttributableToOrdinaryEquityHoldersOfParentEntity" xlink:label="loc_25" xlink:type="locator"/>
		<link:referenceArc xlink:arcrole="http://www.xbrl.org/2003/arcrole/concept-reference" xlink:from="loc_25" xlink:to="res_8" xlink:type="arc"/>
		<link:loc xlink:href="../../full_ifrs-cor_2025-03-27.xsd#ifrs-full_ProfitLossFromDiscontinuedOperationsAttributableToOrdinaryEquityHoldersOfParentEntity" xlink:label="loc_26" xlink:type="locator"/>
		<link:referenceArc xlink:arcrole="http://www.xbrl.org/2003/arcrole/concept-reference" xlink:from="loc_26" xlink:to="res_8" xlink:type="arc"/>
		<link:loc xlink:href="../../full_ifrs-cor_2025-03-27.xsd#ifrs-full_ProfitLossFromContinuingOperationsAttributableToOrdinaryEquityHoldersOfParentEntityIncludingDilutiveEffects" xlink:label="loc_27" xlink:type="locator"/>
		<link:referenceArc xlink:arcrole="http://www.xbrl.org/2003/arcrole/concept-reference" xlink:from="loc_27" xlink:to="res_8" xlink:type="arc"/>
		<link:loc xlink:href="../../full_ifrs-cor_2025-03-27.xsd#ifrs-full_ProfitLossFromDiscontinuedOperationsAttributableToOrdinaryEquityHoldersOfParentEntityIncludingDilutiveEffects" xlink:label="loc_28" xlink:type="locator"/>
		<link:referenceArc xlink:arcrole="http://www.xbrl.org/2003/arcrole/concept-reference" xlink:from="loc_28" xlink:to="res_8" xlink:type="arc"/>
		<link:loc xlink:href="../../full_ifrs-cor_2025-03-27.xsd#ifrs-full_ProfitLossAttributableToOrdinaryEquityHoldersOfParentEntityIncludingDilutiveEffects" xlink:label="loc_29" xlink:type="locator"/>
		<link:referenceArc xlink:arcrole="http://www.xbrl.org/2003/arcrole/concept-reference" xlink:from="loc_29" xlink:to="res_8" xlink:type="arc"/>
		<link:reference xlink:label="res_9" xlink:role="http://www.xbrl.org/2009/role/commonPracticeRef" xlink:type="resource">
			<ref:Name>IAS</ref:Name>
			<ref:Number>33</ref:Number>
			<ref:IssueDate>2025-01-01</ref:IssueDate>
			<ref:Paragraph>70</ref:Paragraph>
			<ref:Subparagraph>b</ref:Subparagraph>
			<ref:URI>https://taxonomy.ifrs.org/xifrs-link?type=IAS&amp;num=33&amp;code=ifrs-tx-2025-en-r&amp;anchor=para_70_b&amp;doctype=Standard</ref:URI>
			<ref:URIDate>2025-03-27</ref:URIDate>
		</link:reference>
		<link:loc xlink:href="../../full_ifrs-cor_2025-03-27.xsd#ifrs-full_DilutiveEffectOfRestrictedShareUnitsOnWeightedAverageNumberOfOrdinaryShares" xlink:label="loc_30" xlink:type="locator"/>
		<link:referenceArc xlink:arcrole="http://www.xbrl.org/2003/arcrole/concept-reference" xlink:from="loc_30" xlink:to="res_9" xlink:type="arc"/>
		<link:loc xlink:href="../../full_ifrs-cor_2025-03-27.xsd#ifrs-full_DilutiveEffectOfShareOptionsOnNumberOfOrdinaryShares" xlink:label="loc_31" xlink:type="locator"/>
		<link:referenceArc xlink:arcrole="http://www.xbrl.org/2003/arcrole/concept-reference" xlink:from="loc_31" xlink:to="res_9" xlink:type="arc"/>
		<link:loc xlink:href="../../full_ifrs-cor_2025-03-27.xsd#ifrs-full_DilutiveEffectOfConvertibleInstrumentsOnNumberOfOrdinaryShares" xlink:label="loc_32" xlink:type="locator"/>
		<link:referenceArc xlink:arcrole="http://www.xbrl.org/2003/arcrole/concept-reference" xlink:from="loc_32" xlink:to="res_9" xlink:type="arc"/>
		<link:loc xlink:href="../../full_ifrs-cor_2025-03-27.xsd#ifrs-full_DilutiveEffectOfOtherInstrumentsOnWeightedAverageNumberOfOrdinaryShares" xlink:label="loc_33" xlink:type="locator"/>
		<link:referenceArc xlink:arcrole="http://www.xbrl.org/2003/arcrole/concept-reference" xlink:from="loc_33" xlink:to="res_9" xlink:type="arc"/>
		<link:loc xlink:href="../../full_ifrs-cor_2025-03-27.xsd#ifrs-full_DilutiveEffectOfWarrantsOnWeightedAverageNumberOfOrdinaryShares" xlink:label="loc_34" xlink:type="locator"/>
		<link:referenceArc xlink:arcrole="http://www.xbrl.org/2003/arcrole/concept-reference" xlink:from="loc_34" xlink:to="res_9" xlink:type="arc"/>
		<link:reference xlink:label="res_10" xlink:role="http://www.xbrl.org/2003/role/exampleRef" xlink:type="resource">
			<ref:Name>IAS</ref:Name>
			<ref:Number>33</ref:Number>
			<ref:IssueDate>2025-01-01</ref:IssueDate>
			<ref:Section>Example 12 Calculation and presentation of basic and diluted earnings per share (comprehensive example)</ref:Section>
			<ref:URI>https://taxonomy.ifrs.org/xifrs-link?type=IAS&amp;num=33&amp;code=ifrs-tx-2025-en-r&amp;doctype=Illustrative%20Examples&amp;dita_xref=IAS33_ex12_TI</ref:URI>
			<ref:URIDate>2025-03-27</ref:URIDate>
		</link:reference>
		<link:loc xlink:href="../../full_ifrs-cor_2025-03-27.xsd#ifrs-full_AdjustmentToProfitLossForPreferenceShareDividends" xlink:label="loc_35" xlink:type="locator"/>
		<link:referenceArc xlink:arcrole="http://www.xbrl.org/2003/arcrole/concept-reference" xlink:from="loc_35" xlink:to="res_10" xlink:type="arc"/>
		<link:reference xlink:label="res_11" xlink:role="http://www.xbrl.org/2003/role/exampleRef" xlink:type="resource">
			<ref:Name>IAS</ref:Name>
			<ref:Number>33</ref:Number>
			<ref:IssueDate>2025-01-01</ref:IssueDate>
			<ref:Paragraph>70</ref:Paragraph>
			<ref:Subparagraph>a</ref:Subparagraph>
			<ref:URI>https://taxonomy.ifrs.org/xifrs-link?type=IAS&amp;num=33&amp;code=ifrs-tx-2025-en-r&amp;anchor=para_70_a&amp;doctype=Standard</ref:URI>
			<ref:URIDate>2025-03-27</ref:URIDate>
		</link:reference>
		<link:referenceArc xlink:arcrole="http://www.xbrl.org/2003/arcrole/concept-reference" xlink:from="loc_35" xlink:to="res_11" xlink:type="arc"/>
		<link:reference xlink:label="res_12" xlink:role="http://www.xbrl.org/2003/role/disclosureRef" xlink:type="resource">
			<ref:Name>IAS</ref:Name>
			<ref:Number>33</ref:Number>
			<ref:IssueDate>2025-01-01</ref:IssueDate>
			<ref:Paragraph>67</ref:Paragraph>
			<ref:URI>https://taxonomy.ifrs.org/xifrs-link?type=IAS&amp;num=33&amp;code=ifrs-tx-2025-en-r&amp;anchor=para_67&amp;doctype=Standard</ref:URI>
			<ref:URIDate>2025-03-27</ref:URIDate>
		</link:reference>
		<link:referenceArc xlink:arcrole="http://www.xbrl.org/2003/arcrole/concept-reference" xlink:from="loc_19" xlink:to="res_12" xlink:type="arc"/>
		<link:referenceArc xlink:arcrole="http://www.xbrl.org/2003/arcrole/concept-reference" xlink:from="loc_13" xlink:to="res_12" xlink:type="arc"/>
		<link:loc xlink:href="../../full_ifrs-cor_2025-03-27.xsd#ifrs-full_DilutedEarningsLossPerShareFromContinuingOperationsIncludingNetMovementInRegulatoryDeferralAccountBalancesAndNetMovementInRelatedDeferredTax" xlink:label="loc_36" xlink:type="locator"/>
		<link:referenceArc xlink:arcrole="http://www.xbrl.org/2003/arcrole/concept-reference" xlink:from="loc_36" xlink:to="res_12" xlink:type="arc"/>
		<link:loc xlink:href="../../full_ifrs-cor_2025-03-27.xsd#ifrs-full_BasicEarningsLossPerShareFromContinuingOperationsIncludingNetMovementInRegulatoryDeferralAccountBalancesAndNetMovementInRelatedDeferredTax" xlink:label="loc_37" xlink:type="locator"/>
		<link:referenceArc xlink:arcrole="http://www.xbrl.org/2003/arcrole/concept-reference" xlink:from="loc_37" xlink:to="res_12" xlink:type="arc"/>
		<link:loc xlink:href="../../full_ifrs-cor_2025-03-27.xsd#ifrs-full_DilutedEarningsLossPerShareFromDiscontinuedOperationsIncludingNetMovementInRegulatoryDeferralAccountBalancesAndNetMovementInRelatedDeferredTax" xlink:label="loc_38" xlink:type="locator"/>
		<link:referenceArc xlink:arcrole="http://www.xbrl.org/2003/arcrole/concept-reference" xlink:from="loc_38" xlink:to="res_12" xlink:type="arc"/>
		<link:loc xlink:href="../../full_ifrs-cor_2025-03-27.xsd#ifrs-full_BasicEarningsLossPerShareIncludingNetMovementInRegulatoryDeferralAccountBalancesAndNetMovementInRelatedDeferredTax" xlink:label="loc_39" xlink:type="locator"/>
		<link:referenceArc xlink:arcrole="http://www.xbrl.org/2003/arcrole/concept-reference" xlink:from="loc_39" xlink:to="res_12" xlink:type="arc"/>
		<link:loc xlink:href="../../full_ifrs-cor_2025-03-27.xsd#ifrs-full_BasicEarningsLossPerShareFromDiscontinuedOperationsIncludingNetMovementInRegulatoryDeferralAccountBalancesAndNetMovementInRelatedDeferredTax" xlink:label="loc_40" xlink:type="locator"/>
		<link:referenceArc xlink:arcrole="http://www.xbrl.org/2003/arcrole/concept-reference" xlink:from="loc_40" xlink:to="res_12" xlink:type="arc"/>
		<link:loc xlink:href="../../full_ifrs-cor_2025-03-27.xsd#ifrs-full_DilutedEarningsLossPerShareIncludingNetMovementInRegulatoryDeferralAccountBalancesAndNetMovementInRelatedDeferredTax" xlink:label="loc_41" xlink:type="locator"/>
		<link:referenceArc xlink:arcrole="http://www.xbrl.org/2003/arcrole/concept-reference" xlink:from="loc_41" xlink:to="res_12" xlink:type="arc"/>
		<link:referenceArc xlink:arcrole="http://www.xbrl.org/2003/arcrole/concept-reference" xlink:from="loc_20" xlink:to="res_12" xlink:type="arc"/>
		<link:referenceArc xlink:arcrole="http://www.xbrl.org/2003/arcrole/concept-reference" xlink:from="loc_14" xlink:to="res_12" xlink:type="arc"/>
		<link:referenceArc xlink:arcrole="http://www.xbrl.org/2003/arcrole/concept-reference" xlink:from="loc_16" xlink:to="res_12" xlink:type="arc"/>
		<link:referenceArc xlink:arcrole="http://www.xbrl.org/2003/arcrole/concept-reference" xlink:from="loc_17" xlink:to="res_12" xlink:type="arc"/>
		<link:reference xlink:label="res_13" xlink:role="http://www.xbrl.org/2009/role/commonPracticeRef" xlink:type="resource">
			<ref:Name>IAS</ref:Name>
			<ref:Number>33</ref:Number>
			<ref:IssueDate>2025-01-01</ref:IssueDate>
			<ref:Paragraph>A14</ref:Paragraph>
			<ref:URI>https://taxonomy.ifrs.org/xifrs-link?type=IAS&amp;num=33&amp;code=ifrs-tx-2025-en-r&amp;anchor=para_A14&amp;doctype=Appendix&amp;subtype=A</ref:URI>
			<ref:URIDate>2025-03-27</ref:URIDate>
		</link:reference>
		<link:loc xlink:href="../../full_ifrs-cor_2025-03-27.xsd#ifrs-full_ProfitLossFromDiscontinuedOperationsAttributableToParticipatingEquityInstrumentsOtherThanOrdinarySharesUsedInCalculatingBasicEarningsLossPerInstrument" xlink:label="loc_42" xlink:type="locator"/>
		<link:referenceArc xlink:arcrole="http://www.xbrl.org/2003/arcrole/concept-reference" xlink:from="loc_42" xlink:to="res_13" xlink:type="arc"/>
		<link:loc xlink:href="../../full_ifrs-cor_2025-03-27.xsd#ifrs-full_BasicEarningsLossPerInstrumentParticipatingEquityInstrumentsOtherThanOrdinaryShares" xlink:label="loc_43" xlink:type="locator"/>
		<link:referenceArc xlink:arcrole="http://www.xbrl.org/2003/arcrole/concept-reference" xlink:from="loc_43" xlink:to="res_13" xlink:type="arc"/>
		<link:loc xlink:href="../../full_ifrs-cor_2025-03-27.xsd#ifrs-full_BasicEarningsLossPerInstrumentFromDiscontinuedOperationsParticipatingEquityInstrumentsOtherThanOrdinaryShares" xlink:label="loc_44" xlink:type="locator"/>
		<link:referenceArc xlink:arcrole="http://www.xbrl.org/2003/arcrole/concept-reference" xlink:from="loc_44" xlink:to="res_13" xlink:type="arc"/>
		<link:loc xlink:href="../../full_ifrs-cor_2025-03-27.xsd#ifrs-full_WeightedAverageNumberOfInstrumentsUsedInCalculatingBasicEarningsLossPerInstrumentParticipatingEquityInstrumentsOtherThanOrdinaryShares" xlink:label="loc_45" xlink:type="locator"/>
		<link:referenceArc xlink:arcrole="http://www.xbrl.org/2003/arcrole/concept-reference" xlink:from="loc_45" xlink:to="res_13" xlink:type="arc"/>
		<link:loc xlink:href="../../full_ifrs-cor_2025-03-27.xsd#ifrs-full_BasicEarningsLossPerInstrumentFromContinuingOperationsParticipatingEquityInstrumentsOtherThanOrdinaryShares" xlink:label="loc_46" xlink:type="locator"/>
		<link:referenceArc xlink:arcrole="http://www.xbrl.org/2003/arcrole/concept-reference" xlink:from="loc_46" xlink:to="res_13" xlink:type="arc"/>
		<link:loc xlink:href="../../full_ifrs-cor_2025-03-27.xsd#ifrs-full_DilutedEarningsLossPerInstrumentFromDiscontinuedOperationsParticipatingEquityInstrumentsOtherThanOrdinaryShares" xlink:label="loc_47" xlink:type="locator"/>
		<link:referenceArc xlink:arcrole="http://www.xbrl.org/2003/arcrole/concept-reference" xlink:from="loc_47" xlink:to="res_13" xlink:type="arc"/>
		<link:loc xlink:href="../../full_ifrs-cor_2025-03-27.xsd#ifrs-full_DilutedEarningsLossPerInstrumentParticipatingEquityInstrumentsOtherThanOrdinaryShares" xlink:label="loc_48" xlink:type="locator"/>
		<link:referenceArc xlink:arcrole="http://www.xbrl.org/2003/arcrole/concept-reference" xlink:from="loc_48" xlink:to="res_13" xlink:type="arc"/>
		<link:loc xlink:href="../../full_ifrs-cor_2025-03-27.xsd#ifrs-full_ProfitLossFromDiscontinuedOperationsAttributableToParticipatingEquityInstrumentsOtherThanOrdinarySharesUsedInCalculatingDilutedEarningsLossPerInstrument" xlink:label="loc_49" xlink:type="locator"/>
		<link:referenceArc xlink:arcrole="http://www.xbrl.org/2003/arcrole/concept-reference" xlink:from="loc_49" xlink:to="res_13" xlink:type="arc"/>
		<link:loc xlink:href="../../full_ifrs-cor_2025-03-27.xsd#ifrs-full_WeightedAverageNumberOfInstrumentsUsedInCalculatingDilutedEarningsLossPerInstrumentParticipatingEquityInstrumentsOtherThanOrdinaryShares" xlink:label="loc_50" xlink:type="locator"/>
		<link:referenceArc xlink:arcrole="http://www.xbrl.org/2003/arcrole/concept-reference" xlink:from="loc_50" xlink:to="res_13" xlink:type="arc"/>
		<link:loc xlink:href="../../full_ifrs-cor_2025-03-27.xsd#ifrs-full_DilutedEarningsLossPerInstrumentFromContinuingOperationsParticipatingEquityInstrumentsOtherThanOrdinaryShares" xlink:label="loc_51" xlink:type="locator"/>
		<link:referenceArc xlink:arcrole="http://www.xbrl.org/2003/arcrole/concept-reference" xlink:from="loc_51" xlink:to="res_13" xlink:type="arc"/>
		<link:loc xlink:href="../../full_ifrs-cor_2025-03-27.xsd#ifrs-full_ProfitLossFromContinuingOperationsAttributableToParticipatingEquityInstrumentsOtherThanOrdinarySharesUsedInCalculatingDilutedEarningsLossPerInstrument" xlink:label="loc_52" xlink:type="locator"/>
		<link:referenceArc xlink:arcrole="http://www.xbrl.org/2003/arcrole/concept-reference" xlink:from="loc_52" xlink:to="res_13" xlink:type="arc"/>
		<link:loc xlink:href="../../full_ifrs-cor_2025-03-27.xsd#ifrs-full_ProfitLossFromContinuingOperationsAttributableToParticipatingEquityInstrumentsOtherThanOrdinarySharesUsedInCalculatingBasicEarningsLossPerInstrument" xlink:label="loc_53" xlink:type="locator"/>
		<link:referenceArc xlink:arcrole="http://www.xbrl.org/2003/arcrole/concept-reference" xlink:from="loc_53" xlink:to="res_13" xlink:type="arc"/>
		<link:loc xlink:href="../../full_ifrs-cor_2025-03-27.xsd#ifrs-full_ProfitLossAttributableToParticipatingEquityInstrumentsOtherThanOrdinarySharesUsedInCalculatingDilutedEarningsLossPerInstrument" xlink:label="loc_54" xlink:type="locator"/>
		<link:referenceArc xlink:arcrole="http://www.xbrl.org/2003/arcrole/concept-reference" xlink:from="loc_54" xlink:to="res_13" xlink:type="arc"/>
		<link:loc xlink:href="../../full_ifrs-cor_2025-03-27.xsd#ifrs-full_ProfitLossAttributableToParticipatingEquityInstrumentsOtherThanOrdinarySharesUsedInCalculatingBasicEarningsLossPerInstrument" xlink:label="loc_55" xlink:type="locator"/>
		<link:referenceArc xlink:arcrole="http://www.xbrl.org/2003/arcrole/concept-reference" xlink:from="loc_55" xlink:to="res_13" xlink:type="arc"/>
		<link:reference xlink:label="res_14" xlink:role="http://www.xbrl.org/2009/role/commonPracticeRef" xlink:type="resource">
			<ref:Name>IAS</ref:Name>
			<ref:Number>33</ref:Number>
			<ref:IssueDate>2025-01-01</ref:IssueDate>
			<ref:Paragraph>70</ref:Paragraph>
			<ref:Subparagraph>a</ref:Subparagraph>
			<ref:URI>https://taxonomy.ifrs.org/xifrs-link?type=IAS&amp;num=33&amp;code=ifrs-tx-2025-en-r&amp;anchor=para_70_a&amp;doctype=Standard</ref:URI>
			<ref:URIDate>2025-03-27</ref:URIDate>
		</link:reference>
		<link:loc xlink:href="../../full_ifrs-cor_2025-03-27.xsd#ifrs-full_AdjustmentsToProfitLossForInterestAndDividendsOnEquityInstrumentsOtherThanPreferenceSharesAndParticipatingEquityInstruments" xlink:label="loc_56" xlink:type="locator"/>
		<link:referenceArc xlink:arcrole="http://www.xbrl.org/2003/arcrole/concept-reference" xlink:from="loc_56" xlink:to="res_14" xlink:type="arc"/>
		<link:referenceArc xlink:arcrole="http://www.xbrl.org/2003/arcrole/concept-reference" xlink:from="loc_55" xlink:to="res_14" xlink:type="arc"/>
		<link:reference xlink:label="res_15" xlink:role="http://www.xbrl.org/2009/role/commonPracticeRef" xlink:type="resource">
			<ref:Name>IAS</ref:Name>
			<ref:Number>33</ref:Number>
			<ref:IssueDate>2025-01-01</ref:IssueDate>
			<ref:Paragraph>70</ref:Paragraph>
			<ref:Subparagraph>c</ref:Subparagraph>
			<ref:URI>https://taxonomy.ifrs.org/xifrs-link?type=IAS&amp;num=33&amp;code=ifrs-tx-2025-en-r&amp;anchor=para_70_c&amp;doctype=Standard</ref:URI>
			<ref:URIDate>2025-03-27</ref:URIDate>
		</link:reference>
		<link:loc xlink:href="../../full_ifrs-cor_2025-03-27.xsd#ifrs-full_WarrantsMember" xlink:label="loc_57" xlink:type="locator"/>
		<link:referenceArc xlink:arcrole="http://www.xbrl.org/2003/arcrole/concept-reference" xlink:from="loc_57" xlink:to="res_15" xlink:type="arc"/>
		<link:loc xlink:href="../../full_ifrs-cor_2025-03-27.xsd#ifrs-full_ConvertibleInstrumentsMember" xlink:label="loc_58" xlink:type="locator"/>
		<link:referenceArc xlink:arcrole="http://www.xbrl.org/2003/arcrole/concept-reference" xlink:from="loc_58" xlink:to="res_15" xlink:type="arc"/>
		<link:loc xlink:href="../../full_ifrs-cor_2025-03-27.xsd#ifrs-full_RestrictedShareUnitsMember" xlink:label="loc_59" xlink:type="locator"/>
		<link:referenceArc xlink:arcrole="http://www.xbrl.org/2003/arcrole/concept-reference" xlink:from="loc_59" xlink:to="res_15" xlink:type="arc"/>
		<link:loc xlink:href="../../full_ifrs-cor_2025-03-27.xsd#ifrs-full_ShareOptionsMember" xlink:label="loc_60" xlink:type="locator"/>
		<link:referenceArc xlink:arcrole="http://www.xbrl.org/2003/arcrole/concept-reference" xlink:from="loc_60" xlink:to="res_15" xlink:type="arc"/>
		<link:loc xlink:href="../../full_ifrs-cor_2025-03-27.xsd#ifrs-full_OtherAntidilutiveInstrumentsMember" xlink:label="loc_61" xlink:type="locator"/>
		<link:referenceArc xlink:arcrole="http://www.xbrl.org/2003/arcrole/concept-reference" xlink:from="loc_61" xlink:to="res_15" xlink:type="arc"/>
		<link:loc xlink:href="../../full_ifrs-cor_2025-03-27.xsd#ifrs-full_NumberOfPotentialOrdinarySharesThatAreAntidilutiveInPeriodPresented" xlink:label="loc_62" xlink:type="locator"/>
		<link:referenceArc xlink:arcrole="http://www.xbrl.org/2003/arcrole/concept-reference" xlink:from="loc_62" xlink:to="res_15" xlink:type="arc"/>
		<link:loc xlink:href="../../full_ifrs-cor_2025-03-27.xsd#ifrs-full_DisclosureOfInstrumentsWithPotentialFutureDilutiveEffectNotIncludedInCalculationOfDilutedEarningsPerShareTable" xlink:label="loc_63" xlink:type="locator"/>
		<link:referenceArc xlink:arcrole="http://www.xbrl.org/2003/arcrole/concept-reference" xlink:from="loc_63" xlink:to="res_15" xlink:type="arc"/>
		<link:reference xlink:label="res_16" xlink:role="http://www.xbrl.org/2003/role/exampleRef" xlink:type="resource">
			<ref:Name>IAS</ref:Name>
			<ref:Number>33</ref:Number>
			<ref:IssueDate>2025-01-01</ref:IssueDate>
			<ref:Paragraph>70</ref:Paragraph>
			<ref:Subparagraph>c</ref:Subparagraph>
			<ref:URI>https://taxonomy.ifrs.org/xifrs-link?type=IAS&amp;num=33&amp;code=ifrs-tx-2025-en-r&amp;anchor=para_70_c&amp;doctype=Standard</ref:URI>
			<ref:URIDate>2025-03-27</ref:URIDate>
		</link:reference>
		<link:loc xlink:href="../../full_ifrs-cor_2025-03-27.xsd#ifrs-full_ContingentlyIssuableSharesMember" xlink:label="loc_64" xlink:type="locator"/>
		<link:referenceArc xlink:arcrole="http://www.xbrl.org/2003/arcrole/concept-reference" xlink:from="loc_64" xlink:to="res_16" xlink:type="arc"/>
	</link:referenceLink>
</link:linkbase>
