<?xml version="1.0" encoding="UTF-8"?>
<!-- IFRS Accounting Taxonomy 2025.**********************         Copyright (c) 2025 IFRS Foundation        All rights reserved. Reproduction and use rights are strictly limited.For more information on the IFRS Foundation's copyright and the terms and conditions of use for these files, please refer to https://www.ifrs.org/legal/terms-and-conditions/. The IFRS Foundation has trade marks registered around the world (Marks) including 'IAS', 'IASB', the IASB logo, 'IFRIC', 'IFRS', the IFRS logo, 'IFRS for SMEs', the IFRS for SMEs logo, the 'Hexagon Device', 'International Accounting Standards', 'International Financial Reporting Standards', 'NIIF' and 'SIC'. Further details of the IFRS Foundation's Marks are available from the IFRS Foundation on request.        ********************** -->
<link:linkbase xmlns:link="http://www.xbrl.org/2003/linkbase" xmlns:xbrldt="http://xbrl.org/2005/xbrldt" xmlns:xlink="http://www.w3.org/1999/xlink" xmlns:xsi="http://www.w3.org/2001/XMLSchema-instance" xsi:schemaLocation="http://www.xbrl.org/2003/linkbase http://www.xbrl.org/2003/xbrl-linkbase-2003-12-31.xsd http://www.w3.org/1999/xlink http://www.xbrl.org/2003/xlink-2003-12-31.xsd">
	<link:roleRef roleURI="https://xbrl.ifrs.org/role/ifrs/ias_19_2025-03-27_role-834480a" xlink:href="rol_ias_19_2025-03-27.xsd#ias_19_2025-03-27_role-834480a" xlink:type="simple"/>
	<link:roleRef roleURI="https://xbrl.ifrs.org/role/ifrs/ias_19_2025-03-27_role-834480b" xlink:href="rol_ias_19_2025-03-27.xsd#ias_19_2025-03-27_role-834480b" xlink:type="simple"/>
	<link:roleRef roleURI="https://xbrl.ifrs.org/role/ifrs/ias_19_2025-03-27_role-834480c" xlink:href="rol_ias_19_2025-03-27.xsd#ias_19_2025-03-27_role-834480c" xlink:type="simple"/>
	<link:roleRef roleURI="https://xbrl.ifrs.org/role/ifrs/ias_19_2025-03-27_role-834480d" xlink:href="rol_ias_19_2025-03-27.xsd#ias_19_2025-03-27_role-834480d" xlink:type="simple"/>
	<link:roleRef roleURI="https://xbrl.ifrs.org/role/ifrs/ias_19_2025-03-27_role-834480" xlink:href="rol_ias_19_2025-03-27.xsd#ias_19_2025-03-27_role-834480" xlink:type="simple"/>
	<link:arcroleRef arcroleURI="http://xbrl.org/int/dim/arcrole/all" xlink:href="http://www.xbrl.org/2005/xbrldt-2005.xsd#all" xlink:type="simple"/>
	<link:arcroleRef arcroleURI="http://xbrl.org/int/dim/arcrole/hypercube-dimension" xlink:href="http://www.xbrl.org/2005/xbrldt-2005.xsd#hypercube-dimension" xlink:type="simple"/>
	<link:arcroleRef arcroleURI="http://xbrl.org/int/dim/arcrole/dimension-domain" xlink:href="http://www.xbrl.org/2005/xbrldt-2005.xsd#dimension-domain" xlink:type="simple"/>
	<link:arcroleRef arcroleURI="http://xbrl.org/int/dim/arcrole/domain-member" xlink:href="http://www.xbrl.org/2005/xbrldt-2005.xsd#domain-member" xlink:type="simple"/>
	<link:definitionLink xlink:role="https://xbrl.ifrs.org/role/ifrs/ias_19_2025-03-27_role-834480" xlink:type="extended">
		<link:loc xlink:href="../../full_ifrs-cor_2025-03-27.xsd#ifrs-full_DisclosureOfDefinedBenefitPlansTable" xlink:label="loc_2" xlink:type="locator"/>
		<link:loc xlink:href="../../full_ifrs-cor_2025-03-27.xsd#ifrs-full_DisclosureOfDefinedBenefitPlansAbstract" xlink:label="loc_1" xlink:type="locator"/>
		<link:definitionArc order="10.0" xbrldt:closed="true" xbrldt:contextElement="scenario" xlink:arcrole="http://xbrl.org/int/dim/arcrole/all" xlink:from="loc_1" xlink:to="loc_2" xlink:type="arc"/>
		<link:loc xlink:href="../../full_ifrs-cor_2025-03-27.xsd#ifrs-full_DefinedBenefitPlansAxis" xlink:label="loc_3" xlink:type="locator"/>
		<link:definitionArc order="10.0" xlink:arcrole="http://xbrl.org/int/dim/arcrole/hypercube-dimension" xlink:from="loc_2" xlink:to="loc_3" xlink:type="arc"/>
		<link:loc xlink:href="../../full_ifrs-cor_2025-03-27.xsd#ifrs-full_DefinedBenefitPlansDomain" xlink:label="loc_4" xlink:type="locator"/>
		<link:definitionArc order="10.0" xlink:arcrole="http://xbrl.org/int/dim/arcrole/dimension-domain" xlink:from="loc_3" xlink:to="loc_4" xlink:type="arc"/>
		<link:loc xlink:href="../../full_ifrs-cor_2025-03-27.xsd#ifrs-full_DefinedBenefitPlansOtherThanMultiemployerPlansStatePlansAndPlansThatShareRisksBetweenEntitiesUnderCommonControlMember" xlink:label="loc_5" xlink:type="locator"/>
		<link:definitionArc order="10.0" xlink:arcrole="http://xbrl.org/int/dim/arcrole/domain-member" xlink:from="loc_4" xlink:to="loc_5" xlink:type="arc"/>
		<link:loc xlink:href="../../full_ifrs-cor_2025-03-27.xsd#ifrs-full_GeographicalAreasDomain" xlink:label="loc_10" xlink:type="locator"/>
		<link:loc xlink:href="../../full_ifrs-cor_2025-03-27.xsd#ifrs-full_GeographicalAreasAxis" xlink:label="loc_9" xlink:type="locator"/>
		<link:definitionArc order="10.0" xlink:arcrole="http://xbrl.org/int/dim/arcrole/dimension-domain" xlink:from="loc_9" xlink:to="loc_10" xlink:type="arc"/>
		<link:loc xlink:href="../../full_ifrs-cor_2025-03-27.xsd#ifrs-full_CharacteristicsOfDefinedBenefitPlansDomain" xlink:label="loc_12" xlink:type="locator"/>
		<link:loc xlink:href="../../full_ifrs-cor_2025-03-27.xsd#ifrs-full_CharacteristicsOfDefinedBenefitPlansAxis" xlink:label="loc_11" xlink:type="locator"/>
		<link:definitionArc order="10.0" xlink:arcrole="http://xbrl.org/int/dim/arcrole/dimension-domain" xlink:from="loc_11" xlink:to="loc_12" xlink:type="arc"/>
		<link:loc xlink:href="../../full_ifrs-cor_2025-03-27.xsd#ifrs-full_PensionDefinedBenefitPlansMember" xlink:label="loc_13" xlink:type="locator"/>
		<link:definitionArc order="10.0" xlink:arcrole="http://xbrl.org/int/dim/arcrole/domain-member" xlink:from="loc_12" xlink:to="loc_13" xlink:type="arc"/>
		<link:loc xlink:href="../../full_ifrs-cor_2025-03-27.xsd#ifrs-full_FlatSalaryPensionDefinedBenefitPlansMember" xlink:label="loc_14" xlink:type="locator"/>
		<link:definitionArc order="10.0" xlink:arcrole="http://xbrl.org/int/dim/arcrole/domain-member" xlink:from="loc_13" xlink:to="loc_14" xlink:type="arc"/>
		<link:loc xlink:href="../../full_ifrs-cor_2025-03-27.xsd#ifrs-full_RegulatoryEnvironmentsDomain" xlink:label="loc_18" xlink:type="locator"/>
		<link:loc xlink:href="../../full_ifrs-cor_2025-03-27.xsd#ifrs-full_RegulatoryEnvironmentsAxis" xlink:label="loc_17" xlink:type="locator"/>
		<link:definitionArc order="10.0" xlink:arcrole="http://xbrl.org/int/dim/arcrole/dimension-domain" xlink:from="loc_17" xlink:to="loc_18" xlink:type="arc"/>
		<link:loc xlink:href="../../full_ifrs-cor_2025-03-27.xsd#ifrs-full_SegmentsDomain" xlink:label="loc_20" xlink:type="locator"/>
		<link:loc xlink:href="../../full_ifrs-cor_2025-03-27.xsd#ifrs-full_SegmentsAxis" xlink:label="loc_19" xlink:type="locator"/>
		<link:definitionArc order="10.0" xlink:arcrole="http://xbrl.org/int/dim/arcrole/dimension-domain" xlink:from="loc_19" xlink:to="loc_20" xlink:type="arc"/>
		<link:loc xlink:href="../../full_ifrs-cor_2025-03-27.xsd#ifrs-full_ReportableSegmentsMember" xlink:label="loc_21" xlink:type="locator"/>
		<link:definitionArc order="10.0" xlink:arcrole="http://xbrl.org/int/dim/arcrole/domain-member" xlink:from="loc_20" xlink:to="loc_21" xlink:type="arc"/>
		<link:loc xlink:href="../../full_ifrs-cor_2025-03-27.xsd#ifrs-full_FundingArrangementsOfDefinedBenefitPlansDomain" xlink:label="loc_23" xlink:type="locator"/>
		<link:loc xlink:href="../../full_ifrs-cor_2025-03-27.xsd#ifrs-full_FundingArrangementsOfDefinedBenefitPlansAxis" xlink:label="loc_22" xlink:type="locator"/>
		<link:definitionArc order="10.0" xlink:arcrole="http://xbrl.org/int/dim/arcrole/dimension-domain" xlink:from="loc_22" xlink:to="loc_23" xlink:type="arc"/>
		<link:loc xlink:href="../../full_ifrs-cor_2025-03-27.xsd#ifrs-full_WhollyUnfundedDefinedBenefitPlansMember" xlink:label="loc_24" xlink:type="locator"/>
		<link:definitionArc order="10.0" xlink:arcrole="http://xbrl.org/int/dim/arcrole/domain-member" xlink:from="loc_23" xlink:to="loc_24" xlink:type="arc"/>
		<link:loc xlink:href="../../full_ifrs-cor_2025-03-27.xsd#ifrs-full_MaturityDomain" xlink:label="loc_27" xlink:type="locator"/>
		<link:loc xlink:href="../../full_ifrs-cor_2025-03-27.xsd#ifrs-full_MaturityAxis" xlink:label="loc_26" xlink:type="locator"/>
		<link:definitionArc order="10.0" xlink:arcrole="http://xbrl.org/int/dim/arcrole/dimension-domain" xlink:from="loc_26" xlink:to="loc_27" xlink:type="arc"/>
		<link:loc xlink:href="../../full_ifrs-cor_2025-03-27.xsd#ifrs-full_DescriptionOfTypeOfPlan" xlink:label="loc_29" xlink:type="locator"/>
		<link:loc xlink:href="../../full_ifrs-cor_2025-03-27.xsd#ifrs-full_DisclosureOfDefinedBenefitPlansLineItems" xlink:label="loc_28" xlink:type="locator"/>
		<link:definitionArc order="10.0" xlink:arcrole="http://xbrl.org/int/dim/arcrole/domain-member" xlink:from="loc_28" xlink:to="loc_29" xlink:type="arc"/>
		<link:loc xlink:href="../../full_ifrs-cor_2025-03-27.xsd#ifrs-full_DescriptionOfNatureOfBenefitsProvidedByPlan" xlink:label="loc_30" xlink:type="locator"/>
		<link:definitionArc order="10.0" xlink:arcrole="http://xbrl.org/int/dim/arcrole/domain-member" xlink:from="loc_29" xlink:to="loc_30" xlink:type="arc"/>
		<link:loc xlink:href="../../full_ifrs-cor_2025-03-27.xsd#ifrs-full_DefinedBenefitObligationAtPresentValue" xlink:label="loc_38" xlink:type="locator"/>
		<link:loc xlink:href="../../full_ifrs-cor_2025-03-27.xsd#ifrs-full_SurplusDeficitInPlanAbstract" xlink:label="loc_37" xlink:type="locator"/>
		<link:definitionArc order="10.0" xlink:arcrole="http://xbrl.org/int/dim/arcrole/domain-member" xlink:from="loc_37" xlink:to="loc_38" xlink:type="arc"/>
		<link:loc xlink:href="../../full_ifrs-cor_2025-03-27.xsd#ifrs-full_AdministrationCostsNotReflectedInReturnOnPlanAssetsDefinedBenefitPlans" xlink:label="loc_42" xlink:type="locator"/>
		<link:loc xlink:href="../../full_ifrs-cor_2025-03-27.xsd#ifrs-full_PostemploymentBenefitExpenseDefinedBenefitPlansAbstract" xlink:label="loc_41" xlink:type="locator"/>
		<link:definitionArc order="10.0" xlink:arcrole="http://xbrl.org/int/dim/arcrole/domain-member" xlink:from="loc_41" xlink:to="loc_42" xlink:type="arc"/>
		<link:loc xlink:href="../../full_ifrs-cor_2025-03-27.xsd#ifrs-full_InterestExpenseDefinedBenefitPlans" xlink:label="loc_45" xlink:type="locator"/>
		<link:loc xlink:href="../../full_ifrs-cor_2025-03-27.xsd#ifrs-full_InterestExpenseIncomeDefinedBenefitPlansAbstract" xlink:label="loc_44" xlink:type="locator"/>
		<link:definitionArc order="10.0" xlink:arcrole="http://xbrl.org/int/dim/arcrole/domain-member" xlink:from="loc_44" xlink:to="loc_45" xlink:type="arc"/>
		<link:loc xlink:href="../../full_ifrs-cor_2025-03-27.xsd#ifrs-full_PastServiceCostDefinedBenefitPlans" xlink:label="loc_49" xlink:type="locator"/>
		<link:loc xlink:href="../../full_ifrs-cor_2025-03-27.xsd#ifrs-full_PastServiceCostAndLossesGainsArisingFromSettlementsDefinedBenefitPlansAbstract" xlink:label="loc_48" xlink:type="locator"/>
		<link:definitionArc order="10.0" xlink:arcrole="http://xbrl.org/int/dim/arcrole/domain-member" xlink:from="loc_48" xlink:to="loc_49" xlink:type="arc"/>
		<link:loc xlink:href="../../full_ifrs-cor_2025-03-27.xsd#ifrs-full_ReturnOnPlanAssetsExcludingInterestIncomeOrExpenseNetOfTaxDefinedBenefitPlans" xlink:label="loc_54" xlink:type="locator"/>
		<link:loc xlink:href="../../full_ifrs-cor_2025-03-27.xsd#ifrs-full_OtherComprehensiveIncomeNetOfTaxGainsLossesOnRemeasurementsOfDefinedBenefitPlansAbstract" xlink:label="loc_53" xlink:type="locator"/>
		<link:definitionArc order="10.0" xlink:arcrole="http://xbrl.org/int/dim/arcrole/domain-member" xlink:from="loc_53" xlink:to="loc_54" xlink:type="arc"/>
		<link:loc xlink:href="../../full_ifrs-cor_2025-03-27.xsd#ifrs-full_ReturnOnPlanAssetsExcludingInterestIncomeOrExpenseBeforeTaxDefinedBenefitPlans" xlink:label="loc_61" xlink:type="locator"/>
		<link:loc xlink:href="../../full_ifrs-cor_2025-03-27.xsd#ifrs-full_OtherComprehensiveIncomeBeforeTaxGainsLossesOnRemeasurementsOfDefinedBenefitPlansAbstract" xlink:label="loc_60" xlink:type="locator"/>
		<link:definitionArc order="10.0" xlink:arcrole="http://xbrl.org/int/dim/arcrole/domain-member" xlink:from="loc_60" xlink:to="loc_61" xlink:type="arc"/>
		<link:loc xlink:href="../../full_ifrs-cor_2025-03-27.xsd#ifrs-full_WeightedAverageDurationOfDefinedBenefitObligation2019" xlink:label="loc_76" xlink:type="locator"/>
		<link:loc xlink:href="../../full_ifrs-cor_2025-03-27.xsd#ifrs-full_DisclosureOfInformationAboutMaturityProfileOfDefinedBenefitObligationExplanatory" xlink:label="loc_75" xlink:type="locator"/>
		<link:definitionArc order="10.0" xlink:arcrole="http://xbrl.org/int/dim/arcrole/domain-member" xlink:from="loc_75" xlink:to="loc_76" xlink:type="arc"/>
		<link:loc xlink:href="../../full_ifrs-cor_2025-03-27.xsd#ifrs-full_MultiemployerOrStatePlanIsDefinedBenefitPlan" xlink:label="loc_82" xlink:type="locator"/>
		<link:loc xlink:href="../../full_ifrs-cor_2025-03-27.xsd#ifrs-full_DescriptionOfFactThatMultiemployerPlanIsDefinedBenefitPlan" xlink:label="loc_81" xlink:type="locator"/>
		<link:definitionArc order="10.0" xlink:arcrole="http://xbrl.org/int/dim/arcrole/domain-member" xlink:from="loc_81" xlink:to="loc_82" xlink:type="arc"/>
		<link:loc xlink:href="../../full_ifrs-cor_2025-03-27.xsd#ifrs-full_ActuarialAssumptionOfDiscountRates" xlink:label="loc_92" xlink:type="locator"/>
		<link:loc xlink:href="../../full_ifrs-cor_2025-03-27.xsd#ifrs-full_DisclosureOfSignificantActuarialAssumptionsUsedToDeterminePresentValueOfDefinedBenefitObligationExplanatory" xlink:label="loc_91" xlink:type="locator"/>
		<link:definitionArc order="10.0" xlink:arcrole="http://xbrl.org/int/dim/arcrole/domain-member" xlink:from="loc_91" xlink:to="loc_92" xlink:type="arc"/>
		<link:definitionArc order="20.0" xlink:arcrole="http://xbrl.org/int/dim/arcrole/domain-member" xlink:from="loc_1" xlink:to="loc_28" xlink:type="arc"/>
		<link:loc xlink:href="../../full_ifrs-cor_2025-03-27.xsd#ifrs-full_MultiemployerDefinedBenefitPlansMember" xlink:label="loc_6" xlink:type="locator"/>
		<link:definitionArc order="20.0" xlink:arcrole="http://xbrl.org/int/dim/arcrole/domain-member" xlink:from="loc_4" xlink:to="loc_6" xlink:type="arc"/>
		<link:definitionArc order="20.0" xlink:arcrole="http://xbrl.org/int/dim/arcrole/hypercube-dimension" xlink:from="loc_2" xlink:to="loc_9" xlink:type="arc"/>
		<link:loc xlink:href="../../full_ifrs-cor_2025-03-27.xsd#ifrs-full_FinalSalaryPensionDefinedBenefitPlansMember" xlink:label="loc_15" xlink:type="locator"/>
		<link:definitionArc order="20.0" xlink:arcrole="http://xbrl.org/int/dim/arcrole/domain-member" xlink:from="loc_13" xlink:to="loc_15" xlink:type="arc"/>
		<link:loc xlink:href="../../full_ifrs-cor_2025-03-27.xsd#ifrs-full_PostemploymentMedicalDefinedBenefitPlansMember" xlink:label="loc_16" xlink:type="locator"/>
		<link:definitionArc order="20.0" xlink:arcrole="http://xbrl.org/int/dim/arcrole/domain-member" xlink:from="loc_12" xlink:to="loc_16" xlink:type="arc"/>
		<link:loc xlink:href="../../full_ifrs-cor_2025-03-27.xsd#ifrs-full_WhollyOrPartlyFundedDefinedBenefitPlansMember" xlink:label="loc_25" xlink:type="locator"/>
		<link:definitionArc order="20.0" xlink:arcrole="http://xbrl.org/int/dim/arcrole/domain-member" xlink:from="loc_23" xlink:to="loc_25" xlink:type="arc"/>
		<link:loc xlink:href="../../full_ifrs-cor_2025-03-27.xsd#ifrs-full_DescriptionOfRegulatoryFrameworkInWhichPlanOperates" xlink:label="loc_31" xlink:type="locator"/>
		<link:definitionArc order="20.0" xlink:arcrole="http://xbrl.org/int/dim/arcrole/domain-member" xlink:from="loc_29" xlink:to="loc_31" xlink:type="arc"/>
		<link:loc xlink:href="../../full_ifrs-cor_2025-03-27.xsd#ifrs-full_DescriptionOfRisksToWhichPlanExposesEntity" xlink:label="loc_34" xlink:type="locator"/>
		<link:definitionArc order="20.0" xlink:arcrole="http://xbrl.org/int/dim/arcrole/domain-member" xlink:from="loc_28" xlink:to="loc_34" xlink:type="arc"/>
		<link:loc xlink:href="../../full_ifrs-cor_2025-03-27.xsd#ifrs-full_PlanAssetsAtFairValue" xlink:label="loc_39" xlink:type="locator"/>
		<link:definitionArc order="20.0" xlink:arcrole="http://xbrl.org/int/dim/arcrole/domain-member" xlink:from="loc_37" xlink:to="loc_39" xlink:type="arc"/>
		<link:loc xlink:href="../../full_ifrs-cor_2025-03-27.xsd#ifrs-full_CurrentServiceCostDefinedBenefitPlans" xlink:label="loc_43" xlink:type="locator"/>
		<link:definitionArc order="20.0" xlink:arcrole="http://xbrl.org/int/dim/arcrole/domain-member" xlink:from="loc_41" xlink:to="loc_43" xlink:type="arc"/>
		<link:loc xlink:href="../../full_ifrs-cor_2025-03-27.xsd#ifrs-full_InterestIncomeDefinedBenefitPlans" xlink:label="loc_46" xlink:type="locator"/>
		<link:definitionArc order="20.0" xlink:arcrole="http://xbrl.org/int/dim/arcrole/domain-member" xlink:from="loc_44" xlink:to="loc_46" xlink:type="arc"/>
		<link:loc xlink:href="../../full_ifrs-cor_2025-03-27.xsd#ifrs-full_GainsLossesArisingFromSettlementsDefinedBenefitPlans" xlink:label="loc_50" xlink:type="locator"/>
		<link:definitionArc order="20.0" xlink:arcrole="http://xbrl.org/int/dim/arcrole/domain-member" xlink:from="loc_48" xlink:to="loc_50" xlink:type="arc"/>
		<link:loc xlink:href="../../full_ifrs-cor_2025-03-27.xsd#ifrs-full_ActuarialGainsLossesArisingFromChangesInDemographicAssumptionsNetOfTaxDefinedBenefitPlans" xlink:label="loc_55" xlink:type="locator"/>
		<link:definitionArc order="20.0" xlink:arcrole="http://xbrl.org/int/dim/arcrole/domain-member" xlink:from="loc_53" xlink:to="loc_55" xlink:type="arc"/>
		<link:loc xlink:href="../../full_ifrs-cor_2025-03-27.xsd#ifrs-full_ActuarialGainsLossesArisingFromChangesInDemographicAssumptionsBeforeTaxDefinedBenefitPlans" xlink:label="loc_62" xlink:type="locator"/>
		<link:definitionArc order="20.0" xlink:arcrole="http://xbrl.org/int/dim/arcrole/domain-member" xlink:from="loc_60" xlink:to="loc_62" xlink:type="arc"/>
		<link:loc xlink:href="../../full_ifrs-cor_2025-03-27.xsd#ifrs-full_EstimateOfBenefitPaymentsExpectedToBePaidFromDefinedBenefitPlan" xlink:label="loc_77" xlink:type="locator"/>
		<link:definitionArc order="20.0" xlink:arcrole="http://xbrl.org/int/dim/arcrole/domain-member" xlink:from="loc_75" xlink:to="loc_77" xlink:type="arc"/>
		<link:loc xlink:href="../../full_ifrs-cor_2025-03-27.xsd#ifrs-full_ActuarialAssumptionOfExpectedRatesOfSalaryIncreases" xlink:label="loc_93" xlink:type="locator"/>
		<link:definitionArc order="20.0" xlink:arcrole="http://xbrl.org/int/dim/arcrole/domain-member" xlink:from="loc_91" xlink:to="loc_93" xlink:type="arc"/>
		<link:loc xlink:href="../../full_ifrs-cor_2025-03-27.xsd#ifrs-full_StateDefinedBenefitPlansMember" xlink:label="loc_7" xlink:type="locator"/>
		<link:definitionArc order="30.0" xlink:arcrole="http://xbrl.org/int/dim/arcrole/domain-member" xlink:from="loc_4" xlink:to="loc_7" xlink:type="arc"/>
		<link:definitionArc order="30.0" xlink:arcrole="http://xbrl.org/int/dim/arcrole/hypercube-dimension" xlink:from="loc_2" xlink:to="loc_11" xlink:type="arc"/>
		<link:loc xlink:href="../../full_ifrs-cor_2025-03-27.xsd#ifrs-full_DescriptionOfEffectOfRegulatoryFrameworkOnPlan" xlink:label="loc_32" xlink:type="locator"/>
		<link:definitionArc order="30.0" xlink:arcrole="http://xbrl.org/int/dim/arcrole/domain-member" xlink:from="loc_29" xlink:to="loc_32" xlink:type="arc"/>
		<link:loc xlink:href="../../full_ifrs-cor_2025-03-27.xsd#ifrs-full_DescriptionOfSignificantConcentrationsOfRiskRelatedToPlan" xlink:label="loc_35" xlink:type="locator"/>
		<link:definitionArc order="30.0" xlink:arcrole="http://xbrl.org/int/dim/arcrole/domain-member" xlink:from="loc_28" xlink:to="loc_35" xlink:type="arc"/>
		<link:loc xlink:href="../../full_ifrs-cor_2025-03-27.xsd#ifrs-full_SurplusDeficitInPlan" xlink:label="loc_40" xlink:type="locator"/>
		<link:definitionArc order="30.0" xlink:arcrole="http://xbrl.org/int/dim/arcrole/domain-member" xlink:from="loc_37" xlink:to="loc_40" xlink:type="arc"/>
		<link:definitionArc order="30.0" xlink:arcrole="http://xbrl.org/int/dim/arcrole/domain-member" xlink:from="loc_41" xlink:to="loc_44" xlink:type="arc"/>
		<link:loc xlink:href="../../full_ifrs-cor_2025-03-27.xsd#ifrs-full_InterestExpenseIncomeDefinedBenefitPlans" xlink:label="loc_47" xlink:type="locator"/>
		<link:definitionArc order="30.0" xlink:arcrole="http://xbrl.org/int/dim/arcrole/domain-member" xlink:from="loc_44" xlink:to="loc_47" xlink:type="arc"/>
		<link:loc xlink:href="../../full_ifrs-cor_2025-03-27.xsd#ifrs-full_PastServiceCostAndLossesGainsArisingFromSettlementsDefinedBenefitPlans" xlink:label="loc_51" xlink:type="locator"/>
		<link:definitionArc order="30.0" xlink:arcrole="http://xbrl.org/int/dim/arcrole/domain-member" xlink:from="loc_48" xlink:to="loc_51" xlink:type="arc"/>
		<link:loc xlink:href="../../full_ifrs-cor_2025-03-27.xsd#ifrs-full_ActuarialGainsLossesArisingFromChangesInFinancialAssumptionsNetOfTaxDefinedBenefitPlans" xlink:label="loc_56" xlink:type="locator"/>
		<link:definitionArc order="30.0" xlink:arcrole="http://xbrl.org/int/dim/arcrole/domain-member" xlink:from="loc_53" xlink:to="loc_56" xlink:type="arc"/>
		<link:loc xlink:href="../../full_ifrs-cor_2025-03-27.xsd#ifrs-full_ActuarialGainsLossesArisingFromChangesInFinancialAssumptionsBeforeTaxDefinedBenefitPlans" xlink:label="loc_63" xlink:type="locator"/>
		<link:definitionArc order="30.0" xlink:arcrole="http://xbrl.org/int/dim/arcrole/domain-member" xlink:from="loc_60" xlink:to="loc_63" xlink:type="arc"/>
		<link:loc xlink:href="../../full_ifrs-cor_2025-03-27.xsd#ifrs-full_ActuarialAssumptionOfMedicalCostTrendRates" xlink:label="loc_94" xlink:type="locator"/>
		<link:definitionArc order="30.0" xlink:arcrole="http://xbrl.org/int/dim/arcrole/domain-member" xlink:from="loc_91" xlink:to="loc_94" xlink:type="arc"/>
		<link:loc xlink:href="../../full_ifrs-cor_2025-03-27.xsd#ifrs-full_DefinedBenefitPlansThatShareRisksBetweenEntitiesUnderCommonControlMember" xlink:label="loc_8" xlink:type="locator"/>
		<link:definitionArc order="40.0" xlink:arcrole="http://xbrl.org/int/dim/arcrole/domain-member" xlink:from="loc_4" xlink:to="loc_8" xlink:type="arc"/>
		<link:definitionArc order="40.0" xlink:arcrole="http://xbrl.org/int/dim/arcrole/hypercube-dimension" xlink:from="loc_2" xlink:to="loc_17" xlink:type="arc"/>
		<link:loc xlink:href="../../full_ifrs-cor_2025-03-27.xsd#ifrs-full_DescriptionOfAnyOtherEntitysResponsibilitiesForGovernanceOfPlan" xlink:label="loc_33" xlink:type="locator"/>
		<link:definitionArc order="40.0" xlink:arcrole="http://xbrl.org/int/dim/arcrole/domain-member" xlink:from="loc_29" xlink:to="loc_33" xlink:type="arc"/>
		<link:loc xlink:href="../../full_ifrs-cor_2025-03-27.xsd#ifrs-full_DescriptionOfPlanAmendmentsCurtailmentsAndSettlements" xlink:label="loc_36" xlink:type="locator"/>
		<link:definitionArc order="40.0" xlink:arcrole="http://xbrl.org/int/dim/arcrole/domain-member" xlink:from="loc_28" xlink:to="loc_36" xlink:type="arc"/>
		<link:definitionArc order="40.0" xlink:arcrole="http://xbrl.org/int/dim/arcrole/domain-member" xlink:from="loc_41" xlink:to="loc_48" xlink:type="arc"/>
		<link:loc xlink:href="../../full_ifrs-cor_2025-03-27.xsd#ifrs-full_ActuarialGainsLossesArisingFromExperienceAdjustmentsNetOfTaxDefinedBenefitPlans" xlink:label="loc_57" xlink:type="locator"/>
		<link:definitionArc order="40.0" xlink:arcrole="http://xbrl.org/int/dim/arcrole/domain-member" xlink:from="loc_53" xlink:to="loc_57" xlink:type="arc"/>
		<link:loc xlink:href="../../full_ifrs-cor_2025-03-27.xsd#ifrs-full_ActuarialGainsLossesArisingFromExperienceAdjustmentsBeforeTaxDefinedBenefitPlans" xlink:label="loc_64" xlink:type="locator"/>
		<link:definitionArc order="40.0" xlink:arcrole="http://xbrl.org/int/dim/arcrole/domain-member" xlink:from="loc_60" xlink:to="loc_64" xlink:type="arc"/>
		<link:loc xlink:href="../../full_ifrs-cor_2025-03-27.xsd#ifrs-full_ActuarialAssumptionOfExpectedRatesOfPensionIncreases" xlink:label="loc_95" xlink:type="locator"/>
		<link:definitionArc order="40.0" xlink:arcrole="http://xbrl.org/int/dim/arcrole/domain-member" xlink:from="loc_91" xlink:to="loc_95" xlink:type="arc"/>
		<link:definitionArc order="50.0" xlink:arcrole="http://xbrl.org/int/dim/arcrole/hypercube-dimension" xlink:from="loc_2" xlink:to="loc_19" xlink:type="arc"/>
		<link:definitionArc order="50.0" xlink:arcrole="http://xbrl.org/int/dim/arcrole/domain-member" xlink:from="loc_28" xlink:to="loc_37" xlink:type="arc"/>
		<link:loc xlink:href="../../full_ifrs-cor_2025-03-27.xsd#ifrs-full_PostemploymentBenefitExpenseDefinedBenefitPlans" xlink:label="loc_52" xlink:type="locator"/>
		<link:definitionArc order="50.0" xlink:arcrole="http://xbrl.org/int/dim/arcrole/domain-member" xlink:from="loc_41" xlink:to="loc_52" xlink:type="arc"/>
		<link:loc xlink:href="../../full_ifrs-cor_2025-03-27.xsd#ifrs-full_GainsLossesOnChangesInEffectOfLimitingNetDefinedBenefitAssetToAssetCeilingExcludingInterestIncomeOrExpenseNetOfTaxDefinedBenefitPlans" xlink:label="loc_58" xlink:type="locator"/>
		<link:definitionArc order="50.0" xlink:arcrole="http://xbrl.org/int/dim/arcrole/domain-member" xlink:from="loc_53" xlink:to="loc_58" xlink:type="arc"/>
		<link:loc xlink:href="../../full_ifrs-cor_2025-03-27.xsd#ifrs-full_GainsLossesOnChangesInEffectOfLimitingNetDefinedBenefitAssetToAssetCeilingExcludingInterestIncomeOrExpenseBeforeTaxDefinedBenefitPlans" xlink:label="loc_65" xlink:type="locator"/>
		<link:definitionArc order="50.0" xlink:arcrole="http://xbrl.org/int/dim/arcrole/domain-member" xlink:from="loc_60" xlink:to="loc_65" xlink:type="arc"/>
		<link:loc xlink:href="../../full_ifrs-cor_2025-03-27.xsd#ifrs-full_ActuarialAssumptionOfExpectedRatesOfInflation" xlink:label="loc_96" xlink:type="locator"/>
		<link:definitionArc order="50.0" xlink:arcrole="http://xbrl.org/int/dim/arcrole/domain-member" xlink:from="loc_91" xlink:to="loc_96" xlink:type="arc"/>
		<link:definitionArc order="60.0" xlink:arcrole="http://xbrl.org/int/dim/arcrole/hypercube-dimension" xlink:from="loc_2" xlink:to="loc_22" xlink:type="arc"/>
		<link:definitionArc order="60.0" xlink:arcrole="http://xbrl.org/int/dim/arcrole/domain-member" xlink:from="loc_28" xlink:to="loc_41" xlink:type="arc"/>
		<link:loc xlink:href="../../full_ifrs-cor_2025-03-27.xsd#ifrs-full_OtherComprehensiveIncomeNetOfTaxGainsLossesOnRemeasurementsOfDefinedBenefitPlans" xlink:label="loc_59" xlink:type="locator"/>
		<link:definitionArc order="60.0" xlink:arcrole="http://xbrl.org/int/dim/arcrole/domain-member" xlink:from="loc_53" xlink:to="loc_59" xlink:type="arc"/>
		<link:loc xlink:href="../../full_ifrs-cor_2025-03-27.xsd#ifrs-full_OtherComprehensiveIncomeBeforeTaxGainsLossesOnRemeasurementsOfDefinedBenefitPlans" xlink:label="loc_66" xlink:type="locator"/>
		<link:definitionArc order="60.0" xlink:arcrole="http://xbrl.org/int/dim/arcrole/domain-member" xlink:from="loc_60" xlink:to="loc_66" xlink:type="arc"/>
		<link:loc xlink:href="../../full_ifrs-cor_2025-03-27.xsd#ifrs-full_ActuarialAssumptionOfMortalityRates" xlink:label="loc_97" xlink:type="locator"/>
		<link:definitionArc order="60.0" xlink:arcrole="http://xbrl.org/int/dim/arcrole/domain-member" xlink:from="loc_91" xlink:to="loc_97" xlink:type="arc"/>
		<link:definitionArc order="70.0" xlink:arcrole="http://xbrl.org/int/dim/arcrole/hypercube-dimension" xlink:from="loc_2" xlink:to="loc_26" xlink:type="arc"/>
		<link:definitionArc order="70.0" xlink:arcrole="http://xbrl.org/int/dim/arcrole/domain-member" xlink:from="loc_28" xlink:to="loc_53" xlink:type="arc"/>
		<link:loc xlink:href="../../full_ifrs-cor_2025-03-27.xsd#ifrs-full_ActuarialAssumptionOfRetirementAge2019" xlink:label="loc_98" xlink:type="locator"/>
		<link:definitionArc order="70.0" xlink:arcrole="http://xbrl.org/int/dim/arcrole/domain-member" xlink:from="loc_91" xlink:to="loc_98" xlink:type="arc"/>
		<link:definitionArc order="80.0" xlink:arcrole="http://xbrl.org/int/dim/arcrole/domain-member" xlink:from="loc_28" xlink:to="loc_60" xlink:type="arc"/>
		<link:loc xlink:href="../../full_ifrs-cor_2025-03-27.xsd#ifrs-full_ActuarialAssumptionOfLifeExpectancyAfterRetirement2019" xlink:label="loc_99" xlink:type="locator"/>
		<link:definitionArc order="80.0" xlink:arcrole="http://xbrl.org/int/dim/arcrole/domain-member" xlink:from="loc_91" xlink:to="loc_99" xlink:type="arc"/>
		<link:loc xlink:href="../../full_ifrs-cor_2025-03-27.xsd#ifrs-full_DescriptionOfLinkBetweenReimbursementRightAndRelatedObligation" xlink:label="loc_67" xlink:type="locator"/>
		<link:definitionArc order="90.0" xlink:arcrole="http://xbrl.org/int/dim/arcrole/domain-member" xlink:from="loc_28" xlink:to="loc_67" xlink:type="arc"/>
		<link:loc xlink:href="../../full_ifrs-cor_2025-03-27.xsd#ifrs-full_OtherMaterialActuarialAssumptions" xlink:label="loc_100" xlink:type="locator"/>
		<link:definitionArc order="90.0" xlink:arcrole="http://xbrl.org/int/dim/arcrole/domain-member" xlink:from="loc_91" xlink:to="loc_100" xlink:type="arc"/>
		<link:loc xlink:href="../../full_ifrs-cor_2025-03-27.xsd#ifrs-full_DescriptionOfHowEntityDeterminedMaximumEconomicBenefitAvailable" xlink:label="loc_68" xlink:type="locator"/>
		<link:definitionArc order="100.0" xlink:arcrole="http://xbrl.org/int/dim/arcrole/domain-member" xlink:from="loc_28" xlink:to="loc_68" xlink:type="arc"/>
		<link:loc xlink:href="../../full_ifrs-cor_2025-03-27.xsd#ifrs-full_DescriptionOfAmountsOfEntitysOwnFinancialInstrumentsIncludedInFairValueOfPlanAssets" xlink:label="loc_69" xlink:type="locator"/>
		<link:definitionArc order="110.0" xlink:arcrole="http://xbrl.org/int/dim/arcrole/domain-member" xlink:from="loc_28" xlink:to="loc_69" xlink:type="arc"/>
		<link:loc xlink:href="../../full_ifrs-cor_2025-03-27.xsd#ifrs-full_DescriptionOfAmountsOfPropertyOccupiedByEntityIncludedInFairValueOfPlanAssets" xlink:label="loc_70" xlink:type="locator"/>
		<link:definitionArc order="120.0" xlink:arcrole="http://xbrl.org/int/dim/arcrole/domain-member" xlink:from="loc_28" xlink:to="loc_70" xlink:type="arc"/>
		<link:loc xlink:href="../../full_ifrs-cor_2025-03-27.xsd#ifrs-full_DescriptionOfAmountsOfOtherAssetsUsedByEntityIncludedInFairValueOfPlanAssets" xlink:label="loc_71" xlink:type="locator"/>
		<link:definitionArc order="130.0" xlink:arcrole="http://xbrl.org/int/dim/arcrole/domain-member" xlink:from="loc_28" xlink:to="loc_71" xlink:type="arc"/>
		<link:definitionArc order="140.0" xlink:arcrole="http://xbrl.org/int/dim/arcrole/domain-member" xlink:from="loc_28" xlink:to="loc_91" xlink:type="arc"/>
		<link:loc xlink:href="../../full_ifrs-cor_2025-03-27.xsd#ifrs-full_DescriptionOfAssetliabilityMatchingStrategiesUsedByPlanOrEntityToManageRisk" xlink:label="loc_72" xlink:type="locator"/>
		<link:definitionArc order="150.0" xlink:arcrole="http://xbrl.org/int/dim/arcrole/domain-member" xlink:from="loc_28" xlink:to="loc_72" xlink:type="arc"/>
		<link:loc xlink:href="../../full_ifrs-cor_2025-03-27.xsd#ifrs-full_DescriptionOfFundingArrangementsAndFundingPolicyThatAffectFutureContributions" xlink:label="loc_73" xlink:type="locator"/>
		<link:definitionArc order="160.0" xlink:arcrole="http://xbrl.org/int/dim/arcrole/domain-member" xlink:from="loc_28" xlink:to="loc_73" xlink:type="arc"/>
		<link:loc xlink:href="../../full_ifrs-cor_2025-03-27.xsd#ifrs-full_EstimateOfContributionsExpectedToBePaidToPlan" xlink:label="loc_74" xlink:type="locator"/>
		<link:definitionArc order="170.0" xlink:arcrole="http://xbrl.org/int/dim/arcrole/domain-member" xlink:from="loc_28" xlink:to="loc_74" xlink:type="arc"/>
		<link:definitionArc order="180.0" xlink:arcrole="http://xbrl.org/int/dim/arcrole/domain-member" xlink:from="loc_28" xlink:to="loc_75" xlink:type="arc"/>
		<link:loc xlink:href="../../full_ifrs-cor_2025-03-27.xsd#ifrs-full_DescriptionOfExtentToWhichEntityCanBeLiableToMultiemployerOrStatePlanForOtherEntitiesObligations" xlink:label="loc_78" xlink:type="locator"/>
		<link:definitionArc order="190.0" xlink:arcrole="http://xbrl.org/int/dim/arcrole/domain-member" xlink:from="loc_28" xlink:to="loc_78" xlink:type="arc"/>
		<link:loc xlink:href="../../full_ifrs-cor_2025-03-27.xsd#ifrs-full_DescriptionOfAgreedAllocationOfDeficitOrSurplusOfMultiemployerOrStatePlanOnWindupOfPlan" xlink:label="loc_79" xlink:type="locator"/>
		<link:definitionArc order="200.0" xlink:arcrole="http://xbrl.org/int/dim/arcrole/domain-member" xlink:from="loc_28" xlink:to="loc_79" xlink:type="arc"/>
		<link:loc xlink:href="../../full_ifrs-cor_2025-03-27.xsd#ifrs-full_DescriptionOfAgreedAllocationOfDeficitOrSurplusOfMultiemployerOrStatePlanOnEntitysWithdrawalFromPlan" xlink:label="loc_80" xlink:type="locator"/>
		<link:definitionArc order="210.0" xlink:arcrole="http://xbrl.org/int/dim/arcrole/domain-member" xlink:from="loc_28" xlink:to="loc_80" xlink:type="arc"/>
		<link:definitionArc order="220.0" xlink:arcrole="http://xbrl.org/int/dim/arcrole/domain-member" xlink:from="loc_28" xlink:to="loc_81" xlink:type="arc"/>
		<link:loc xlink:href="../../full_ifrs-cor_2025-03-27.xsd#ifrs-full_DescriptionOfReasonWhySufficientInformationIsNotAvailableToAccountForMultiemployerPlanAsDefinedBenefitPlan" xlink:label="loc_83" xlink:type="locator"/>
		<link:definitionArc order="230.0" xlink:arcrole="http://xbrl.org/int/dim/arcrole/domain-member" xlink:from="loc_28" xlink:to="loc_83" xlink:type="arc"/>
		<link:loc xlink:href="../../full_ifrs-cor_2025-03-27.xsd#ifrs-full_DescriptionOfInformationAboutSurplusOrDeficitOfMultiemployerPlan" xlink:label="loc_84" xlink:type="locator"/>
		<link:definitionArc order="240.0" xlink:arcrole="http://xbrl.org/int/dim/arcrole/domain-member" xlink:from="loc_28" xlink:to="loc_84" xlink:type="arc"/>
		<link:loc xlink:href="../../full_ifrs-cor_2025-03-27.xsd#ifrs-full_DescriptionOfBasisUsedToDetermineSurplusOrDeficitOfMultiemployerPlan" xlink:label="loc_85" xlink:type="locator"/>
		<link:definitionArc order="250.0" xlink:arcrole="http://xbrl.org/int/dim/arcrole/domain-member" xlink:from="loc_28" xlink:to="loc_85" xlink:type="arc"/>
		<link:loc xlink:href="../../full_ifrs-cor_2025-03-27.xsd#ifrs-full_ImplicationsOfSurplusOrDeficitOnMultiemployerPlanForEntity" xlink:label="loc_86" xlink:type="locator"/>
		<link:definitionArc order="260.0" xlink:arcrole="http://xbrl.org/int/dim/arcrole/domain-member" xlink:from="loc_28" xlink:to="loc_86" xlink:type="arc"/>
		<link:loc xlink:href="../../full_ifrs-cor_2025-03-27.xsd#ifrs-full_LevelOfParticipationOfEntityComparedWithOtherParticipatingEntities" xlink:label="loc_87" xlink:type="locator"/>
		<link:definitionArc order="270.0" xlink:arcrole="http://xbrl.org/int/dim/arcrole/domain-member" xlink:from="loc_28" xlink:to="loc_87" xlink:type="arc"/>
		<link:loc xlink:href="../../full_ifrs-cor_2025-03-27.xsd#ifrs-full_DescriptionOfContractualAgreementOrStatedPolicyForChargingNetDefinedBenefitCost" xlink:label="loc_88" xlink:type="locator"/>
		<link:definitionArc order="280.0" xlink:arcrole="http://xbrl.org/int/dim/arcrole/domain-member" xlink:from="loc_28" xlink:to="loc_88" xlink:type="arc"/>
		<link:loc xlink:href="../../full_ifrs-cor_2025-03-27.xsd#ifrs-full_DescriptionOfPolicyForDeterminingContributionOfDefinedBenefitPlansThatShareRisksBetweenVariousEntities" xlink:label="loc_89" xlink:type="locator"/>
		<link:definitionArc order="290.0" xlink:arcrole="http://xbrl.org/int/dim/arcrole/domain-member" xlink:from="loc_28" xlink:to="loc_89" xlink:type="arc"/>
		<link:loc xlink:href="../../full_ifrs-cor_2025-03-27.xsd#ifrs-full_DescriptionOfCrossreferenceToDisclosuresAboutPlansThatShareRisksBetweenEntitiesUnderCommonControlInAnotherGroupEntitysFinancialStatements" xlink:label="loc_90" xlink:type="locator"/>
		<link:definitionArc order="300.0" xlink:arcrole="http://xbrl.org/int/dim/arcrole/domain-member" xlink:from="loc_28" xlink:to="loc_90" xlink:type="arc"/>
	</link:definitionLink>
	<link:definitionLink xlink:role="https://xbrl.ifrs.org/role/ifrs/ias_19_2025-03-27_role-834480a" xlink:type="extended">
		<link:loc xlink:href="../../full_ifrs-cor_2025-03-27.xsd#ifrs-full_DisclosureOfNetDefinedBenefitLiabilityAssetTable" xlink:label="loc_2" xlink:type="locator"/>
		<link:loc xlink:href="../../full_ifrs-cor_2025-03-27.xsd#ifrs-full_DisclosureOfNetDefinedBenefitLiabilityAssetAbstract" xlink:label="loc_1" xlink:type="locator"/>
		<link:definitionArc order="10.0" xbrldt:closed="true" xbrldt:contextElement="scenario" xlink:arcrole="http://xbrl.org/int/dim/arcrole/all" xlink:from="loc_1" xlink:to="loc_2" xlink:type="arc"/>
		<link:loc xlink:href="../../full_ifrs-cor_2025-03-27.xsd#ifrs-full_DefinedBenefitPlansAxis" xlink:label="loc_3" xlink:type="locator"/>
		<link:definitionArc order="10.0" xlink:arcrole="http://xbrl.org/int/dim/arcrole/hypercube-dimension" xlink:from="loc_2" xlink:to="loc_3" xlink:type="arc"/>
		<link:loc xlink:href="../../full_ifrs-cor_2025-03-27.xsd#ifrs-full_DefinedBenefitPlansDomain" xlink:label="loc_4" xlink:type="locator"/>
		<link:definitionArc order="10.0" xlink:arcrole="http://xbrl.org/int/dim/arcrole/dimension-domain" xlink:from="loc_3" xlink:to="loc_4" xlink:type="arc"/>
		<link:loc xlink:href="../../full_ifrs-cor_2025-03-27.xsd#ifrs-full_DefinedBenefitPlansOtherThanMultiemployerPlansStatePlansAndPlansThatShareRisksBetweenEntitiesUnderCommonControlMember" xlink:label="loc_5" xlink:type="locator"/>
		<link:definitionArc order="10.0" xlink:arcrole="http://xbrl.org/int/dim/arcrole/domain-member" xlink:from="loc_4" xlink:to="loc_5" xlink:type="arc"/>
		<link:loc xlink:href="../../full_ifrs-cor_2025-03-27.xsd#ifrs-full_GeographicalAreasDomain" xlink:label="loc_10" xlink:type="locator"/>
		<link:loc xlink:href="../../full_ifrs-cor_2025-03-27.xsd#ifrs-full_GeographicalAreasAxis" xlink:label="loc_9" xlink:type="locator"/>
		<link:definitionArc order="10.0" xlink:arcrole="http://xbrl.org/int/dim/arcrole/dimension-domain" xlink:from="loc_9" xlink:to="loc_10" xlink:type="arc"/>
		<link:loc xlink:href="../../full_ifrs-cor_2025-03-27.xsd#ifrs-full_CharacteristicsOfDefinedBenefitPlansDomain" xlink:label="loc_12" xlink:type="locator"/>
		<link:loc xlink:href="../../full_ifrs-cor_2025-03-27.xsd#ifrs-full_CharacteristicsOfDefinedBenefitPlansAxis" xlink:label="loc_11" xlink:type="locator"/>
		<link:definitionArc order="10.0" xlink:arcrole="http://xbrl.org/int/dim/arcrole/dimension-domain" xlink:from="loc_11" xlink:to="loc_12" xlink:type="arc"/>
		<link:loc xlink:href="../../full_ifrs-cor_2025-03-27.xsd#ifrs-full_PensionDefinedBenefitPlansMember" xlink:label="loc_13" xlink:type="locator"/>
		<link:definitionArc order="10.0" xlink:arcrole="http://xbrl.org/int/dim/arcrole/domain-member" xlink:from="loc_12" xlink:to="loc_13" xlink:type="arc"/>
		<link:loc xlink:href="../../full_ifrs-cor_2025-03-27.xsd#ifrs-full_FlatSalaryPensionDefinedBenefitPlansMember" xlink:label="loc_14" xlink:type="locator"/>
		<link:definitionArc order="10.0" xlink:arcrole="http://xbrl.org/int/dim/arcrole/domain-member" xlink:from="loc_13" xlink:to="loc_14" xlink:type="arc"/>
		<link:loc xlink:href="../../full_ifrs-cor_2025-03-27.xsd#ifrs-full_RegulatoryEnvironmentsDomain" xlink:label="loc_18" xlink:type="locator"/>
		<link:loc xlink:href="../../full_ifrs-cor_2025-03-27.xsd#ifrs-full_RegulatoryEnvironmentsAxis" xlink:label="loc_17" xlink:type="locator"/>
		<link:definitionArc order="10.0" xlink:arcrole="http://xbrl.org/int/dim/arcrole/dimension-domain" xlink:from="loc_17" xlink:to="loc_18" xlink:type="arc"/>
		<link:loc xlink:href="../../full_ifrs-cor_2025-03-27.xsd#ifrs-full_SegmentsDomain" xlink:label="loc_20" xlink:type="locator"/>
		<link:loc xlink:href="../../full_ifrs-cor_2025-03-27.xsd#ifrs-full_SegmentsAxis" xlink:label="loc_19" xlink:type="locator"/>
		<link:definitionArc order="10.0" xlink:arcrole="http://xbrl.org/int/dim/arcrole/dimension-domain" xlink:from="loc_19" xlink:to="loc_20" xlink:type="arc"/>
		<link:loc xlink:href="../../full_ifrs-cor_2025-03-27.xsd#ifrs-full_ReportableSegmentsMember" xlink:label="loc_21" xlink:type="locator"/>
		<link:definitionArc order="10.0" xlink:arcrole="http://xbrl.org/int/dim/arcrole/domain-member" xlink:from="loc_20" xlink:to="loc_21" xlink:type="arc"/>
		<link:loc xlink:href="../../full_ifrs-cor_2025-03-27.xsd#ifrs-full_FundingArrangementsOfDefinedBenefitPlansDomain" xlink:label="loc_23" xlink:type="locator"/>
		<link:loc xlink:href="../../full_ifrs-cor_2025-03-27.xsd#ifrs-full_FundingArrangementsOfDefinedBenefitPlansAxis" xlink:label="loc_22" xlink:type="locator"/>
		<link:definitionArc order="10.0" xlink:arcrole="http://xbrl.org/int/dim/arcrole/dimension-domain" xlink:from="loc_22" xlink:to="loc_23" xlink:type="arc"/>
		<link:loc xlink:href="../../full_ifrs-cor_2025-03-27.xsd#ifrs-full_WhollyUnfundedDefinedBenefitPlansMember" xlink:label="loc_24" xlink:type="locator"/>
		<link:definitionArc order="10.0" xlink:arcrole="http://xbrl.org/int/dim/arcrole/domain-member" xlink:from="loc_23" xlink:to="loc_24" xlink:type="arc"/>
		<link:loc xlink:href="../../full_ifrs-cor_2025-03-27.xsd#ifrs-full_NetDefinedBenefitLiabilityAssetDomain" xlink:label="loc_27" xlink:type="locator"/>
		<link:loc xlink:href="../../full_ifrs-cor_2025-03-27.xsd#ifrs-full_NetDefinedBenefitLiabilityAssetAxis" xlink:label="loc_26" xlink:type="locator"/>
		<link:definitionArc order="10.0" xlink:arcrole="http://xbrl.org/int/dim/arcrole/dimension-domain" xlink:from="loc_26" xlink:to="loc_27" xlink:type="arc"/>
		<link:loc xlink:href="../../full_ifrs-cor_2025-03-27.xsd#ifrs-full_PresentValueOfDefinedBenefitObligationMember" xlink:label="loc_28" xlink:type="locator"/>
		<link:definitionArc order="10.0" xlink:arcrole="http://xbrl.org/int/dim/arcrole/domain-member" xlink:from="loc_27" xlink:to="loc_28" xlink:type="arc"/>
		<link:loc xlink:href="../../full_ifrs-cor_2025-03-27.xsd#ifrs-full_ChangesInNetDefinedBenefitLiabilityAssetResultingFromExpenseIncomeInProfitOrLossAbstract" xlink:label="loc_34" xlink:type="locator"/>
		<link:loc xlink:href="../../full_ifrs-cor_2025-03-27.xsd#ifrs-full_ChangesInNetDefinedBenefitLiabilityAssetAbstract" xlink:label="loc_33" xlink:type="locator"/>
		<link:definitionArc order="10.0" xlink:arcrole="http://xbrl.org/int/dim/arcrole/domain-member" xlink:from="loc_33" xlink:to="loc_34" xlink:type="arc"/>
		<link:loc xlink:href="../../full_ifrs-cor_2025-03-27.xsd#ifrs-full_IncreaseDecreaseInNetDefinedBenefitLiabilityAssetResultingFromAdministrationCostsNotReflectedInReturnOnPlanAssets" xlink:label="loc_35" xlink:type="locator"/>
		<link:definitionArc order="10.0" xlink:arcrole="http://xbrl.org/int/dim/arcrole/domain-member" xlink:from="loc_34" xlink:to="loc_35" xlink:type="arc"/>
		<link:loc xlink:href="../../full_ifrs-cor_2025-03-27.xsd#ifrs-full_PastServiceCostNetDefinedBenefitLiabilityAsset" xlink:label="loc_39" xlink:type="locator"/>
		<link:loc xlink:href="../../full_ifrs-cor_2025-03-27.xsd#ifrs-full_PastServiceCostAndGainsLossesArisingFromSettlementsNetDefinedBenefitLiabilityAssetAbstract" xlink:label="loc_38" xlink:type="locator"/>
		<link:definitionArc order="10.0" xlink:arcrole="http://xbrl.org/int/dim/arcrole/domain-member" xlink:from="loc_38" xlink:to="loc_39" xlink:type="arc"/>
		<link:loc xlink:href="../../full_ifrs-cor_2025-03-27.xsd#ifrs-full_ReturnOnPlanAssetsNetDefinedBenefitLiabilityAsset" xlink:label="loc_44" xlink:type="locator"/>
		<link:loc xlink:href="../../full_ifrs-cor_2025-03-27.xsd#ifrs-full_GainLossOnRemeasurementOfNetDefinedBenefitLiabilityAssetAbstract" xlink:label="loc_43" xlink:type="locator"/>
		<link:definitionArc order="10.0" xlink:arcrole="http://xbrl.org/int/dim/arcrole/domain-member" xlink:from="loc_43" xlink:to="loc_44" xlink:type="arc"/>
		<link:loc xlink:href="../../full_ifrs-cor_2025-03-27.xsd#ifrs-full_IncreaseDecreaseThroughChangesInForeignExchangeRatesNetDefinedBenefitLiabilityAsset" xlink:label="loc_51" xlink:type="locator"/>
		<link:loc xlink:href="../../full_ifrs-cor_2025-03-27.xsd#ifrs-full_ChangesInNetDefinedBenefitLiabilityAssetResultingFromMiscellaneousOtherChangesAbstract" xlink:label="loc_50" xlink:type="locator"/>
		<link:definitionArc order="10.0" xlink:arcrole="http://xbrl.org/int/dim/arcrole/domain-member" xlink:from="loc_50" xlink:to="loc_51" xlink:type="arc"/>
		<link:loc xlink:href="../../full_ifrs-cor_2025-03-27.xsd#ifrs-full_ContributionsToPlanByEmployerNetDefinedBenefitLiabilityAsset" xlink:label="loc_53" xlink:type="locator"/>
		<link:loc xlink:href="../../full_ifrs-cor_2025-03-27.xsd#ifrs-full_ContributionsToPlanNetDefinedBenefitLiabilityAssetAbstract" xlink:label="loc_52" xlink:type="locator"/>
		<link:definitionArc order="10.0" xlink:arcrole="http://xbrl.org/int/dim/arcrole/domain-member" xlink:from="loc_52" xlink:to="loc_53" xlink:type="arc"/>
		<link:loc xlink:href="../../full_ifrs-cor_2025-03-27.xsd#ifrs-full_PaymentsInRespectOfSettlementsNetDefinedBenefitLiabilityAsset" xlink:label="loc_57" xlink:type="locator"/>
		<link:loc xlink:href="../../full_ifrs-cor_2025-03-27.xsd#ifrs-full_PaymentsFromPlanNetDefinedBenefitLiabilityAsset" xlink:label="loc_56" xlink:type="locator"/>
		<link:definitionArc order="10.0" xlink:arcrole="http://xbrl.org/int/dim/arcrole/domain-member" xlink:from="loc_56" xlink:to="loc_57" xlink:type="arc"/>
		<link:loc xlink:href="../../full_ifrs-cor_2025-03-27.xsd#ifrs-full_DisclosureOfNetDefinedBenefitLiabilityAssetLineItems" xlink:label="loc_31" xlink:type="locator"/>
		<link:definitionArc order="10.0" xlink:arcrole="http://xbrl.org/int/dim/arcrole/domain-member" xlink:from="loc_31" xlink:to="loc_33" xlink:type="arc"/>
		<link:definitionArc order="20.0" xlink:arcrole="http://xbrl.org/int/dim/arcrole/domain-member" xlink:from="loc_1" xlink:to="loc_31" xlink:type="arc"/>
		<link:loc xlink:href="../../full_ifrs-cor_2025-03-27.xsd#ifrs-full_MultiemployerDefinedBenefitPlansMember" xlink:label="loc_6" xlink:type="locator"/>
		<link:definitionArc order="20.0" xlink:arcrole="http://xbrl.org/int/dim/arcrole/domain-member" xlink:from="loc_4" xlink:to="loc_6" xlink:type="arc"/>
		<link:definitionArc order="20.0" xlink:arcrole="http://xbrl.org/int/dim/arcrole/hypercube-dimension" xlink:from="loc_2" xlink:to="loc_9" xlink:type="arc"/>
		<link:loc xlink:href="../../full_ifrs-cor_2025-03-27.xsd#ifrs-full_FinalSalaryPensionDefinedBenefitPlansMember" xlink:label="loc_15" xlink:type="locator"/>
		<link:definitionArc order="20.0" xlink:arcrole="http://xbrl.org/int/dim/arcrole/domain-member" xlink:from="loc_13" xlink:to="loc_15" xlink:type="arc"/>
		<link:loc xlink:href="../../full_ifrs-cor_2025-03-27.xsd#ifrs-full_PostemploymentMedicalDefinedBenefitPlansMember" xlink:label="loc_16" xlink:type="locator"/>
		<link:definitionArc order="20.0" xlink:arcrole="http://xbrl.org/int/dim/arcrole/domain-member" xlink:from="loc_12" xlink:to="loc_16" xlink:type="arc"/>
		<link:loc xlink:href="../../full_ifrs-cor_2025-03-27.xsd#ifrs-full_WhollyOrPartlyFundedDefinedBenefitPlansMember" xlink:label="loc_25" xlink:type="locator"/>
		<link:definitionArc order="20.0" xlink:arcrole="http://xbrl.org/int/dim/arcrole/domain-member" xlink:from="loc_23" xlink:to="loc_25" xlink:type="arc"/>
		<link:loc xlink:href="../../full_ifrs-cor_2025-03-27.xsd#ifrs-full_PlanAssetsMember" xlink:label="loc_29" xlink:type="locator"/>
		<link:definitionArc order="20.0" xlink:arcrole="http://xbrl.org/int/dim/arcrole/domain-member" xlink:from="loc_27" xlink:to="loc_29" xlink:type="arc"/>
		<link:loc xlink:href="../../full_ifrs-cor_2025-03-27.xsd#ifrs-full_CurrentServiceCostNetDefinedBenefitLiabilityAsset" xlink:label="loc_36" xlink:type="locator"/>
		<link:definitionArc order="20.0" xlink:arcrole="http://xbrl.org/int/dim/arcrole/domain-member" xlink:from="loc_34" xlink:to="loc_36" xlink:type="arc"/>
		<link:loc xlink:href="../../full_ifrs-cor_2025-03-27.xsd#ifrs-full_GainsLossesArisingFromSettlementsNetDefinedBenefitLiabilityAsset" xlink:label="loc_40" xlink:type="locator"/>
		<link:definitionArc order="20.0" xlink:arcrole="http://xbrl.org/int/dim/arcrole/domain-member" xlink:from="loc_38" xlink:to="loc_40" xlink:type="arc"/>
		<link:definitionArc order="20.0" xlink:arcrole="http://xbrl.org/int/dim/arcrole/domain-member" xlink:from="loc_33" xlink:to="loc_43" xlink:type="arc"/>
		<link:loc xlink:href="../../full_ifrs-cor_2025-03-27.xsd#ifrs-full_ActuarialGainsLossesArisingFromChangesInDemographicAssumptionsNetDefinedBenefitLiabilityAsset" xlink:label="loc_45" xlink:type="locator"/>
		<link:definitionArc order="20.0" xlink:arcrole="http://xbrl.org/int/dim/arcrole/domain-member" xlink:from="loc_43" xlink:to="loc_45" xlink:type="arc"/>
		<link:definitionArc order="20.0" xlink:arcrole="http://xbrl.org/int/dim/arcrole/domain-member" xlink:from="loc_50" xlink:to="loc_52" xlink:type="arc"/>
		<link:loc xlink:href="../../full_ifrs-cor_2025-03-27.xsd#ifrs-full_ContributionsToPlanByPlanParticipantsNetDefinedBenefitLiabilityAsset" xlink:label="loc_54" xlink:type="locator"/>
		<link:definitionArc order="20.0" xlink:arcrole="http://xbrl.org/int/dim/arcrole/domain-member" xlink:from="loc_52" xlink:to="loc_54" xlink:type="arc"/>
		<link:loc xlink:href="../../full_ifrs-cor_2025-03-27.xsd#ifrs-full_LiabilityAssetOfDefinedBenefitPlans" xlink:label="loc_32" xlink:type="locator"/>
		<link:definitionArc order="20.0" xlink:arcrole="http://xbrl.org/int/dim/arcrole/domain-member" xlink:from="loc_31" xlink:to="loc_32" xlink:type="arc"/>
		<link:loc xlink:href="../../full_ifrs-cor_2025-03-27.xsd#ifrs-full_StateDefinedBenefitPlansMember" xlink:label="loc_7" xlink:type="locator"/>
		<link:definitionArc order="30.0" xlink:arcrole="http://xbrl.org/int/dim/arcrole/domain-member" xlink:from="loc_4" xlink:to="loc_7" xlink:type="arc"/>
		<link:definitionArc order="30.0" xlink:arcrole="http://xbrl.org/int/dim/arcrole/hypercube-dimension" xlink:from="loc_2" xlink:to="loc_11" xlink:type="arc"/>
		<link:loc xlink:href="../../full_ifrs-cor_2025-03-27.xsd#ifrs-full_EffectOfAssetCeilingMember" xlink:label="loc_30" xlink:type="locator"/>
		<link:definitionArc order="30.0" xlink:arcrole="http://xbrl.org/int/dim/arcrole/domain-member" xlink:from="loc_27" xlink:to="loc_30" xlink:type="arc"/>
		<link:loc xlink:href="../../full_ifrs-cor_2025-03-27.xsd#ifrs-full_InterestExpenseIncomeNetDefinedBenefitLiabilityAsset" xlink:label="loc_37" xlink:type="locator"/>
		<link:definitionArc order="30.0" xlink:arcrole="http://xbrl.org/int/dim/arcrole/domain-member" xlink:from="loc_34" xlink:to="loc_37" xlink:type="arc"/>
		<link:loc xlink:href="../../full_ifrs-cor_2025-03-27.xsd#ifrs-full_PastServiceCostAndGainsLossesArisingFromSettlementsNetDefinedBenefitLiabilityAsset" xlink:label="loc_41" xlink:type="locator"/>
		<link:definitionArc order="30.0" xlink:arcrole="http://xbrl.org/int/dim/arcrole/domain-member" xlink:from="loc_38" xlink:to="loc_41" xlink:type="arc"/>
		<link:loc xlink:href="../../full_ifrs-cor_2025-03-27.xsd#ifrs-full_ActuarialGainsLossesArisingFromChangesInFinancialAssumptionsNetDefinedBenefitLiabilityAsset" xlink:label="loc_46" xlink:type="locator"/>
		<link:definitionArc order="30.0" xlink:arcrole="http://xbrl.org/int/dim/arcrole/domain-member" xlink:from="loc_43" xlink:to="loc_46" xlink:type="arc"/>
		<link:definitionArc order="30.0" xlink:arcrole="http://xbrl.org/int/dim/arcrole/domain-member" xlink:from="loc_33" xlink:to="loc_50" xlink:type="arc"/>
		<link:loc xlink:href="../../full_ifrs-cor_2025-03-27.xsd#ifrs-full_ContributionsToPlanNetDefinedBenefitLiabilityAsset" xlink:label="loc_55" xlink:type="locator"/>
		<link:definitionArc order="30.0" xlink:arcrole="http://xbrl.org/int/dim/arcrole/domain-member" xlink:from="loc_52" xlink:to="loc_55" xlink:type="arc"/>
		<link:definitionArc order="30.0" xlink:arcrole="http://xbrl.org/int/dim/arcrole/domain-member" xlink:from="loc_50" xlink:to="loc_56" xlink:type="arc"/>
		<link:loc xlink:href="../../full_ifrs-cor_2025-03-27.xsd#ifrs-full_DefinedBenefitPlansThatShareRisksBetweenEntitiesUnderCommonControlMember" xlink:label="loc_8" xlink:type="locator"/>
		<link:definitionArc order="40.0" xlink:arcrole="http://xbrl.org/int/dim/arcrole/domain-member" xlink:from="loc_4" xlink:to="loc_8" xlink:type="arc"/>
		<link:definitionArc order="40.0" xlink:arcrole="http://xbrl.org/int/dim/arcrole/hypercube-dimension" xlink:from="loc_2" xlink:to="loc_17" xlink:type="arc"/>
		<link:definitionArc order="40.0" xlink:arcrole="http://xbrl.org/int/dim/arcrole/domain-member" xlink:from="loc_34" xlink:to="loc_38" xlink:type="arc"/>
		<link:loc xlink:href="../../full_ifrs-cor_2025-03-27.xsd#ifrs-full_ActuarialGainsLossesArisingFromExperienceAdjustmentsNetDefinedBenefitLiabilityAsset" xlink:label="loc_47" xlink:type="locator"/>
		<link:definitionArc order="40.0" xlink:arcrole="http://xbrl.org/int/dim/arcrole/domain-member" xlink:from="loc_43" xlink:to="loc_47" xlink:type="arc"/>
		<link:loc xlink:href="../../full_ifrs-cor_2025-03-27.xsd#ifrs-full_IncreaseDecreaseThroughBusinessCombinationsAndDisposalsNetDefinedBenefitLiabilityAsset" xlink:label="loc_58" xlink:type="locator"/>
		<link:definitionArc order="40.0" xlink:arcrole="http://xbrl.org/int/dim/arcrole/domain-member" xlink:from="loc_50" xlink:to="loc_58" xlink:type="arc"/>
		<link:loc xlink:href="../../full_ifrs-cor_2025-03-27.xsd#ifrs-full_IncreaseDecreaseInNetDefinedBenefitLiabilityAsset" xlink:label="loc_61" xlink:type="locator"/>
		<link:definitionArc order="40.0" xlink:arcrole="http://xbrl.org/int/dim/arcrole/domain-member" xlink:from="loc_33" xlink:to="loc_61" xlink:type="arc"/>
		<link:definitionArc order="50.0" xlink:arcrole="http://xbrl.org/int/dim/arcrole/hypercube-dimension" xlink:from="loc_2" xlink:to="loc_19" xlink:type="arc"/>
		<link:loc xlink:href="../../full_ifrs-cor_2025-03-27.xsd#ifrs-full_IncreaseDecreaseInNetDefinedBenefitLiabilityAssetResultingFromExpenseIncomeInProfitOrLoss" xlink:label="loc_42" xlink:type="locator"/>
		<link:definitionArc order="50.0" xlink:arcrole="http://xbrl.org/int/dim/arcrole/domain-member" xlink:from="loc_34" xlink:to="loc_42" xlink:type="arc"/>
		<link:loc xlink:href="../../full_ifrs-cor_2025-03-27.xsd#ifrs-full_GainLossOnChangesInEffectOfLimitingNetDefinedBenefitAssetToAssetCeiling" xlink:label="loc_48" xlink:type="locator"/>
		<link:definitionArc order="50.0" xlink:arcrole="http://xbrl.org/int/dim/arcrole/domain-member" xlink:from="loc_43" xlink:to="loc_48" xlink:type="arc"/>
		<link:loc xlink:href="../../full_ifrs-cor_2025-03-27.xsd#ifrs-full_IncreaseDecreaseThroughOtherChangesNetDefinedBenefitLiabilityAsset" xlink:label="loc_59" xlink:type="locator"/>
		<link:definitionArc order="50.0" xlink:arcrole="http://xbrl.org/int/dim/arcrole/domain-member" xlink:from="loc_50" xlink:to="loc_59" xlink:type="arc"/>
		<link:definitionArc order="60.0" xlink:arcrole="http://xbrl.org/int/dim/arcrole/hypercube-dimension" xlink:from="loc_2" xlink:to="loc_22" xlink:type="arc"/>
		<link:loc xlink:href="../../full_ifrs-cor_2025-03-27.xsd#ifrs-full_GainLossOnRemeasurementOfNetDefinedBenefitLiabilityAsset" xlink:label="loc_49" xlink:type="locator"/>
		<link:definitionArc order="60.0" xlink:arcrole="http://xbrl.org/int/dim/arcrole/domain-member" xlink:from="loc_43" xlink:to="loc_49" xlink:type="arc"/>
		<link:loc xlink:href="../../full_ifrs-cor_2025-03-27.xsd#ifrs-full_IncreaseDecreaseInNetDefinedBenefitLiabilityAssetResultingFromMiscellaneousOtherChanges" xlink:label="loc_60" xlink:type="locator"/>
		<link:definitionArc order="60.0" xlink:arcrole="http://xbrl.org/int/dim/arcrole/domain-member" xlink:from="loc_50" xlink:to="loc_60" xlink:type="arc"/>
		<link:definitionArc order="70.0" xlink:arcrole="http://xbrl.org/int/dim/arcrole/hypercube-dimension" xlink:from="loc_2" xlink:to="loc_26" xlink:type="arc"/>
	</link:definitionLink>
	<link:definitionLink xlink:role="https://xbrl.ifrs.org/role/ifrs/ias_19_2025-03-27_role-834480b" xlink:type="extended">
		<link:loc xlink:href="../../full_ifrs-cor_2025-03-27.xsd#ifrs-full_DisclosureOfReimbursementRightsTable" xlink:label="loc_2" xlink:type="locator"/>
		<link:loc xlink:href="../../full_ifrs-cor_2025-03-27.xsd#ifrs-full_DisclosureOfReimbursementRightsAbstract" xlink:label="loc_1" xlink:type="locator"/>
		<link:definitionArc order="10.0" xbrldt:closed="true" xbrldt:contextElement="scenario" xlink:arcrole="http://xbrl.org/int/dim/arcrole/all" xlink:from="loc_1" xlink:to="loc_2" xlink:type="arc"/>
		<link:loc xlink:href="../../full_ifrs-cor_2025-03-27.xsd#ifrs-full_DefinedBenefitPlansAxis" xlink:label="loc_3" xlink:type="locator"/>
		<link:definitionArc order="10.0" xlink:arcrole="http://xbrl.org/int/dim/arcrole/hypercube-dimension" xlink:from="loc_2" xlink:to="loc_3" xlink:type="arc"/>
		<link:loc xlink:href="../../full_ifrs-cor_2025-03-27.xsd#ifrs-full_DefinedBenefitPlansDomain" xlink:label="loc_4" xlink:type="locator"/>
		<link:definitionArc order="10.0" xlink:arcrole="http://xbrl.org/int/dim/arcrole/dimension-domain" xlink:from="loc_3" xlink:to="loc_4" xlink:type="arc"/>
		<link:loc xlink:href="../../full_ifrs-cor_2025-03-27.xsd#ifrs-full_DefinedBenefitPlansOtherThanMultiemployerPlansStatePlansAndPlansThatShareRisksBetweenEntitiesUnderCommonControlMember" xlink:label="loc_5" xlink:type="locator"/>
		<link:definitionArc order="10.0" xlink:arcrole="http://xbrl.org/int/dim/arcrole/domain-member" xlink:from="loc_4" xlink:to="loc_5" xlink:type="arc"/>
		<link:loc xlink:href="../../full_ifrs-cor_2025-03-27.xsd#ifrs-full_GeographicalAreasDomain" xlink:label="loc_10" xlink:type="locator"/>
		<link:loc xlink:href="../../full_ifrs-cor_2025-03-27.xsd#ifrs-full_GeographicalAreasAxis" xlink:label="loc_9" xlink:type="locator"/>
		<link:definitionArc order="10.0" xlink:arcrole="http://xbrl.org/int/dim/arcrole/dimension-domain" xlink:from="loc_9" xlink:to="loc_10" xlink:type="arc"/>
		<link:loc xlink:href="../../full_ifrs-cor_2025-03-27.xsd#ifrs-full_CharacteristicsOfDefinedBenefitPlansDomain" xlink:label="loc_12" xlink:type="locator"/>
		<link:loc xlink:href="../../full_ifrs-cor_2025-03-27.xsd#ifrs-full_CharacteristicsOfDefinedBenefitPlansAxis" xlink:label="loc_11" xlink:type="locator"/>
		<link:definitionArc order="10.0" xlink:arcrole="http://xbrl.org/int/dim/arcrole/dimension-domain" xlink:from="loc_11" xlink:to="loc_12" xlink:type="arc"/>
		<link:loc xlink:href="../../full_ifrs-cor_2025-03-27.xsd#ifrs-full_PensionDefinedBenefitPlansMember" xlink:label="loc_13" xlink:type="locator"/>
		<link:definitionArc order="10.0" xlink:arcrole="http://xbrl.org/int/dim/arcrole/domain-member" xlink:from="loc_12" xlink:to="loc_13" xlink:type="arc"/>
		<link:loc xlink:href="../../full_ifrs-cor_2025-03-27.xsd#ifrs-full_FlatSalaryPensionDefinedBenefitPlansMember" xlink:label="loc_14" xlink:type="locator"/>
		<link:definitionArc order="10.0" xlink:arcrole="http://xbrl.org/int/dim/arcrole/domain-member" xlink:from="loc_13" xlink:to="loc_14" xlink:type="arc"/>
		<link:loc xlink:href="../../full_ifrs-cor_2025-03-27.xsd#ifrs-full_RegulatoryEnvironmentsDomain" xlink:label="loc_18" xlink:type="locator"/>
		<link:loc xlink:href="../../full_ifrs-cor_2025-03-27.xsd#ifrs-full_RegulatoryEnvironmentsAxis" xlink:label="loc_17" xlink:type="locator"/>
		<link:definitionArc order="10.0" xlink:arcrole="http://xbrl.org/int/dim/arcrole/dimension-domain" xlink:from="loc_17" xlink:to="loc_18" xlink:type="arc"/>
		<link:loc xlink:href="../../full_ifrs-cor_2025-03-27.xsd#ifrs-full_SegmentsDomain" xlink:label="loc_20" xlink:type="locator"/>
		<link:loc xlink:href="../../full_ifrs-cor_2025-03-27.xsd#ifrs-full_SegmentsAxis" xlink:label="loc_19" xlink:type="locator"/>
		<link:definitionArc order="10.0" xlink:arcrole="http://xbrl.org/int/dim/arcrole/dimension-domain" xlink:from="loc_19" xlink:to="loc_20" xlink:type="arc"/>
		<link:loc xlink:href="../../full_ifrs-cor_2025-03-27.xsd#ifrs-full_ReportableSegmentsMember" xlink:label="loc_21" xlink:type="locator"/>
		<link:definitionArc order="10.0" xlink:arcrole="http://xbrl.org/int/dim/arcrole/domain-member" xlink:from="loc_20" xlink:to="loc_21" xlink:type="arc"/>
		<link:loc xlink:href="../../full_ifrs-cor_2025-03-27.xsd#ifrs-full_FundingArrangementsOfDefinedBenefitPlansDomain" xlink:label="loc_23" xlink:type="locator"/>
		<link:loc xlink:href="../../full_ifrs-cor_2025-03-27.xsd#ifrs-full_FundingArrangementsOfDefinedBenefitPlansAxis" xlink:label="loc_22" xlink:type="locator"/>
		<link:definitionArc order="10.0" xlink:arcrole="http://xbrl.org/int/dim/arcrole/dimension-domain" xlink:from="loc_22" xlink:to="loc_23" xlink:type="arc"/>
		<link:loc xlink:href="../../full_ifrs-cor_2025-03-27.xsd#ifrs-full_WhollyUnfundedDefinedBenefitPlansMember" xlink:label="loc_24" xlink:type="locator"/>
		<link:definitionArc order="10.0" xlink:arcrole="http://xbrl.org/int/dim/arcrole/domain-member" xlink:from="loc_23" xlink:to="loc_24" xlink:type="arc"/>
		<link:loc xlink:href="../../full_ifrs-cor_2025-03-27.xsd#ifrs-full_InterestIncomeReimbursementRights" xlink:label="loc_29" xlink:type="locator"/>
		<link:loc xlink:href="../../full_ifrs-cor_2025-03-27.xsd#ifrs-full_ChangesInReimbursementRightsAbstract" xlink:label="loc_28" xlink:type="locator"/>
		<link:definitionArc order="10.0" xlink:arcrole="http://xbrl.org/int/dim/arcrole/domain-member" xlink:from="loc_28" xlink:to="loc_29" xlink:type="arc"/>
		<link:loc xlink:href="../../full_ifrs-cor_2025-03-27.xsd#ifrs-full_ReturnOnReimbursementRights" xlink:label="loc_31" xlink:type="locator"/>
		<link:loc xlink:href="../../full_ifrs-cor_2025-03-27.xsd#ifrs-full_GainLossOnRemeasurementOfReimbursementRightsAbstract" xlink:label="loc_30" xlink:type="locator"/>
		<link:definitionArc order="10.0" xlink:arcrole="http://xbrl.org/int/dim/arcrole/domain-member" xlink:from="loc_30" xlink:to="loc_31" xlink:type="arc"/>
		<link:loc xlink:href="../../full_ifrs-cor_2025-03-27.xsd#ifrs-full_PaymentsInRespectOfSettlementsReimbursementRights" xlink:label="loc_36" xlink:type="locator"/>
		<link:loc xlink:href="../../full_ifrs-cor_2025-03-27.xsd#ifrs-full_DecreaseThroughBenefitsPaidReimbursementRightsAtFairValue" xlink:label="loc_35" xlink:type="locator"/>
		<link:definitionArc order="10.0" xlink:arcrole="http://xbrl.org/int/dim/arcrole/domain-member" xlink:from="loc_35" xlink:to="loc_36" xlink:type="arc"/>
		<link:loc xlink:href="../../full_ifrs-cor_2025-03-27.xsd#ifrs-full_DisclosureOfReimbursementRightsLineItems" xlink:label="loc_26" xlink:type="locator"/>
		<link:definitionArc order="10.0" xlink:arcrole="http://xbrl.org/int/dim/arcrole/domain-member" xlink:from="loc_26" xlink:to="loc_28" xlink:type="arc"/>
		<link:definitionArc order="20.0" xlink:arcrole="http://xbrl.org/int/dim/arcrole/domain-member" xlink:from="loc_1" xlink:to="loc_26" xlink:type="arc"/>
		<link:loc xlink:href="../../full_ifrs-cor_2025-03-27.xsd#ifrs-full_MultiemployerDefinedBenefitPlansMember" xlink:label="loc_6" xlink:type="locator"/>
		<link:definitionArc order="20.0" xlink:arcrole="http://xbrl.org/int/dim/arcrole/domain-member" xlink:from="loc_4" xlink:to="loc_6" xlink:type="arc"/>
		<link:definitionArc order="20.0" xlink:arcrole="http://xbrl.org/int/dim/arcrole/hypercube-dimension" xlink:from="loc_2" xlink:to="loc_9" xlink:type="arc"/>
		<link:loc xlink:href="../../full_ifrs-cor_2025-03-27.xsd#ifrs-full_FinalSalaryPensionDefinedBenefitPlansMember" xlink:label="loc_15" xlink:type="locator"/>
		<link:definitionArc order="20.0" xlink:arcrole="http://xbrl.org/int/dim/arcrole/domain-member" xlink:from="loc_13" xlink:to="loc_15" xlink:type="arc"/>
		<link:loc xlink:href="../../full_ifrs-cor_2025-03-27.xsd#ifrs-full_PostemploymentMedicalDefinedBenefitPlansMember" xlink:label="loc_16" xlink:type="locator"/>
		<link:definitionArc order="20.0" xlink:arcrole="http://xbrl.org/int/dim/arcrole/domain-member" xlink:from="loc_12" xlink:to="loc_16" xlink:type="arc"/>
		<link:loc xlink:href="../../full_ifrs-cor_2025-03-27.xsd#ifrs-full_WhollyOrPartlyFundedDefinedBenefitPlansMember" xlink:label="loc_25" xlink:type="locator"/>
		<link:definitionArc order="20.0" xlink:arcrole="http://xbrl.org/int/dim/arcrole/domain-member" xlink:from="loc_23" xlink:to="loc_25" xlink:type="arc"/>
		<link:definitionArc order="20.0" xlink:arcrole="http://xbrl.org/int/dim/arcrole/domain-member" xlink:from="loc_28" xlink:to="loc_30" xlink:type="arc"/>
		<link:loc xlink:href="../../full_ifrs-cor_2025-03-27.xsd#ifrs-full_GainLossOnChangesInEffectOfLimitingReimbursementRightsToAssetCeiling" xlink:label="loc_32" xlink:type="locator"/>
		<link:definitionArc order="20.0" xlink:arcrole="http://xbrl.org/int/dim/arcrole/domain-member" xlink:from="loc_30" xlink:to="loc_32" xlink:type="arc"/>
		<link:loc xlink:href="../../full_ifrs-cor_2025-03-27.xsd#ifrs-full_ReimbursementRightsAtFairValue" xlink:label="loc_27" xlink:type="locator"/>
		<link:definitionArc order="20.0" xlink:arcrole="http://xbrl.org/int/dim/arcrole/domain-member" xlink:from="loc_26" xlink:to="loc_27" xlink:type="arc"/>
		<link:loc xlink:href="../../full_ifrs-cor_2025-03-27.xsd#ifrs-full_StateDefinedBenefitPlansMember" xlink:label="loc_7" xlink:type="locator"/>
		<link:definitionArc order="30.0" xlink:arcrole="http://xbrl.org/int/dim/arcrole/domain-member" xlink:from="loc_4" xlink:to="loc_7" xlink:type="arc"/>
		<link:definitionArc order="30.0" xlink:arcrole="http://xbrl.org/int/dim/arcrole/hypercube-dimension" xlink:from="loc_2" xlink:to="loc_11" xlink:type="arc"/>
		<link:loc xlink:href="../../full_ifrs-cor_2025-03-27.xsd#ifrs-full_GainLossOnRemeasurementOfReimbursementRights" xlink:label="loc_33" xlink:type="locator"/>
		<link:definitionArc order="30.0" xlink:arcrole="http://xbrl.org/int/dim/arcrole/domain-member" xlink:from="loc_30" xlink:to="loc_33" xlink:type="arc"/>
		<link:loc xlink:href="../../full_ifrs-cor_2025-03-27.xsd#ifrs-full_IncreaseDecreaseThroughNetExchangeDifferencesReimbursementRightsAtFairValue" xlink:label="loc_34" xlink:type="locator"/>
		<link:definitionArc order="30.0" xlink:arcrole="http://xbrl.org/int/dim/arcrole/domain-member" xlink:from="loc_28" xlink:to="loc_34" xlink:type="arc"/>
		<link:loc xlink:href="../../full_ifrs-cor_2025-03-27.xsd#ifrs-full_DefinedBenefitPlansThatShareRisksBetweenEntitiesUnderCommonControlMember" xlink:label="loc_8" xlink:type="locator"/>
		<link:definitionArc order="40.0" xlink:arcrole="http://xbrl.org/int/dim/arcrole/domain-member" xlink:from="loc_4" xlink:to="loc_8" xlink:type="arc"/>
		<link:definitionArc order="40.0" xlink:arcrole="http://xbrl.org/int/dim/arcrole/hypercube-dimension" xlink:from="loc_2" xlink:to="loc_17" xlink:type="arc"/>
		<link:definitionArc order="40.0" xlink:arcrole="http://xbrl.org/int/dim/arcrole/domain-member" xlink:from="loc_28" xlink:to="loc_35" xlink:type="arc"/>
		<link:definitionArc order="50.0" xlink:arcrole="http://xbrl.org/int/dim/arcrole/hypercube-dimension" xlink:from="loc_2" xlink:to="loc_19" xlink:type="arc"/>
		<link:loc xlink:href="../../full_ifrs-cor_2025-03-27.xsd#ifrs-full_IncreaseDecreaseThroughBusinessCombinationsAndDisposalsReimbursementRights" xlink:label="loc_37" xlink:type="locator"/>
		<link:definitionArc order="50.0" xlink:arcrole="http://xbrl.org/int/dim/arcrole/domain-member" xlink:from="loc_28" xlink:to="loc_37" xlink:type="arc"/>
		<link:definitionArc order="60.0" xlink:arcrole="http://xbrl.org/int/dim/arcrole/hypercube-dimension" xlink:from="loc_2" xlink:to="loc_22" xlink:type="arc"/>
		<link:loc xlink:href="../../full_ifrs-cor_2025-03-27.xsd#ifrs-full_ChangesInReimbursementRightsAtFairValue" xlink:label="loc_38" xlink:type="locator"/>
		<link:definitionArc order="60.0" xlink:arcrole="http://xbrl.org/int/dim/arcrole/domain-member" xlink:from="loc_28" xlink:to="loc_38" xlink:type="arc"/>
	</link:definitionLink>
	<link:definitionLink xlink:role="https://xbrl.ifrs.org/role/ifrs/ias_19_2025-03-27_role-834480c" xlink:type="extended">
		<link:loc xlink:href="../../full_ifrs-cor_2025-03-27.xsd#ifrs-full_DisclosureOfFairValueOfPlanAssetsTable" xlink:label="loc_2" xlink:type="locator"/>
		<link:loc xlink:href="../../full_ifrs-cor_2025-03-27.xsd#ifrs-full_DisclosureOfFairValueOfPlanAssetsAbstract" xlink:label="loc_1" xlink:type="locator"/>
		<link:definitionArc order="10.0" xbrldt:closed="true" xbrldt:contextElement="scenario" xlink:arcrole="http://xbrl.org/int/dim/arcrole/all" xlink:from="loc_1" xlink:to="loc_2" xlink:type="arc"/>
		<link:loc xlink:href="../../full_ifrs-cor_2025-03-27.xsd#ifrs-full_DefinedBenefitPlansAxis" xlink:label="loc_3" xlink:type="locator"/>
		<link:definitionArc order="10.0" xlink:arcrole="http://xbrl.org/int/dim/arcrole/hypercube-dimension" xlink:from="loc_2" xlink:to="loc_3" xlink:type="arc"/>
		<link:loc xlink:href="../../full_ifrs-cor_2025-03-27.xsd#ifrs-full_DefinedBenefitPlansDomain" xlink:label="loc_4" xlink:type="locator"/>
		<link:definitionArc order="10.0" xlink:arcrole="http://xbrl.org/int/dim/arcrole/dimension-domain" xlink:from="loc_3" xlink:to="loc_4" xlink:type="arc"/>
		<link:loc xlink:href="../../full_ifrs-cor_2025-03-27.xsd#ifrs-full_DefinedBenefitPlansOtherThanMultiemployerPlansStatePlansAndPlansThatShareRisksBetweenEntitiesUnderCommonControlMember" xlink:label="loc_5" xlink:type="locator"/>
		<link:definitionArc order="10.0" xlink:arcrole="http://xbrl.org/int/dim/arcrole/domain-member" xlink:from="loc_4" xlink:to="loc_5" xlink:type="arc"/>
		<link:loc xlink:href="../../full_ifrs-cor_2025-03-27.xsd#ifrs-full_GeographicalAreasDomain" xlink:label="loc_10" xlink:type="locator"/>
		<link:loc xlink:href="../../full_ifrs-cor_2025-03-27.xsd#ifrs-full_GeographicalAreasAxis" xlink:label="loc_9" xlink:type="locator"/>
		<link:definitionArc order="10.0" xlink:arcrole="http://xbrl.org/int/dim/arcrole/dimension-domain" xlink:from="loc_9" xlink:to="loc_10" xlink:type="arc"/>
		<link:loc xlink:href="../../full_ifrs-cor_2025-03-27.xsd#ifrs-full_CharacteristicsOfDefinedBenefitPlansDomain" xlink:label="loc_12" xlink:type="locator"/>
		<link:loc xlink:href="../../full_ifrs-cor_2025-03-27.xsd#ifrs-full_CharacteristicsOfDefinedBenefitPlansAxis" xlink:label="loc_11" xlink:type="locator"/>
		<link:definitionArc order="10.0" xlink:arcrole="http://xbrl.org/int/dim/arcrole/dimension-domain" xlink:from="loc_11" xlink:to="loc_12" xlink:type="arc"/>
		<link:loc xlink:href="../../full_ifrs-cor_2025-03-27.xsd#ifrs-full_PensionDefinedBenefitPlansMember" xlink:label="loc_13" xlink:type="locator"/>
		<link:definitionArc order="10.0" xlink:arcrole="http://xbrl.org/int/dim/arcrole/domain-member" xlink:from="loc_12" xlink:to="loc_13" xlink:type="arc"/>
		<link:loc xlink:href="../../full_ifrs-cor_2025-03-27.xsd#ifrs-full_FlatSalaryPensionDefinedBenefitPlansMember" xlink:label="loc_14" xlink:type="locator"/>
		<link:definitionArc order="10.0" xlink:arcrole="http://xbrl.org/int/dim/arcrole/domain-member" xlink:from="loc_13" xlink:to="loc_14" xlink:type="arc"/>
		<link:loc xlink:href="../../full_ifrs-cor_2025-03-27.xsd#ifrs-full_RegulatoryEnvironmentsDomain" xlink:label="loc_18" xlink:type="locator"/>
		<link:loc xlink:href="../../full_ifrs-cor_2025-03-27.xsd#ifrs-full_RegulatoryEnvironmentsAxis" xlink:label="loc_17" xlink:type="locator"/>
		<link:definitionArc order="10.0" xlink:arcrole="http://xbrl.org/int/dim/arcrole/dimension-domain" xlink:from="loc_17" xlink:to="loc_18" xlink:type="arc"/>
		<link:loc xlink:href="../../full_ifrs-cor_2025-03-27.xsd#ifrs-full_SegmentsDomain" xlink:label="loc_20" xlink:type="locator"/>
		<link:loc xlink:href="../../full_ifrs-cor_2025-03-27.xsd#ifrs-full_SegmentsAxis" xlink:label="loc_19" xlink:type="locator"/>
		<link:definitionArc order="10.0" xlink:arcrole="http://xbrl.org/int/dim/arcrole/dimension-domain" xlink:from="loc_19" xlink:to="loc_20" xlink:type="arc"/>
		<link:loc xlink:href="../../full_ifrs-cor_2025-03-27.xsd#ifrs-full_ReportableSegmentsMember" xlink:label="loc_21" xlink:type="locator"/>
		<link:definitionArc order="10.0" xlink:arcrole="http://xbrl.org/int/dim/arcrole/domain-member" xlink:from="loc_20" xlink:to="loc_21" xlink:type="arc"/>
		<link:loc xlink:href="../../full_ifrs-cor_2025-03-27.xsd#ifrs-full_FundingArrangementsOfDefinedBenefitPlansDomain" xlink:label="loc_23" xlink:type="locator"/>
		<link:loc xlink:href="../../full_ifrs-cor_2025-03-27.xsd#ifrs-full_FundingArrangementsOfDefinedBenefitPlansAxis" xlink:label="loc_22" xlink:type="locator"/>
		<link:definitionArc order="10.0" xlink:arcrole="http://xbrl.org/int/dim/arcrole/dimension-domain" xlink:from="loc_22" xlink:to="loc_23" xlink:type="arc"/>
		<link:loc xlink:href="../../full_ifrs-cor_2025-03-27.xsd#ifrs-full_WhollyUnfundedDefinedBenefitPlansMember" xlink:label="loc_24" xlink:type="locator"/>
		<link:definitionArc order="10.0" xlink:arcrole="http://xbrl.org/int/dim/arcrole/domain-member" xlink:from="loc_23" xlink:to="loc_24" xlink:type="arc"/>
		<link:loc xlink:href="../../full_ifrs-cor_2025-03-27.xsd#ifrs-full_LevelsOfFairValueHierarchyDomain" xlink:label="loc_27" xlink:type="locator"/>
		<link:loc xlink:href="../../full_ifrs-cor_2025-03-27.xsd#ifrs-full_LevelsOfFairValueHierarchyAxis" xlink:label="loc_26" xlink:type="locator"/>
		<link:definitionArc order="10.0" xlink:arcrole="http://xbrl.org/int/dim/arcrole/dimension-domain" xlink:from="loc_26" xlink:to="loc_27" xlink:type="arc"/>
		<link:loc xlink:href="../../full_ifrs-cor_2025-03-27.xsd#ifrs-full_Level1OfFairValueHierarchyMember" xlink:label="loc_28" xlink:type="locator"/>
		<link:definitionArc order="10.0" xlink:arcrole="http://xbrl.org/int/dim/arcrole/domain-member" xlink:from="loc_27" xlink:to="loc_28" xlink:type="arc"/>
		<link:loc xlink:href="../../full_ifrs-cor_2025-03-27.xsd#ifrs-full_ClassesOfPlanAssetsFairValueMonetaryAmountsAbstract" xlink:label="loc_31" xlink:type="locator"/>
		<link:loc xlink:href="../../full_ifrs-cor_2025-03-27.xsd#ifrs-full_DisclosureOfFairValueOfPlanAssetsLineItems" xlink:label="loc_30" xlink:type="locator"/>
		<link:definitionArc order="10.0" xlink:arcrole="http://xbrl.org/int/dim/arcrole/domain-member" xlink:from="loc_30" xlink:to="loc_31" xlink:type="arc"/>
		<link:loc xlink:href="../../full_ifrs-cor_2025-03-27.xsd#ifrs-full_CashAndCashEquivalentsAmountContributedToFairValueOfPlanAssets" xlink:label="loc_32" xlink:type="locator"/>
		<link:definitionArc order="10.0" xlink:arcrole="http://xbrl.org/int/dim/arcrole/domain-member" xlink:from="loc_31" xlink:to="loc_32" xlink:type="arc"/>
		<link:loc xlink:href="../../full_ifrs-cor_2025-03-27.xsd#ifrs-full_CashAndCashEquivalentsPercentageContributedToFairValueOfPlanAssets" xlink:label="loc_44" xlink:type="locator"/>
		<link:loc xlink:href="../../full_ifrs-cor_2025-03-27.xsd#ifrs-full_ClassesOfPlanAssetsFairValuePercentageAmountsAbstract" xlink:label="loc_43" xlink:type="locator"/>
		<link:definitionArc order="10.0" xlink:arcrole="http://xbrl.org/int/dim/arcrole/domain-member" xlink:from="loc_43" xlink:to="loc_44" xlink:type="arc"/>
		<link:definitionArc order="20.0" xlink:arcrole="http://xbrl.org/int/dim/arcrole/domain-member" xlink:from="loc_1" xlink:to="loc_30" xlink:type="arc"/>
		<link:loc xlink:href="../../full_ifrs-cor_2025-03-27.xsd#ifrs-full_MultiemployerDefinedBenefitPlansMember" xlink:label="loc_6" xlink:type="locator"/>
		<link:definitionArc order="20.0" xlink:arcrole="http://xbrl.org/int/dim/arcrole/domain-member" xlink:from="loc_4" xlink:to="loc_6" xlink:type="arc"/>
		<link:definitionArc order="20.0" xlink:arcrole="http://xbrl.org/int/dim/arcrole/hypercube-dimension" xlink:from="loc_2" xlink:to="loc_9" xlink:type="arc"/>
		<link:loc xlink:href="../../full_ifrs-cor_2025-03-27.xsd#ifrs-full_FinalSalaryPensionDefinedBenefitPlansMember" xlink:label="loc_15" xlink:type="locator"/>
		<link:definitionArc order="20.0" xlink:arcrole="http://xbrl.org/int/dim/arcrole/domain-member" xlink:from="loc_13" xlink:to="loc_15" xlink:type="arc"/>
		<link:loc xlink:href="../../full_ifrs-cor_2025-03-27.xsd#ifrs-full_PostemploymentMedicalDefinedBenefitPlansMember" xlink:label="loc_16" xlink:type="locator"/>
		<link:definitionArc order="20.0" xlink:arcrole="http://xbrl.org/int/dim/arcrole/domain-member" xlink:from="loc_12" xlink:to="loc_16" xlink:type="arc"/>
		<link:loc xlink:href="../../full_ifrs-cor_2025-03-27.xsd#ifrs-full_WhollyOrPartlyFundedDefinedBenefitPlansMember" xlink:label="loc_25" xlink:type="locator"/>
		<link:definitionArc order="20.0" xlink:arcrole="http://xbrl.org/int/dim/arcrole/domain-member" xlink:from="loc_23" xlink:to="loc_25" xlink:type="arc"/>
		<link:loc xlink:href="../../full_ifrs-cor_2025-03-27.xsd#ifrs-full_Level2And3OfFairValueHierarchyMember" xlink:label="loc_29" xlink:type="locator"/>
		<link:definitionArc order="20.0" xlink:arcrole="http://xbrl.org/int/dim/arcrole/domain-member" xlink:from="loc_27" xlink:to="loc_29" xlink:type="arc"/>
		<link:loc xlink:href="../../full_ifrs-cor_2025-03-27.xsd#ifrs-full_EquityInstrumentsAmountContributedToFairValueOfPlanAssets" xlink:label="loc_33" xlink:type="locator"/>
		<link:definitionArc order="20.0" xlink:arcrole="http://xbrl.org/int/dim/arcrole/domain-member" xlink:from="loc_31" xlink:to="loc_33" xlink:type="arc"/>
		<link:definitionArc order="20.0" xlink:arcrole="http://xbrl.org/int/dim/arcrole/domain-member" xlink:from="loc_30" xlink:to="loc_43" xlink:type="arc"/>
		<link:loc xlink:href="../../full_ifrs-cor_2025-03-27.xsd#ifrs-full_EquityInstrumentsPercentageContributedToFairValueOfPlanAssets" xlink:label="loc_45" xlink:type="locator"/>
		<link:definitionArc order="20.0" xlink:arcrole="http://xbrl.org/int/dim/arcrole/domain-member" xlink:from="loc_43" xlink:to="loc_45" xlink:type="arc"/>
		<link:loc xlink:href="../../full_ifrs-cor_2025-03-27.xsd#ifrs-full_StateDefinedBenefitPlansMember" xlink:label="loc_7" xlink:type="locator"/>
		<link:definitionArc order="30.0" xlink:arcrole="http://xbrl.org/int/dim/arcrole/domain-member" xlink:from="loc_4" xlink:to="loc_7" xlink:type="arc"/>
		<link:definitionArc order="30.0" xlink:arcrole="http://xbrl.org/int/dim/arcrole/hypercube-dimension" xlink:from="loc_2" xlink:to="loc_11" xlink:type="arc"/>
		<link:loc xlink:href="../../full_ifrs-cor_2025-03-27.xsd#ifrs-full_DebtInstrumentsAmountContributedToFairValueOfPlanAssets" xlink:label="loc_34" xlink:type="locator"/>
		<link:definitionArc order="30.0" xlink:arcrole="http://xbrl.org/int/dim/arcrole/domain-member" xlink:from="loc_31" xlink:to="loc_34" xlink:type="arc"/>
		<link:loc xlink:href="../../full_ifrs-cor_2025-03-27.xsd#ifrs-full_DebtInstrumentsPercentageContributedToFairValueOfPlanAssets" xlink:label="loc_46" xlink:type="locator"/>
		<link:definitionArc order="30.0" xlink:arcrole="http://xbrl.org/int/dim/arcrole/domain-member" xlink:from="loc_43" xlink:to="loc_46" xlink:type="arc"/>
		<link:loc xlink:href="../../full_ifrs-cor_2025-03-27.xsd#ifrs-full_DefinedBenefitPlansThatShareRisksBetweenEntitiesUnderCommonControlMember" xlink:label="loc_8" xlink:type="locator"/>
		<link:definitionArc order="40.0" xlink:arcrole="http://xbrl.org/int/dim/arcrole/domain-member" xlink:from="loc_4" xlink:to="loc_8" xlink:type="arc"/>
		<link:definitionArc order="40.0" xlink:arcrole="http://xbrl.org/int/dim/arcrole/hypercube-dimension" xlink:from="loc_2" xlink:to="loc_17" xlink:type="arc"/>
		<link:loc xlink:href="../../full_ifrs-cor_2025-03-27.xsd#ifrs-full_PropertyAmountContributedToFairValueOfPlanAssets" xlink:label="loc_35" xlink:type="locator"/>
		<link:definitionArc order="40.0" xlink:arcrole="http://xbrl.org/int/dim/arcrole/domain-member" xlink:from="loc_31" xlink:to="loc_35" xlink:type="arc"/>
		<link:loc xlink:href="../../full_ifrs-cor_2025-03-27.xsd#ifrs-full_RealEstatePercentageContributedToFairValueOfPlanAssets" xlink:label="loc_47" xlink:type="locator"/>
		<link:definitionArc order="40.0" xlink:arcrole="http://xbrl.org/int/dim/arcrole/domain-member" xlink:from="loc_43" xlink:to="loc_47" xlink:type="arc"/>
		<link:definitionArc order="50.0" xlink:arcrole="http://xbrl.org/int/dim/arcrole/hypercube-dimension" xlink:from="loc_2" xlink:to="loc_19" xlink:type="arc"/>
		<link:loc xlink:href="../../full_ifrs-cor_2025-03-27.xsd#ifrs-full_DerivativesAmountContributedToFairValueOfPlanAssets" xlink:label="loc_36" xlink:type="locator"/>
		<link:definitionArc order="50.0" xlink:arcrole="http://xbrl.org/int/dim/arcrole/domain-member" xlink:from="loc_31" xlink:to="loc_36" xlink:type="arc"/>
		<link:loc xlink:href="../../full_ifrs-cor_2025-03-27.xsd#ifrs-full_DerivativesPercentageContributedToFairValueOfPlanAssets" xlink:label="loc_48" xlink:type="locator"/>
		<link:definitionArc order="50.0" xlink:arcrole="http://xbrl.org/int/dim/arcrole/domain-member" xlink:from="loc_43" xlink:to="loc_48" xlink:type="arc"/>
		<link:definitionArc order="60.0" xlink:arcrole="http://xbrl.org/int/dim/arcrole/hypercube-dimension" xlink:from="loc_2" xlink:to="loc_22" xlink:type="arc"/>
		<link:loc xlink:href="../../full_ifrs-cor_2025-03-27.xsd#ifrs-full_InvestmentFundsAmountContributedToFairValueOfPlanAssets" xlink:label="loc_37" xlink:type="locator"/>
		<link:definitionArc order="60.0" xlink:arcrole="http://xbrl.org/int/dim/arcrole/domain-member" xlink:from="loc_31" xlink:to="loc_37" xlink:type="arc"/>
		<link:loc xlink:href="../../full_ifrs-cor_2025-03-27.xsd#ifrs-full_InvestmentFundsPercentageContributedToFairValueOfPlanAssets" xlink:label="loc_49" xlink:type="locator"/>
		<link:definitionArc order="60.0" xlink:arcrole="http://xbrl.org/int/dim/arcrole/domain-member" xlink:from="loc_43" xlink:to="loc_49" xlink:type="arc"/>
		<link:definitionArc order="70.0" xlink:arcrole="http://xbrl.org/int/dim/arcrole/hypercube-dimension" xlink:from="loc_2" xlink:to="loc_26" xlink:type="arc"/>
		<link:loc xlink:href="../../full_ifrs-cor_2025-03-27.xsd#ifrs-full_AssetbackedSecuritiesAmountContributedToFairValueOfPlanAssets" xlink:label="loc_38" xlink:type="locator"/>
		<link:definitionArc order="70.0" xlink:arcrole="http://xbrl.org/int/dim/arcrole/domain-member" xlink:from="loc_31" xlink:to="loc_38" xlink:type="arc"/>
		<link:loc xlink:href="../../full_ifrs-cor_2025-03-27.xsd#ifrs-full_AssetbackedSecuritiesPercentageContributedToFairValueOfPlanAssets" xlink:label="loc_50" xlink:type="locator"/>
		<link:definitionArc order="70.0" xlink:arcrole="http://xbrl.org/int/dim/arcrole/domain-member" xlink:from="loc_43" xlink:to="loc_50" xlink:type="arc"/>
		<link:loc xlink:href="../../full_ifrs-cor_2025-03-27.xsd#ifrs-full_StructuredDebtAmountContributedToFairValueOfPlanAssets" xlink:label="loc_39" xlink:type="locator"/>
		<link:definitionArc order="80.0" xlink:arcrole="http://xbrl.org/int/dim/arcrole/domain-member" xlink:from="loc_31" xlink:to="loc_39" xlink:type="arc"/>
		<link:loc xlink:href="../../full_ifrs-cor_2025-03-27.xsd#ifrs-full_StructuredDebtPercentageContributedToFairValueOfPlanAssets" xlink:label="loc_51" xlink:type="locator"/>
		<link:definitionArc order="80.0" xlink:arcrole="http://xbrl.org/int/dim/arcrole/domain-member" xlink:from="loc_43" xlink:to="loc_51" xlink:type="arc"/>
		<link:loc xlink:href="../../full_ifrs-cor_2025-03-27.xsd#ifrs-full_QualifyingInsurancePoliciesAmountContributedToFairValueOfPlanAssets" xlink:label="loc_40" xlink:type="locator"/>
		<link:definitionArc order="90.0" xlink:arcrole="http://xbrl.org/int/dim/arcrole/domain-member" xlink:from="loc_31" xlink:to="loc_40" xlink:type="arc"/>
		<link:loc xlink:href="../../full_ifrs-cor_2025-03-27.xsd#ifrs-full_QualifyingInsurancePoliciesPercentageContributedToFairValueOfPlanAssets" xlink:label="loc_52" xlink:type="locator"/>
		<link:definitionArc order="90.0" xlink:arcrole="http://xbrl.org/int/dim/arcrole/domain-member" xlink:from="loc_43" xlink:to="loc_52" xlink:type="arc"/>
		<link:loc xlink:href="../../full_ifrs-cor_2025-03-27.xsd#ifrs-full_OtherAssetsAmountContributedToFairValueOfPlanAssets" xlink:label="loc_41" xlink:type="locator"/>
		<link:definitionArc order="100.0" xlink:arcrole="http://xbrl.org/int/dim/arcrole/domain-member" xlink:from="loc_31" xlink:to="loc_41" xlink:type="arc"/>
		<link:loc xlink:href="../../full_ifrs-cor_2025-03-27.xsd#ifrs-full_OtherAssetsPercentageContributedToFairValueOfPlanAssets" xlink:label="loc_53" xlink:type="locator"/>
		<link:definitionArc order="100.0" xlink:arcrole="http://xbrl.org/int/dim/arcrole/domain-member" xlink:from="loc_43" xlink:to="loc_53" xlink:type="arc"/>
		<link:loc xlink:href="../../full_ifrs-cor_2025-03-27.xsd#ifrs-full_PlanAssetsAtFairValue" xlink:label="loc_42" xlink:type="locator"/>
		<link:definitionArc order="110.0" xlink:arcrole="http://xbrl.org/int/dim/arcrole/domain-member" xlink:from="loc_31" xlink:to="loc_42" xlink:type="arc"/>
	</link:definitionLink>
	<link:definitionLink xlink:role="https://xbrl.ifrs.org/role/ifrs/ias_19_2025-03-27_role-834480d" xlink:type="extended">
		<link:loc xlink:href="../../full_ifrs-cor_2025-03-27.xsd#ifrs-full_DisclosureOfSensitivityAnalysisForActuarialAssumptionsTable" xlink:label="loc_2" xlink:type="locator"/>
		<link:loc xlink:href="../../full_ifrs-cor_2025-03-27.xsd#ifrs-full_DisclosureOfSensitivityAnalysisForActuarialAssumptionsAbstract" xlink:label="loc_1" xlink:type="locator"/>
		<link:definitionArc order="10.0" xbrldt:closed="true" xbrldt:contextElement="scenario" xlink:arcrole="http://xbrl.org/int/dim/arcrole/all" xlink:from="loc_1" xlink:to="loc_2" xlink:type="arc"/>
		<link:loc xlink:href="../../full_ifrs-cor_2025-03-27.xsd#ifrs-full_DefinedBenefitPlansAxis" xlink:label="loc_3" xlink:type="locator"/>
		<link:definitionArc order="10.0" xlink:arcrole="http://xbrl.org/int/dim/arcrole/hypercube-dimension" xlink:from="loc_2" xlink:to="loc_3" xlink:type="arc"/>
		<link:loc xlink:href="../../full_ifrs-cor_2025-03-27.xsd#ifrs-full_DefinedBenefitPlansDomain" xlink:label="loc_4" xlink:type="locator"/>
		<link:definitionArc order="10.0" xlink:arcrole="http://xbrl.org/int/dim/arcrole/dimension-domain" xlink:from="loc_3" xlink:to="loc_4" xlink:type="arc"/>
		<link:loc xlink:href="../../full_ifrs-cor_2025-03-27.xsd#ifrs-full_DefinedBenefitPlansOtherThanMultiemployerPlansStatePlansAndPlansThatShareRisksBetweenEntitiesUnderCommonControlMember" xlink:label="loc_5" xlink:type="locator"/>
		<link:definitionArc order="10.0" xlink:arcrole="http://xbrl.org/int/dim/arcrole/domain-member" xlink:from="loc_4" xlink:to="loc_5" xlink:type="arc"/>
		<link:loc xlink:href="../../full_ifrs-cor_2025-03-27.xsd#ifrs-full_GeographicalAreasDomain" xlink:label="loc_10" xlink:type="locator"/>
		<link:loc xlink:href="../../full_ifrs-cor_2025-03-27.xsd#ifrs-full_GeographicalAreasAxis" xlink:label="loc_9" xlink:type="locator"/>
		<link:definitionArc order="10.0" xlink:arcrole="http://xbrl.org/int/dim/arcrole/dimension-domain" xlink:from="loc_9" xlink:to="loc_10" xlink:type="arc"/>
		<link:loc xlink:href="../../full_ifrs-cor_2025-03-27.xsd#ifrs-full_CharacteristicsOfDefinedBenefitPlansDomain" xlink:label="loc_12" xlink:type="locator"/>
		<link:loc xlink:href="../../full_ifrs-cor_2025-03-27.xsd#ifrs-full_CharacteristicsOfDefinedBenefitPlansAxis" xlink:label="loc_11" xlink:type="locator"/>
		<link:definitionArc order="10.0" xlink:arcrole="http://xbrl.org/int/dim/arcrole/dimension-domain" xlink:from="loc_11" xlink:to="loc_12" xlink:type="arc"/>
		<link:loc xlink:href="../../full_ifrs-cor_2025-03-27.xsd#ifrs-full_PensionDefinedBenefitPlansMember" xlink:label="loc_13" xlink:type="locator"/>
		<link:definitionArc order="10.0" xlink:arcrole="http://xbrl.org/int/dim/arcrole/domain-member" xlink:from="loc_12" xlink:to="loc_13" xlink:type="arc"/>
		<link:loc xlink:href="../../full_ifrs-cor_2025-03-27.xsd#ifrs-full_FlatSalaryPensionDefinedBenefitPlansMember" xlink:label="loc_14" xlink:type="locator"/>
		<link:definitionArc order="10.0" xlink:arcrole="http://xbrl.org/int/dim/arcrole/domain-member" xlink:from="loc_13" xlink:to="loc_14" xlink:type="arc"/>
		<link:loc xlink:href="../../full_ifrs-cor_2025-03-27.xsd#ifrs-full_RegulatoryEnvironmentsDomain" xlink:label="loc_18" xlink:type="locator"/>
		<link:loc xlink:href="../../full_ifrs-cor_2025-03-27.xsd#ifrs-full_RegulatoryEnvironmentsAxis" xlink:label="loc_17" xlink:type="locator"/>
		<link:definitionArc order="10.0" xlink:arcrole="http://xbrl.org/int/dim/arcrole/dimension-domain" xlink:from="loc_17" xlink:to="loc_18" xlink:type="arc"/>
		<link:loc xlink:href="../../full_ifrs-cor_2025-03-27.xsd#ifrs-full_SegmentsDomain" xlink:label="loc_20" xlink:type="locator"/>
		<link:loc xlink:href="../../full_ifrs-cor_2025-03-27.xsd#ifrs-full_SegmentsAxis" xlink:label="loc_19" xlink:type="locator"/>
		<link:definitionArc order="10.0" xlink:arcrole="http://xbrl.org/int/dim/arcrole/dimension-domain" xlink:from="loc_19" xlink:to="loc_20" xlink:type="arc"/>
		<link:loc xlink:href="../../full_ifrs-cor_2025-03-27.xsd#ifrs-full_ReportableSegmentsMember" xlink:label="loc_21" xlink:type="locator"/>
		<link:definitionArc order="10.0" xlink:arcrole="http://xbrl.org/int/dim/arcrole/domain-member" xlink:from="loc_20" xlink:to="loc_21" xlink:type="arc"/>
		<link:loc xlink:href="../../full_ifrs-cor_2025-03-27.xsd#ifrs-full_FundingArrangementsOfDefinedBenefitPlansDomain" xlink:label="loc_23" xlink:type="locator"/>
		<link:loc xlink:href="../../full_ifrs-cor_2025-03-27.xsd#ifrs-full_FundingArrangementsOfDefinedBenefitPlansAxis" xlink:label="loc_22" xlink:type="locator"/>
		<link:definitionArc order="10.0" xlink:arcrole="http://xbrl.org/int/dim/arcrole/dimension-domain" xlink:from="loc_22" xlink:to="loc_23" xlink:type="arc"/>
		<link:loc xlink:href="../../full_ifrs-cor_2025-03-27.xsd#ifrs-full_WhollyUnfundedDefinedBenefitPlansMember" xlink:label="loc_24" xlink:type="locator"/>
		<link:definitionArc order="10.0" xlink:arcrole="http://xbrl.org/int/dim/arcrole/domain-member" xlink:from="loc_23" xlink:to="loc_24" xlink:type="arc"/>
		<link:loc xlink:href="../../full_ifrs-cor_2025-03-27.xsd#ifrs-full_ActuarialAssumptionsDomain" xlink:label="loc_27" xlink:type="locator"/>
		<link:loc xlink:href="../../full_ifrs-cor_2025-03-27.xsd#ifrs-full_ActuarialAssumptionsAxis" xlink:label="loc_26" xlink:type="locator"/>
		<link:definitionArc order="10.0" xlink:arcrole="http://xbrl.org/int/dim/arcrole/dimension-domain" xlink:from="loc_26" xlink:to="loc_27" xlink:type="arc"/>
		<link:loc xlink:href="../../full_ifrs-cor_2025-03-27.xsd#ifrs-full_ActuarialAssumptionOfDiscountRatesMember" xlink:label="loc_28" xlink:type="locator"/>
		<link:definitionArc order="10.0" xlink:arcrole="http://xbrl.org/int/dim/arcrole/domain-member" xlink:from="loc_27" xlink:to="loc_28" xlink:type="arc"/>
		<link:loc xlink:href="../../full_ifrs-cor_2025-03-27.xsd#ifrs-full_PercentageOfReasonablyPossibleIncreaseInActuarialAssumption" xlink:label="loc_38" xlink:type="locator"/>
		<link:loc xlink:href="../../full_ifrs-cor_2025-03-27.xsd#ifrs-full_DisclosureOfSensitivityAnalysisForActuarialAssumptionsLineItems" xlink:label="loc_37" xlink:type="locator"/>
		<link:definitionArc order="10.0" xlink:arcrole="http://xbrl.org/int/dim/arcrole/domain-member" xlink:from="loc_37" xlink:to="loc_38" xlink:type="arc"/>
		<link:definitionArc order="20.0" xlink:arcrole="http://xbrl.org/int/dim/arcrole/domain-member" xlink:from="loc_1" xlink:to="loc_37" xlink:type="arc"/>
		<link:loc xlink:href="../../full_ifrs-cor_2025-03-27.xsd#ifrs-full_MultiemployerDefinedBenefitPlansMember" xlink:label="loc_6" xlink:type="locator"/>
		<link:definitionArc order="20.0" xlink:arcrole="http://xbrl.org/int/dim/arcrole/domain-member" xlink:from="loc_4" xlink:to="loc_6" xlink:type="arc"/>
		<link:definitionArc order="20.0" xlink:arcrole="http://xbrl.org/int/dim/arcrole/hypercube-dimension" xlink:from="loc_2" xlink:to="loc_9" xlink:type="arc"/>
		<link:loc xlink:href="../../full_ifrs-cor_2025-03-27.xsd#ifrs-full_FinalSalaryPensionDefinedBenefitPlansMember" xlink:label="loc_15" xlink:type="locator"/>
		<link:definitionArc order="20.0" xlink:arcrole="http://xbrl.org/int/dim/arcrole/domain-member" xlink:from="loc_13" xlink:to="loc_15" xlink:type="arc"/>
		<link:loc xlink:href="../../full_ifrs-cor_2025-03-27.xsd#ifrs-full_PostemploymentMedicalDefinedBenefitPlansMember" xlink:label="loc_16" xlink:type="locator"/>
		<link:definitionArc order="20.0" xlink:arcrole="http://xbrl.org/int/dim/arcrole/domain-member" xlink:from="loc_12" xlink:to="loc_16" xlink:type="arc"/>
		<link:loc xlink:href="../../full_ifrs-cor_2025-03-27.xsd#ifrs-full_WhollyOrPartlyFundedDefinedBenefitPlansMember" xlink:label="loc_25" xlink:type="locator"/>
		<link:definitionArc order="20.0" xlink:arcrole="http://xbrl.org/int/dim/arcrole/domain-member" xlink:from="loc_23" xlink:to="loc_25" xlink:type="arc"/>
		<link:loc xlink:href="../../full_ifrs-cor_2025-03-27.xsd#ifrs-full_ActuarialAssumptionOfExpectedRatesOfSalaryIncreasesMember" xlink:label="loc_29" xlink:type="locator"/>
		<link:definitionArc order="20.0" xlink:arcrole="http://xbrl.org/int/dim/arcrole/domain-member" xlink:from="loc_27" xlink:to="loc_29" xlink:type="arc"/>
		<link:loc xlink:href="../../full_ifrs-cor_2025-03-27.xsd#ifrs-full_IncreaseDecreaseInDefinedBenefitObligationDueToReasonablyPossibleIncreaseInActuarialAssumption" xlink:label="loc_39" xlink:type="locator"/>
		<link:definitionArc order="20.0" xlink:arcrole="http://xbrl.org/int/dim/arcrole/domain-member" xlink:from="loc_37" xlink:to="loc_39" xlink:type="arc"/>
		<link:loc xlink:href="../../full_ifrs-cor_2025-03-27.xsd#ifrs-full_StateDefinedBenefitPlansMember" xlink:label="loc_7" xlink:type="locator"/>
		<link:definitionArc order="30.0" xlink:arcrole="http://xbrl.org/int/dim/arcrole/domain-member" xlink:from="loc_4" xlink:to="loc_7" xlink:type="arc"/>
		<link:definitionArc order="30.0" xlink:arcrole="http://xbrl.org/int/dim/arcrole/hypercube-dimension" xlink:from="loc_2" xlink:to="loc_11" xlink:type="arc"/>
		<link:loc xlink:href="../../full_ifrs-cor_2025-03-27.xsd#ifrs-full_ActuarialAssumptionOfMedicalCostTrendRatesMember" xlink:label="loc_30" xlink:type="locator"/>
		<link:definitionArc order="30.0" xlink:arcrole="http://xbrl.org/int/dim/arcrole/domain-member" xlink:from="loc_27" xlink:to="loc_30" xlink:type="arc"/>
		<link:loc xlink:href="../../full_ifrs-cor_2025-03-27.xsd#ifrs-full_PercentageOfReasonablyPossibleDecreaseInActuarialAssumption" xlink:label="loc_40" xlink:type="locator"/>
		<link:definitionArc order="30.0" xlink:arcrole="http://xbrl.org/int/dim/arcrole/domain-member" xlink:from="loc_37" xlink:to="loc_40" xlink:type="arc"/>
		<link:loc xlink:href="../../full_ifrs-cor_2025-03-27.xsd#ifrs-full_DefinedBenefitPlansThatShareRisksBetweenEntitiesUnderCommonControlMember" xlink:label="loc_8" xlink:type="locator"/>
		<link:definitionArc order="40.0" xlink:arcrole="http://xbrl.org/int/dim/arcrole/domain-member" xlink:from="loc_4" xlink:to="loc_8" xlink:type="arc"/>
		<link:definitionArc order="40.0" xlink:arcrole="http://xbrl.org/int/dim/arcrole/hypercube-dimension" xlink:from="loc_2" xlink:to="loc_17" xlink:type="arc"/>
		<link:loc xlink:href="../../full_ifrs-cor_2025-03-27.xsd#ifrs-full_ActuarialAssumptionOfExpectedRatesOfPensionIncreasesMember" xlink:label="loc_31" xlink:type="locator"/>
		<link:definitionArc order="40.0" xlink:arcrole="http://xbrl.org/int/dim/arcrole/domain-member" xlink:from="loc_27" xlink:to="loc_31" xlink:type="arc"/>
		<link:loc xlink:href="../../full_ifrs-cor_2025-03-27.xsd#ifrs-full_IncreaseDecreaseInDefinedBenefitObligationDueToReasonablyPossibleDecreaseInActuarialAssumption" xlink:label="loc_41" xlink:type="locator"/>
		<link:definitionArc order="40.0" xlink:arcrole="http://xbrl.org/int/dim/arcrole/domain-member" xlink:from="loc_37" xlink:to="loc_41" xlink:type="arc"/>
		<link:definitionArc order="50.0" xlink:arcrole="http://xbrl.org/int/dim/arcrole/hypercube-dimension" xlink:from="loc_2" xlink:to="loc_19" xlink:type="arc"/>
		<link:loc xlink:href="../../full_ifrs-cor_2025-03-27.xsd#ifrs-full_ActuarialAssumptionOfExpectedRatesOfInflationMember" xlink:label="loc_32" xlink:type="locator"/>
		<link:definitionArc order="50.0" xlink:arcrole="http://xbrl.org/int/dim/arcrole/domain-member" xlink:from="loc_27" xlink:to="loc_32" xlink:type="arc"/>
		<link:loc xlink:href="../../full_ifrs-cor_2025-03-27.xsd#ifrs-full_DescriptionOfMethodsAndAssumptionsUsedInPreparingSensitivityAnalysisForActuarialAssumptions" xlink:label="loc_42" xlink:type="locator"/>
		<link:definitionArc order="50.0" xlink:arcrole="http://xbrl.org/int/dim/arcrole/domain-member" xlink:from="loc_37" xlink:to="loc_42" xlink:type="arc"/>
		<link:definitionArc order="60.0" xlink:arcrole="http://xbrl.org/int/dim/arcrole/hypercube-dimension" xlink:from="loc_2" xlink:to="loc_22" xlink:type="arc"/>
		<link:loc xlink:href="../../full_ifrs-cor_2025-03-27.xsd#ifrs-full_ActuarialAssumptionOfMortalityRatesMember" xlink:label="loc_33" xlink:type="locator"/>
		<link:definitionArc order="60.0" xlink:arcrole="http://xbrl.org/int/dim/arcrole/domain-member" xlink:from="loc_27" xlink:to="loc_33" xlink:type="arc"/>
		<link:loc xlink:href="../../full_ifrs-cor_2025-03-27.xsd#ifrs-full_DescriptionOfLimitationsOfMethodsUsedInPreparingSensitivityAnalysisForActuarialAssumptions" xlink:label="loc_43" xlink:type="locator"/>
		<link:definitionArc order="60.0" xlink:arcrole="http://xbrl.org/int/dim/arcrole/domain-member" xlink:from="loc_37" xlink:to="loc_43" xlink:type="arc"/>
		<link:definitionArc order="70.0" xlink:arcrole="http://xbrl.org/int/dim/arcrole/hypercube-dimension" xlink:from="loc_2" xlink:to="loc_26" xlink:type="arc"/>
		<link:loc xlink:href="../../full_ifrs-cor_2025-03-27.xsd#ifrs-full_ActuarialAssumptionOfRetirementAgeMember" xlink:label="loc_34" xlink:type="locator"/>
		<link:definitionArc order="70.0" xlink:arcrole="http://xbrl.org/int/dim/arcrole/domain-member" xlink:from="loc_27" xlink:to="loc_34" xlink:type="arc"/>
		<link:loc xlink:href="../../full_ifrs-cor_2025-03-27.xsd#ifrs-full_DescriptionOfChangesInMethodsAndAssumptionsUsedInPreparingSensitivityAnalysisForActuarialAssumptions" xlink:label="loc_44" xlink:type="locator"/>
		<link:definitionArc order="70.0" xlink:arcrole="http://xbrl.org/int/dim/arcrole/domain-member" xlink:from="loc_37" xlink:to="loc_44" xlink:type="arc"/>
		<link:loc xlink:href="../../full_ifrs-cor_2025-03-27.xsd#ifrs-full_ActuarialAssumptionOfLifeExpectancyAfterRetirementMember" xlink:label="loc_35" xlink:type="locator"/>
		<link:definitionArc order="80.0" xlink:arcrole="http://xbrl.org/int/dim/arcrole/domain-member" xlink:from="loc_27" xlink:to="loc_35" xlink:type="arc"/>
		<link:loc xlink:href="../../full_ifrs-cor_2025-03-27.xsd#ifrs-full_DescriptionOfReasonsForChangesInMethodsAndAssumptionsUsedInPreparingSensitivityAnalysisForActuarialAssumptions" xlink:label="loc_45" xlink:type="locator"/>
		<link:definitionArc order="80.0" xlink:arcrole="http://xbrl.org/int/dim/arcrole/domain-member" xlink:from="loc_37" xlink:to="loc_45" xlink:type="arc"/>
		<link:loc xlink:href="../../full_ifrs-cor_2025-03-27.xsd#ifrs-full_OtherMaterialActuarialAssumptionsMember" xlink:label="loc_36" xlink:type="locator"/>
		<link:definitionArc order="90.0" xlink:arcrole="http://xbrl.org/int/dim/arcrole/domain-member" xlink:from="loc_27" xlink:to="loc_36" xlink:type="arc"/>
	</link:definitionLink>
</link:linkbase>
