<?xml version="1.0" encoding="UTF-8"?>
<!-- IFRS Accounting Taxonomy 2025.**********************         Copyright (c) 2025 IFRS Foundation        All rights reserved. Reproduction and use rights are strictly limited.For more information on the IFRS Foundation's copyright and the terms and conditions of use for these files, please refer to https://www.ifrs.org/legal/terms-and-conditions/. The IFRS Foundation has trade marks registered around the world (Marks) including 'IAS', 'IASB', the IASB logo, 'IFRIC', 'IFRS', the IFRS logo, 'IFRS for SMEs', the IFRS for SMEs logo, the 'Hexagon Device', 'International Accounting Standards', 'International Financial Reporting Standards', 'NIIF' and 'SIC'. Further details of the IFRS Foundation's Marks are available from the IFRS Foundation on request.        ********************** -->
<link:linkbase xmlns:link="http://www.xbrl.org/2003/linkbase" xmlns:xbrldt="http://xbrl.org/2005/xbrldt" xmlns:xlink="http://www.w3.org/1999/xlink" xmlns:xsi="http://www.w3.org/2001/XMLSchema-instance" xsi:schemaLocation="http://www.xbrl.org/2003/linkbase http://www.xbrl.org/2003/xbrl-linkbase-2003-12-31.xsd http://xbrl.org/2005/xbrldt http://www.xbrl.org/2005/xbrldt-2005.xsd">
	<link:roleRef roleURI="https://xbrl.ifrs.org/role/ifrs-ea/ifrs_19_2025-03-27_role-890000a" xlink:href="rol_ifrs_19_2025-03-27.xsd#ifrs_19_2025-03-27_role-890000a" xlink:type="simple"/>
	<link:roleRef roleURI="https://xbrl.ifrs.org/role/ifrs-ea/ifrs_19_2025-03-27_role-890000b" xlink:href="rol_ifrs_19_2025-03-27.xsd#ifrs_19_2025-03-27_role-890000b" xlink:type="simple"/>
	<link:arcroleRef arcroleURI="http://xbrl.org/int/dim/arcrole/all" xlink:href="http://www.xbrl.org/2005/xbrldt-2005.xsd#all" xlink:type="simple"/>
	<link:arcroleRef arcroleURI="http://xbrl.org/int/dim/arcrole/hypercube-dimension" xlink:href="http://www.xbrl.org/2005/xbrldt-2005.xsd#hypercube-dimension" xlink:type="simple"/>
	<link:arcroleRef arcroleURI="http://xbrl.org/int/dim/arcrole/dimension-domain" xlink:href="http://www.xbrl.org/2005/xbrldt-2005.xsd#dimension-domain" xlink:type="simple"/>
	<link:arcroleRef arcroleURI="http://xbrl.org/int/dim/arcrole/domain-member" xlink:href="http://www.xbrl.org/2005/xbrldt-2005.xsd#domain-member" xlink:type="simple"/>
	<link:definitionLink xlink:role="https://xbrl.ifrs.org/role/ifrs-ea/ifrs_19_2025-03-27_role-890000a" xlink:type="extended">
		<link:loc xlink:href="../../full_ifrs-cor_2025-03-27.xsd#ifrs-full_DisclosureOfMaturityAnalysisOfFinanceLeasePaymentsReceivableTable" xlink:label="loc_2" xlink:type="locator"/>
		<link:loc xlink:href="../../full_ifrs-cor_2025-03-27.xsd#ifrs-full_DisclosureOfMaturityAnalysisOfFinanceLeasePaymentsReceivableAbstract" xlink:label="loc_1" xlink:type="locator"/>
		<link:definitionArc order="10.0" xbrldt:closed="true" xbrldt:contextElement="scenario" xlink:arcrole="http://xbrl.org/int/dim/arcrole/all" xlink:from="loc_1" xlink:to="loc_2" xlink:type="arc"/>
		<link:loc xlink:href="../../full_ifrs-cor_2025-03-27.xsd#ifrs-full_MaturityAxis" xlink:label="loc_3" xlink:type="locator"/>
		<link:definitionArc order="10.0" xlink:arcrole="http://xbrl.org/int/dim/arcrole/hypercube-dimension" xlink:from="loc_2" xlink:to="loc_3" xlink:type="arc"/>
		<link:loc xlink:href="../../full_ifrs-cor_2025-03-27.xsd#ifrs-full_MaturityDomain" xlink:label="loc_4" xlink:type="locator"/>
		<link:definitionArc order="10.0" xlink:arcrole="http://xbrl.org/int/dim/arcrole/dimension-domain" xlink:from="loc_3" xlink:to="loc_4" xlink:type="arc"/>
		<link:loc xlink:href="../../full_ifrs-cor_2025-03-27.xsd#ifrs-full_NotLaterThanOneYearMember" xlink:label="loc_5" xlink:type="locator"/>
		<link:definitionArc order="10.0" xlink:arcrole="http://xbrl.org/int/dim/arcrole/domain-member" xlink:from="loc_4" xlink:to="loc_5" xlink:type="arc"/>
		<link:loc xlink:href="../../full_ifrs-cor_2025-03-27.xsd#ifrs-full_UndiscountedFinanceLeasePaymentsToBeReceived" xlink:label="loc_9" xlink:type="locator"/>
		<link:loc xlink:href="../../full_ifrs-cor_2025-03-27.xsd#ifrs-full_DisclosureOfMaturityAnalysisOfFinanceLeasePaymentsReceivableLineItems" xlink:label="loc_8" xlink:type="locator"/>
		<link:definitionArc order="10.0" xlink:arcrole="http://xbrl.org/int/dim/arcrole/domain-member" xlink:from="loc_8" xlink:to="loc_9" xlink:type="arc"/>
		<link:loc xlink:href="../../full_ifrs-cor_2025-03-27.xsd#ifrs-full_LaterThanOneYearAndNotLaterThanFiveYearsMember" xlink:label="loc_6" xlink:type="locator"/>
		<link:definitionArc order="20.0" xlink:arcrole="http://xbrl.org/int/dim/arcrole/domain-member" xlink:from="loc_4" xlink:to="loc_6" xlink:type="arc"/>
		<link:definitionArc order="20.0" xlink:arcrole="http://xbrl.org/int/dim/arcrole/domain-member" xlink:from="loc_1" xlink:to="loc_8" xlink:type="arc"/>
		<link:loc xlink:href="../../full_ifrs-cor_2025-03-27.xsd#ifrs-full_LaterThanFiveYearsMember" xlink:label="loc_7" xlink:type="locator"/>
		<link:definitionArc order="30.0" xlink:arcrole="http://xbrl.org/int/dim/arcrole/domain-member" xlink:from="loc_4" xlink:to="loc_7" xlink:type="arc"/>
	</link:definitionLink>
	<link:definitionLink xlink:role="https://xbrl.ifrs.org/role/ifrs-ea/ifrs_19_2025-03-27_role-890000b" xlink:type="extended">
		<link:loc xlink:href="../../full_ifrs-cor_2025-03-27.xsd#ifrs-full_DisclosureOfMaturityAnalysisOfOperatingLeasePaymentsTable" xlink:label="loc_2" xlink:type="locator"/>
		<link:loc xlink:href="../../full_ifrs-cor_2025-03-27.xsd#ifrs-full_DisclosureOfMaturityAnalysisOfOperatingLeasePaymentsAbstract" xlink:label="loc_1" xlink:type="locator"/>
		<link:definitionArc order="10.0" xbrldt:closed="true" xbrldt:contextElement="scenario" xlink:arcrole="http://xbrl.org/int/dim/arcrole/all" xlink:from="loc_1" xlink:to="loc_2" xlink:type="arc"/>
		<link:loc xlink:href="../../full_ifrs-cor_2025-03-27.xsd#ifrs-full_MaturityAxis" xlink:label="loc_3" xlink:type="locator"/>
		<link:definitionArc order="10.0" xlink:arcrole="http://xbrl.org/int/dim/arcrole/hypercube-dimension" xlink:from="loc_2" xlink:to="loc_3" xlink:type="arc"/>
		<link:loc xlink:href="../../full_ifrs-cor_2025-03-27.xsd#ifrs-full_MaturityDomain" xlink:label="loc_4" xlink:type="locator"/>
		<link:definitionArc order="10.0" xlink:arcrole="http://xbrl.org/int/dim/arcrole/dimension-domain" xlink:from="loc_3" xlink:to="loc_4" xlink:type="arc"/>
		<link:loc xlink:href="../../full_ifrs-cor_2025-03-27.xsd#ifrs-full_NotLaterThanOneYearMember" xlink:label="loc_5" xlink:type="locator"/>
		<link:definitionArc order="10.0" xlink:arcrole="http://xbrl.org/int/dim/arcrole/domain-member" xlink:from="loc_4" xlink:to="loc_5" xlink:type="arc"/>
		<link:loc xlink:href="../../full_ifrs-cor_2025-03-27.xsd#ifrs-full_UndiscountedOperatingLeasePaymentsToBeReceived" xlink:label="loc_9" xlink:type="locator"/>
		<link:loc xlink:href="../../full_ifrs-cor_2025-03-27.xsd#ifrs-full_DisclosureOfMaturityAnalysisOfOperatingLeasePaymentsLineItems" xlink:label="loc_8" xlink:type="locator"/>
		<link:definitionArc order="10.0" xlink:arcrole="http://xbrl.org/int/dim/arcrole/domain-member" xlink:from="loc_8" xlink:to="loc_9" xlink:type="arc"/>
		<link:loc xlink:href="../../full_ifrs-cor_2025-03-27.xsd#ifrs-full_LaterThanOneYearAndNotLaterThanFiveYearsMember" xlink:label="loc_6" xlink:type="locator"/>
		<link:definitionArc order="20.0" xlink:arcrole="http://xbrl.org/int/dim/arcrole/domain-member" xlink:from="loc_4" xlink:to="loc_6" xlink:type="arc"/>
		<link:definitionArc order="20.0" xlink:arcrole="http://xbrl.org/int/dim/arcrole/domain-member" xlink:from="loc_1" xlink:to="loc_8" xlink:type="arc"/>
		<link:loc xlink:href="../../full_ifrs-cor_2025-03-27.xsd#ifrs-full_LaterThanFiveYearsMember" xlink:label="loc_7" xlink:type="locator"/>
		<link:definitionArc order="30.0" xlink:arcrole="http://xbrl.org/int/dim/arcrole/domain-member" xlink:from="loc_4" xlink:to="loc_7" xlink:type="arc"/>
	</link:definitionLink>
</link:linkbase>
