<?xml version="1.0" encoding="UTF-8"?>
<link:linkbase xmlns:link="http://www.xbrl.org/2003/linkbase" xmlns:gen="http://xbrl.org/2008/generic" xmlns:ref="http://www.xbrl.org/2006/ref" xmlns:reference="http://xbrl.org/2008/reference" xmlns:xbrldt="http://xbrl.org/2005/xbrldt" xmlns:xlink="http://www.w3.org/1999/xlink" xmlns:xsi="http://www.w3.org/2001/XMLSchema-instance" xsi:schemaLocation="http://www.xbrl.org/2003/linkbase http://www.xbrl.org/2003/xbrl-linkbase-2003-12-31.xsd http://www.w3.org/1999/xlink http://www.xbrl.org/2003/xlink-2003-12-31.xsd http://xbrl.org/2008/generic http://www.xbrl.org/2008/generic-link.xsd http://www.xbrl.org/2006/ref http://www.xbrl.org/2006/ref-2006-02-27.xsd http://xbrl.org/2008/reference http://www.xbrl.org/2008/generic-reference.xsd">
  <link:arcroleRef arcroleURI="http://xbrl.org/arcrole/2008/element-reference" xlink:type="simple" xlink:href="http://www.xbrl.org/2008/generic-reference.xsd#element-reference" />
  <link:roleRef roleURI="http://www.xbrl.org/2008/role/link" xlink:type="simple" xlink:href="http://www.xbrl.org/2008/generic-link.xsd#standard-link-role" />
  <link:roleRef roleURI="http://www.xbrl.org/2008/role/reference" xlink:type="simple" xlink:href="http://www.xbrl.org/2008/generic-reference.xsd#standard-reference" />
  <gen:link xlink:role="http://www.xbrl.org/2008/role/link" xlink:type="extended">
    <link:loc xlink:href="rol_mc_2025-03-27.xsd#mc_2025-03-27_role-105000" xlink:label="loc_1" xlink:type="locator" />
    <reference:reference xlink:label="res_1" xlink:type="resource" xlink:role="http://www.xbrl.org/2008/role/reference">
      <ref:Name>Practice statement</ref:Name>
      <ref:Number>Management commentary</ref:Number>
      <ref:IssueDate>2025-01-01</ref:IssueDate>
    </reference:reference>
    <gen:arc xlink:type="arc" xlink:arcrole="http://xbrl.org/arcrole/2008/element-reference" xlink:from="loc_1" xlink:to="res_1" />
  </gen:link>
</link:linkbase>
