<?xml version="1.0" encoding="UTF-8"?>
<!-- IFRS Accounting Taxonomy 2025.**********************         Copyright (c) 2025 IFRS Foundation        All rights reserved. Reproduction and use rights are strictly limited.For more information on the IFRS Foundation's copyright and the terms and conditions of use for these files, please refer to https://www.ifrs.org/legal/terms-and-conditions/. The IFRS Foundation has trade marks registered around the world (Marks) including 'IAS', 'IASB', the IASB logo, 'IFRIC', 'IFRS', the IFRS logo, 'IFRS for SMEs', the IFRS for SMEs logo, the 'Hexagon Device', 'International Accounting Standards', 'International Financial Reporting Standards', 'NIIF' and 'SIC'. Further details of the IFRS Foundation's Marks are available from the IFRS Foundation on request.        ********************** -->
<link:linkbase xmlns:link="http://www.xbrl.org/2003/linkbase" xmlns:ref="http://www.xbrl.org/2006/ref" xmlns:xbrldt="http://xbrl.org/2005/xbrldt" xmlns:xlink="http://www.w3.org/1999/xlink" xmlns:xsi="http://www.w3.org/2001/XMLSchema-instance" xsi:schemaLocation="http://www.xbrl.org/2003/linkbase http://www.xbrl.org/2003/xbrl-linkbase-2003-12-31.xsd http://www.w3.org/1999/xlink http://www.xbrl.org/2003/xlink-2003-12-31.xsd http://www.xbrl.org/2006/ref http://www.xbrl.org/2006/ref-2006-02-27.xsd">
	<link:referenceLink xlink:role="http://www.xbrl.org/2003/role/link" xlink:type="extended">
		<link:reference xlink:label="res_1" xlink:role="http://www.xbrl.org/2003/role/disclosureRef" xlink:type="resource">
			<ref:Name>IAS</ref:Name>
			<ref:Number>26</ref:Number>
			<ref:IssueDate>2025-01-01</ref:IssueDate>
			<ref:Paragraph>35</ref:Paragraph>
			<ref:Subparagraph>b</ref:Subparagraph>
			<ref:Clause>viii</ref:Clause>
			<ref:URI>https://taxonomy.ifrs.org/xifrs-link?type=IAS&amp;num=26&amp;code=ifrs-tx-2025-en-r&amp;anchor=para_35_b_viii&amp;doctype=Standard</ref:URI>
			<ref:URIDate>2025-03-27</ref:URIDate>
		</link:reference>
		<link:loc xlink:href="../../full_ifrs-cor_2025-03-27.xsd#ifrs-full_IncomeTaxExpenseContinuingOperations" xlink:label="loc_1" xlink:type="locator"/>
		<link:referenceArc xlink:arcrole="http://www.xbrl.org/2003/arcrole/concept-reference" xlink:from="loc_1" xlink:to="res_1" xlink:type="arc"/>
		<link:reference xlink:label="res_2" xlink:role="http://www.xbrl.org/2003/role/disclosureRef" xlink:type="resource">
			<ref:Name>IAS</ref:Name>
			<ref:Number>26</ref:Number>
			<ref:IssueDate>2025-01-01</ref:IssueDate>
			<ref:Paragraph>35</ref:Paragraph>
			<ref:Subparagraph>b</ref:Subparagraph>
			<ref:Clause>vii</ref:Clause>
			<ref:URI>https://taxonomy.ifrs.org/xifrs-link?type=IAS&amp;num=26&amp;code=ifrs-tx-2025-en-r&amp;anchor=para_35_b_vii&amp;doctype=Standard</ref:URI>
			<ref:URIDate>2025-03-27</ref:URIDate>
		</link:reference>
		<link:loc xlink:href="../../full_ifrs-cor_2025-03-27.xsd#ifrs-full_OtherExpenseByFunction" xlink:label="loc_2" xlink:type="locator"/>
		<link:referenceArc xlink:arcrole="http://www.xbrl.org/2003/arcrole/concept-reference" xlink:from="loc_2" xlink:to="res_2" xlink:type="arc"/>
		<link:reference xlink:label="res_3" xlink:role="http://www.xbrl.org/2003/role/disclosureRef" xlink:type="resource">
			<ref:Name>IAS</ref:Name>
			<ref:Number>26</ref:Number>
			<ref:IssueDate>2025-01-01</ref:IssueDate>
			<ref:Paragraph>35</ref:Paragraph>
			<ref:Subparagraph>b</ref:Subparagraph>
			<ref:Clause>iv</ref:Clause>
			<ref:URI>https://taxonomy.ifrs.org/xifrs-link?type=IAS&amp;num=26&amp;code=ifrs-tx-2025-en-r&amp;anchor=para_35_b_iv&amp;doctype=Standard</ref:URI>
			<ref:URIDate>2025-03-27</ref:URIDate>
		</link:reference>
		<link:loc xlink:href="../../full_ifrs-cor_2025-03-27.xsd#ifrs-full_OtherIncome" xlink:label="loc_3" xlink:type="locator"/>
		<link:referenceArc xlink:arcrole="http://www.xbrl.org/2003/arcrole/concept-reference" xlink:from="loc_3" xlink:to="res_3" xlink:type="arc"/>
		<link:reference xlink:label="res_4" xlink:role="http://www.xbrl.org/2003/role/disclosureRef" xlink:type="resource">
			<ref:Name>IAS</ref:Name>
			<ref:Number>26</ref:Number>
			<ref:IssueDate>2025-01-01</ref:IssueDate>
			<ref:Paragraph>35</ref:Paragraph>
			<ref:Subparagraph>b</ref:Subparagraph>
			<ref:Clause>vi</ref:Clause>
			<ref:URI>https://taxonomy.ifrs.org/xifrs-link?type=IAS&amp;num=26&amp;code=ifrs-tx-2025-en-r&amp;anchor=para_35_b_vi&amp;doctype=Standard</ref:URI>
			<ref:URIDate>2025-03-27</ref:URIDate>
		</link:reference>
		<link:loc xlink:href="../../full_ifrs-cor_2025-03-27.xsd#ifrs-full_AdministrativeExpense" xlink:label="loc_4" xlink:type="locator"/>
		<link:referenceArc xlink:arcrole="http://www.xbrl.org/2003/arcrole/concept-reference" xlink:from="loc_4" xlink:to="res_4" xlink:type="arc"/>
		<link:reference xlink:label="res_5" xlink:role="http://www.xbrl.org/2003/role/disclosureRef" xlink:type="resource">
			<ref:Name>IAS</ref:Name>
			<ref:Number>26</ref:Number>
			<ref:IssueDate>2025-01-01</ref:IssueDate>
			<ref:Paragraph>35</ref:Paragraph>
			<ref:Subparagraph>b</ref:Subparagraph>
			<ref:Clause>iii</ref:Clause>
			<ref:URI>https://taxonomy.ifrs.org/xifrs-link?type=IAS&amp;num=26&amp;code=ifrs-tx-2025-en-r&amp;anchor=para_35_b_iii&amp;doctype=Standard</ref:URI>
			<ref:URIDate>2025-03-27</ref:URIDate>
		</link:reference>
		<link:loc xlink:href="../../full_ifrs-cor_2025-03-27.xsd#ifrs-full_InvestmentIncome" xlink:label="loc_5" xlink:type="locator"/>
		<link:referenceArc xlink:arcrole="http://www.xbrl.org/2003/arcrole/concept-reference" xlink:from="loc_5" xlink:to="res_5" xlink:type="arc"/>
		<link:reference xlink:label="res_6" xlink:role="http://www.xbrl.org/2003/role/disclosureRef" xlink:type="resource">
			<ref:Name>IAS</ref:Name>
			<ref:Number>26</ref:Number>
			<ref:IssueDate>2025-01-01</ref:IssueDate>
			<ref:Paragraph>35</ref:Paragraph>
			<ref:Subparagraph>a</ref:Subparagraph>
			<ref:Clause>ii</ref:Clause>
			<ref:URI>https://taxonomy.ifrs.org/xifrs-link?type=IAS&amp;num=26&amp;code=ifrs-tx-2025-en-r&amp;anchor=para_35_a_ii&amp;doctype=Standard</ref:URI>
			<ref:URIDate>2025-03-27</ref:URIDate>
		</link:reference>
		<link:loc xlink:href="../../full_ifrs-cor_2025-03-27.xsd#ifrs-full_DescriptionOfBasisOfValuationOfAssetsAvailableForBenefits" xlink:label="loc_6" xlink:type="locator"/>
		<link:referenceArc xlink:arcrole="http://www.xbrl.org/2003/arcrole/concept-reference" xlink:from="loc_6" xlink:to="res_6" xlink:type="arc"/>
		<link:reference xlink:label="res_7" xlink:role="http://www.xbrl.org/2003/role/disclosureRef" xlink:type="resource">
			<ref:Name>IAS</ref:Name>
			<ref:Number>26</ref:Number>
			<ref:IssueDate>2025-01-01</ref:IssueDate>
			<ref:Paragraph>35</ref:Paragraph>
			<ref:Subparagraph>a</ref:Subparagraph>
			<ref:Clause>iii</ref:Clause>
			<ref:URI>https://taxonomy.ifrs.org/xifrs-link?type=IAS&amp;num=26&amp;code=ifrs-tx-2025-en-r&amp;anchor=para_35_a_iii&amp;doctype=Standard</ref:URI>
			<ref:URIDate>2025-03-27</ref:URIDate>
		</link:reference>
		<link:loc xlink:href="../../full_ifrs-cor_2025-03-27.xsd#ifrs-full_ExplanationOfDetailsOfInvestmentExceedingEitherFivePerCentOfNetAssetsAvailableForBenefitsOrFivePerCentOfAnyClassOrTypeOfSecurity" xlink:label="loc_7" xlink:type="locator"/>
		<link:referenceArc xlink:arcrole="http://www.xbrl.org/2003/arcrole/concept-reference" xlink:from="loc_7" xlink:to="res_7" xlink:type="arc"/>
		<link:reference xlink:label="res_8" xlink:role="http://www.xbrl.org/2003/role/disclosureRef" xlink:type="resource">
			<ref:Name>IAS</ref:Name>
			<ref:Number>26</ref:Number>
			<ref:IssueDate>2025-01-01</ref:IssueDate>
			<ref:Paragraph>35</ref:Paragraph>
			<ref:Subparagraph>a</ref:Subparagraph>
			<ref:Clause>iv</ref:Clause>
			<ref:URI>https://taxonomy.ifrs.org/xifrs-link?type=IAS&amp;num=26&amp;code=ifrs-tx-2025-en-r&amp;anchor=para_35_a_iv&amp;doctype=Standard</ref:URI>
			<ref:URIDate>2025-03-27</ref:URIDate>
		</link:reference>
		<link:loc xlink:href="../../full_ifrs-cor_2025-03-27.xsd#ifrs-full_ExplanationOfDetailsOfAnyInvestmentInEmployer" xlink:label="loc_8" xlink:type="locator"/>
		<link:referenceArc xlink:arcrole="http://www.xbrl.org/2003/arcrole/concept-reference" xlink:from="loc_8" xlink:to="res_8" xlink:type="arc"/>
		<link:reference xlink:label="res_9" xlink:role="http://www.xbrl.org/2003/role/disclosureRef" xlink:type="resource">
			<ref:Name>IAS</ref:Name>
			<ref:Number>26</ref:Number>
			<ref:IssueDate>2025-01-01</ref:IssueDate>
			<ref:Paragraph>35</ref:Paragraph>
			<ref:Subparagraph>b</ref:Subparagraph>
			<ref:Clause>i</ref:Clause>
			<ref:URI>https://taxonomy.ifrs.org/xifrs-link?type=IAS&amp;num=26&amp;code=ifrs-tx-2025-en-r&amp;anchor=para_35_b_i&amp;doctype=Standard</ref:URI>
			<ref:URIDate>2025-03-27</ref:URIDate>
		</link:reference>
		<link:loc xlink:href="../../full_ifrs-cor_2025-03-27.xsd#ifrs-full_EmployerContributions" xlink:label="loc_9" xlink:type="locator"/>
		<link:referenceArc xlink:arcrole="http://www.xbrl.org/2003/arcrole/concept-reference" xlink:from="loc_9" xlink:to="res_9" xlink:type="arc"/>
		<link:reference xlink:label="res_10" xlink:role="http://www.xbrl.org/2003/role/disclosureRef" xlink:type="resource">
			<ref:Name>IAS</ref:Name>
			<ref:Number>26</ref:Number>
			<ref:IssueDate>2025-01-01</ref:IssueDate>
			<ref:Paragraph>35</ref:Paragraph>
			<ref:Subparagraph>b</ref:Subparagraph>
			<ref:Clause>ii</ref:Clause>
			<ref:URI>https://taxonomy.ifrs.org/xifrs-link?type=IAS&amp;num=26&amp;code=ifrs-tx-2025-en-r&amp;anchor=para_35_b_ii&amp;doctype=Standard</ref:URI>
			<ref:URIDate>2025-03-27</ref:URIDate>
		</link:reference>
		<link:loc xlink:href="../../full_ifrs-cor_2025-03-27.xsd#ifrs-full_EmployeeContributions" xlink:label="loc_10" xlink:type="locator"/>
		<link:referenceArc xlink:arcrole="http://www.xbrl.org/2003/arcrole/concept-reference" xlink:from="loc_10" xlink:to="res_10" xlink:type="arc"/>
		<link:reference xlink:label="res_11" xlink:role="http://www.xbrl.org/2003/role/disclosureRef" xlink:type="resource">
			<ref:Name>IAS</ref:Name>
			<ref:Number>26</ref:Number>
			<ref:IssueDate>2025-01-01</ref:IssueDate>
			<ref:Paragraph>35</ref:Paragraph>
			<ref:Subparagraph>b</ref:Subparagraph>
			<ref:Clause>v</ref:Clause>
			<ref:URI>https://taxonomy.ifrs.org/xifrs-link?type=IAS&amp;num=26&amp;code=ifrs-tx-2025-en-r&amp;anchor=para_35_b_v&amp;doctype=Standard</ref:URI>
			<ref:URIDate>2025-03-27</ref:URIDate>
		</link:reference>
		<link:loc xlink:href="../../full_ifrs-cor_2025-03-27.xsd#ifrs-full_BenefitsPaidOrPayable" xlink:label="loc_11" xlink:type="locator"/>
		<link:referenceArc xlink:arcrole="http://www.xbrl.org/2003/arcrole/concept-reference" xlink:from="loc_11" xlink:to="res_11" xlink:type="arc"/>
		<link:reference xlink:label="res_12" xlink:role="http://www.xbrl.org/2003/role/disclosureRef" xlink:type="resource">
			<ref:Name>IAS</ref:Name>
			<ref:Number>26</ref:Number>
			<ref:IssueDate>2025-01-01</ref:IssueDate>
			<ref:Paragraph>35</ref:Paragraph>
			<ref:Subparagraph>b</ref:Subparagraph>
			<ref:Clause>ix</ref:Clause>
			<ref:URI>https://taxonomy.ifrs.org/xifrs-link?type=IAS&amp;num=26&amp;code=ifrs-tx-2025-en-r&amp;anchor=para_35_b_ix&amp;doctype=Standard</ref:URI>
			<ref:URIDate>2025-03-27</ref:URIDate>
		</link:reference>
		<link:loc xlink:href="../../full_ifrs-cor_2025-03-27.xsd#ifrs-full_ProfitsLossesOnDisposalOfInvestmentsAndChangesInValueOfInvestments" xlink:label="loc_12" xlink:type="locator"/>
		<link:referenceArc xlink:arcrole="http://www.xbrl.org/2003/arcrole/concept-reference" xlink:from="loc_12" xlink:to="res_12" xlink:type="arc"/>
		<link:reference xlink:label="res_13" xlink:role="http://www.xbrl.org/2003/role/disclosureRef" xlink:type="resource">
			<ref:Name>IAS</ref:Name>
			<ref:Number>26</ref:Number>
			<ref:IssueDate>2025-01-01</ref:IssueDate>
			<ref:Paragraph>35</ref:Paragraph>
			<ref:Subparagraph>b</ref:Subparagraph>
			<ref:Clause>x</ref:Clause>
			<ref:URI>https://taxonomy.ifrs.org/xifrs-link?type=IAS&amp;num=26&amp;code=ifrs-tx-2025-en-r&amp;anchor=para_35_b_x&amp;doctype=Standard</ref:URI>
			<ref:URIDate>2025-03-27</ref:URIDate>
		</link:reference>
		<link:loc xlink:href="../../full_ifrs-cor_2025-03-27.xsd#ifrs-full_TransfersFromToOtherRetirementBenefitPlans" xlink:label="loc_13" xlink:type="locator"/>
		<link:referenceArc xlink:arcrole="http://www.xbrl.org/2003/arcrole/concept-reference" xlink:from="loc_13" xlink:to="res_13" xlink:type="arc"/>
		<link:reference xlink:label="res_14" xlink:role="http://www.xbrl.org/2003/role/disclosureRef" xlink:type="resource">
			<ref:Name>IAS</ref:Name>
			<ref:Number>26</ref:Number>
			<ref:IssueDate>2025-01-01</ref:IssueDate>
			<ref:Paragraph>35</ref:Paragraph>
			<ref:Subparagraph>c</ref:Subparagraph>
			<ref:URI>https://taxonomy.ifrs.org/xifrs-link?type=IAS&amp;num=26&amp;code=ifrs-tx-2025-en-r&amp;anchor=para_35_c&amp;doctype=Standard</ref:URI>
			<ref:URIDate>2025-03-27</ref:URIDate>
		</link:reference>
		<link:loc xlink:href="../../full_ifrs-cor_2025-03-27.xsd#ifrs-full_DescriptionOfFundingPolicy" xlink:label="loc_14" xlink:type="locator"/>
		<link:referenceArc xlink:arcrole="http://www.xbrl.org/2003/arcrole/concept-reference" xlink:from="loc_14" xlink:to="res_14" xlink:type="arc"/>
		<link:reference xlink:label="res_15" xlink:role="http://www.xbrl.org/2003/role/disclosureRef" xlink:type="resource">
			<ref:Name>IAS</ref:Name>
			<ref:Number>26</ref:Number>
			<ref:IssueDate>2025-01-01</ref:IssueDate>
			<ref:Paragraph>35</ref:Paragraph>
			<ref:Subparagraph>d</ref:Subparagraph>
			<ref:URI>https://taxonomy.ifrs.org/xifrs-link?type=IAS&amp;num=26&amp;code=ifrs-tx-2025-en-r&amp;anchor=para_35_d&amp;doctype=Standard</ref:URI>
			<ref:URIDate>2025-03-27</ref:URIDate>
		</link:reference>
		<link:loc xlink:href="../../full_ifrs-cor_2025-03-27.xsd#ifrs-full_ActuarialPresentValueOfPromisedRetirementBenefits" xlink:label="loc_15" xlink:type="locator"/>
		<link:referenceArc xlink:arcrole="http://www.xbrl.org/2003/arcrole/concept-reference" xlink:from="loc_15" xlink:to="res_15" xlink:type="arc"/>
		<link:reference xlink:label="res_16" xlink:role="http://www.xbrl.org/2003/role/disclosureRef" xlink:type="resource">
			<ref:Name>IAS</ref:Name>
			<ref:Number>26</ref:Number>
			<ref:IssueDate>2025-01-01</ref:IssueDate>
			<ref:Paragraph>35</ref:Paragraph>
			<ref:Subparagraph>e</ref:Subparagraph>
			<ref:URI>https://taxonomy.ifrs.org/xifrs-link?type=IAS&amp;num=26&amp;code=ifrs-tx-2025-en-r&amp;anchor=para_35_e&amp;doctype=Standard</ref:URI>
			<ref:URIDate>2025-03-27</ref:URIDate>
		</link:reference>
		<link:loc xlink:href="../../full_ifrs-cor_2025-03-27.xsd#ifrs-full_DescriptionOfSignificantActuarialAssumptionsMadeAndMethodUsedToCalculateActuarialPresentValueOfPromisedRetirementBenefits" xlink:label="loc_16" xlink:type="locator"/>
		<link:referenceArc xlink:arcrole="http://www.xbrl.org/2003/arcrole/concept-reference" xlink:from="loc_16" xlink:to="res_16" xlink:type="arc"/>
		<link:reference xlink:label="res_17" xlink:role="http://www.xbrl.org/2003/role/disclosureRef" xlink:type="resource">
			<ref:Name>IAS</ref:Name>
			<ref:Number>26</ref:Number>
			<ref:IssueDate>2025-01-01</ref:IssueDate>
			<ref:Paragraph>36</ref:Paragraph>
			<ref:URI>https://taxonomy.ifrs.org/xifrs-link?type=IAS&amp;num=26&amp;code=ifrs-tx-2025-en-r&amp;anchor=para_36&amp;doctype=Standard</ref:URI>
			<ref:URIDate>2025-03-27</ref:URIDate>
		</link:reference>
		<link:loc xlink:href="../../full_ifrs-cor_2025-03-27.xsd#ifrs-full_DescriptionOfRetirementBenefitPlan" xlink:label="loc_17" xlink:type="locator"/>
		<link:referenceArc xlink:arcrole="http://www.xbrl.org/2003/arcrole/concept-reference" xlink:from="loc_17" xlink:to="res_17" xlink:type="arc"/>
		<link:reference xlink:label="res_18" xlink:role="http://www.xbrl.org/2003/role/disclosureRef" xlink:type="resource">
			<ref:Name>IAS</ref:Name>
			<ref:Number>26</ref:Number>
			<ref:IssueDate>2025-01-01</ref:IssueDate>
			<ref:Paragraph>36</ref:Paragraph>
			<ref:Subparagraph>a</ref:Subparagraph>
			<ref:URI>https://taxonomy.ifrs.org/xifrs-link?type=IAS&amp;num=26&amp;code=ifrs-tx-2025-en-r&amp;anchor=para_36_a&amp;doctype=Standard</ref:URI>
			<ref:URIDate>2025-03-27</ref:URIDate>
		</link:reference>
		<link:loc xlink:href="../../full_ifrs-cor_2025-03-27.xsd#ifrs-full_NamesOfEmployersAndEmployeeGroupsCovered" xlink:label="loc_18" xlink:type="locator"/>
		<link:referenceArc xlink:arcrole="http://www.xbrl.org/2003/arcrole/concept-reference" xlink:from="loc_18" xlink:to="res_18" xlink:type="arc"/>
		<link:reference xlink:label="res_19" xlink:role="http://www.xbrl.org/2003/role/disclosureRef" xlink:type="resource">
			<ref:Name>IAS</ref:Name>
			<ref:Number>26</ref:Number>
			<ref:IssueDate>2025-01-01</ref:IssueDate>
			<ref:Paragraph>36</ref:Paragraph>
			<ref:Subparagraph>b</ref:Subparagraph>
			<ref:URI>https://taxonomy.ifrs.org/xifrs-link?type=IAS&amp;num=26&amp;code=ifrs-tx-2025-en-r&amp;anchor=para_36_b&amp;doctype=Standard</ref:URI>
			<ref:URIDate>2025-03-27</ref:URIDate>
		</link:reference>
		<link:loc xlink:href="../../full_ifrs-cor_2025-03-27.xsd#ifrs-full_NumberOfParticipantsOfRetirementBenefitPlanReceivingBenefits" xlink:label="loc_19" xlink:type="locator"/>
		<link:referenceArc xlink:arcrole="http://www.xbrl.org/2003/arcrole/concept-reference" xlink:from="loc_19" xlink:to="res_19" xlink:type="arc"/>
		<link:loc xlink:href="../../full_ifrs-cor_2025-03-27.xsd#ifrs-full_NumberOfOtherParticipantsOfRetirementBenefitPlan" xlink:label="loc_20" xlink:type="locator"/>
		<link:referenceArc xlink:arcrole="http://www.xbrl.org/2003/arcrole/concept-reference" xlink:from="loc_20" xlink:to="res_19" xlink:type="arc"/>
		<link:reference xlink:label="res_20" xlink:role="http://www.xbrl.org/2003/role/disclosureRef" xlink:type="resource">
			<ref:Name>IAS</ref:Name>
			<ref:Number>26</ref:Number>
			<ref:IssueDate>2025-01-01</ref:IssueDate>
			<ref:Paragraph>36</ref:Paragraph>
			<ref:Subparagraph>d</ref:Subparagraph>
			<ref:URI>https://taxonomy.ifrs.org/xifrs-link?type=IAS&amp;num=26&amp;code=ifrs-tx-2025-en-r&amp;anchor=para_36_d&amp;doctype=Standard</ref:URI>
			<ref:URIDate>2025-03-27</ref:URIDate>
		</link:reference>
		<link:loc xlink:href="../../full_ifrs-cor_2025-03-27.xsd#ifrs-full_ExplanationOfWhetherParticipantsContributeToRetirementBenefitPlan" xlink:label="loc_21" xlink:type="locator"/>
		<link:referenceArc xlink:arcrole="http://www.xbrl.org/2003/arcrole/concept-reference" xlink:from="loc_21" xlink:to="res_20" xlink:type="arc"/>
		<link:reference xlink:label="res_21" xlink:role="http://www.xbrl.org/2003/role/disclosureRef" xlink:type="resource">
			<ref:Name>IAS</ref:Name>
			<ref:Number>26</ref:Number>
			<ref:IssueDate>2025-01-01</ref:IssueDate>
			<ref:Paragraph>36</ref:Paragraph>
			<ref:Subparagraph>c</ref:Subparagraph>
			<ref:URI>https://taxonomy.ifrs.org/xifrs-link?type=IAS&amp;num=26&amp;code=ifrs-tx-2025-en-r&amp;anchor=para_36_c&amp;doctype=Standard</ref:URI>
			<ref:URIDate>2025-03-27</ref:URIDate>
		</link:reference>
		<link:loc xlink:href="../../full_ifrs-cor_2025-03-27.xsd#ifrs-full_DescriptionOfTypeOfRetirementBenefitPlan" xlink:label="loc_22" xlink:type="locator"/>
		<link:referenceArc xlink:arcrole="http://www.xbrl.org/2003/arcrole/concept-reference" xlink:from="loc_22" xlink:to="res_21" xlink:type="arc"/>
		<link:reference xlink:label="res_22" xlink:role="http://www.xbrl.org/2003/role/disclosureRef" xlink:type="resource">
			<ref:Name>IAS</ref:Name>
			<ref:Number>26</ref:Number>
			<ref:IssueDate>2025-01-01</ref:IssueDate>
			<ref:Paragraph>36</ref:Paragraph>
			<ref:Subparagraph>e</ref:Subparagraph>
			<ref:URI>https://taxonomy.ifrs.org/xifrs-link?type=IAS&amp;num=26&amp;code=ifrs-tx-2025-en-r&amp;anchor=para_36_e&amp;doctype=Standard</ref:URI>
			<ref:URIDate>2025-03-27</ref:URIDate>
		</link:reference>
		<link:loc xlink:href="../../full_ifrs-cor_2025-03-27.xsd#ifrs-full_DescriptionOfRetirementBenefitsPromisedToParticipants" xlink:label="loc_23" xlink:type="locator"/>
		<link:referenceArc xlink:arcrole="http://www.xbrl.org/2003/arcrole/concept-reference" xlink:from="loc_23" xlink:to="res_22" xlink:type="arc"/>
		<link:reference xlink:label="res_23" xlink:role="http://www.xbrl.org/2003/role/disclosureRef" xlink:type="resource">
			<ref:Name>IAS</ref:Name>
			<ref:Number>26</ref:Number>
			<ref:IssueDate>2025-01-01</ref:IssueDate>
			<ref:Paragraph>36</ref:Paragraph>
			<ref:Subparagraph>f</ref:Subparagraph>
			<ref:URI>https://taxonomy.ifrs.org/xifrs-link?type=IAS&amp;num=26&amp;code=ifrs-tx-2025-en-r&amp;anchor=para_36_f&amp;doctype=Standard</ref:URI>
			<ref:URIDate>2025-03-27</ref:URIDate>
		</link:reference>
		<link:loc xlink:href="../../full_ifrs-cor_2025-03-27.xsd#ifrs-full_DescriptionOfAnyRetirementBenefitPlanTerminationTerms" xlink:label="loc_24" xlink:type="locator"/>
		<link:referenceArc xlink:arcrole="http://www.xbrl.org/2003/arcrole/concept-reference" xlink:from="loc_24" xlink:to="res_23" xlink:type="arc"/>
		<link:reference xlink:label="res_24" xlink:role="http://www.xbrl.org/2003/role/disclosureRef" xlink:type="resource">
			<ref:Name>IAS</ref:Name>
			<ref:Number>26</ref:Number>
			<ref:IssueDate>2025-01-01</ref:IssueDate>
			<ref:Paragraph>36</ref:Paragraph>
			<ref:Subparagraph>g</ref:Subparagraph>
			<ref:URI>https://taxonomy.ifrs.org/xifrs-link?type=IAS&amp;num=26&amp;code=ifrs-tx-2025-en-r&amp;anchor=para_36_g&amp;doctype=Standard</ref:URI>
			<ref:URIDate>2025-03-27</ref:URIDate>
		</link:reference>
		<link:loc xlink:href="../../full_ifrs-cor_2025-03-27.xsd#ifrs-full_ExplanationOfChangesInDescriptionOfRetirementBenefitPlan" xlink:label="loc_25" xlink:type="locator"/>
		<link:referenceArc xlink:arcrole="http://www.xbrl.org/2003/arcrole/concept-reference" xlink:from="loc_25" xlink:to="res_24" xlink:type="arc"/>
		<link:reference xlink:label="res_25" xlink:role="http://www.xbrl.org/2003/role/disclosureRef" xlink:type="resource">
			<ref:Name>IAS</ref:Name>
			<ref:Number>26</ref:Number>
			<ref:IssueDate>2025-01-01</ref:IssueDate>
			<ref:Paragraph>35</ref:Paragraph>
			<ref:Subparagraph>a</ref:Subparagraph>
			<ref:Clause>v</ref:Clause>
			<ref:URI>https://taxonomy.ifrs.org/xifrs-link?type=IAS&amp;num=26&amp;code=ifrs-tx-2025-en-r&amp;anchor=para_35_a_v&amp;doctype=Standard</ref:URI>
			<ref:URIDate>2025-03-27</ref:URIDate>
		</link:reference>
		<link:loc xlink:href="../../full_ifrs-cor_2025-03-27.xsd#ifrs-full_LiabilitiesOtherThanActuarialPresentValueOfPromisedRetirementBenefits" xlink:label="loc_26" xlink:type="locator"/>
		<link:referenceArc xlink:arcrole="http://www.xbrl.org/2003/arcrole/concept-reference" xlink:from="loc_26" xlink:to="res_25" xlink:type="arc"/>
		<link:reference xlink:label="res_26" xlink:role="http://www.xbrl.org/2003/role/disclosureRef" xlink:type="resource">
			<ref:Name>IAS</ref:Name>
			<ref:Number>26</ref:Number>
			<ref:IssueDate>2025-01-01</ref:IssueDate>
			<ref:Paragraph>35</ref:Paragraph>
			<ref:Subparagraph>a</ref:Subparagraph>
			<ref:Clause>i</ref:Clause>
			<ref:URI>https://taxonomy.ifrs.org/xifrs-link?type=IAS&amp;num=26&amp;code=ifrs-tx-2025-en-r&amp;anchor=para_35_a_i&amp;doctype=Standard</ref:URI>
			<ref:URIDate>2025-03-27</ref:URIDate>
		</link:reference>
		<link:loc xlink:href="../../full_ifrs-cor_2025-03-27.xsd#ifrs-full_AssetsOfBenefitPlan" xlink:label="loc_27" xlink:type="locator"/>
		<link:referenceArc xlink:arcrole="http://www.xbrl.org/2003/arcrole/concept-reference" xlink:from="loc_27" xlink:to="res_26" xlink:type="arc"/>
		<link:reference xlink:label="res_27" xlink:role="http://www.xbrl.org/2003/role/disclosureRef" xlink:type="resource">
			<ref:Name>IAS</ref:Name>
			<ref:Number>26</ref:Number>
			<ref:IssueDate>2025-01-01</ref:IssueDate>
			<ref:Paragraph>35</ref:Paragraph>
			<ref:Subparagraph>a</ref:Subparagraph>
			<ref:URI>https://taxonomy.ifrs.org/xifrs-link?type=IAS&amp;num=26&amp;code=ifrs-tx-2025-en-r&amp;anchor=para_35_a&amp;doctype=Standard</ref:URI>
			<ref:URIDate>2025-03-27</ref:URIDate>
		</link:reference>
		<link:loc xlink:href="../../full_ifrs-cor_2025-03-27.xsd#ifrs-full_AssetsLiabilitiesOfBenefitPlan" xlink:label="loc_28" xlink:type="locator"/>
		<link:referenceArc xlink:arcrole="http://www.xbrl.org/2003/arcrole/concept-reference" xlink:from="loc_28" xlink:to="res_27" xlink:type="arc"/>
		<link:reference xlink:label="res_28" xlink:role="http://www.xbrl.org/2003/role/disclosureRef" xlink:type="resource">
			<ref:Name>IAS</ref:Name>
			<ref:Number>26</ref:Number>
			<ref:IssueDate>2025-01-01</ref:IssueDate>
			<ref:Paragraph>35</ref:Paragraph>
			<ref:Subparagraph>b</ref:Subparagraph>
			<ref:URI>https://taxonomy.ifrs.org/xifrs-link?type=IAS&amp;num=26&amp;code=ifrs-tx-2025-en-r&amp;anchor=para_35_b&amp;doctype=Standard</ref:URI>
			<ref:URIDate>2025-03-27</ref:URIDate>
		</link:reference>
		<link:loc xlink:href="../../full_ifrs-cor_2025-03-27.xsd#ifrs-full_IncreaseDecreaseInNetAssetsAvailableForBenefits" xlink:label="loc_29" xlink:type="locator"/>
		<link:referenceArc xlink:arcrole="http://www.xbrl.org/2003/arcrole/concept-reference" xlink:from="loc_29" xlink:to="res_28" xlink:type="arc"/>
	</link:referenceLink>
</link:linkbase>
