<?xml version="1.0" encoding="UTF-8"?>
<!-- IFRS Accounting Taxonomy 2025.**********************         Copyright (c) 2025 IFRS Foundation        All rights reserved. Reproduction and use rights are strictly limited.For more information on the IFRS Foundation's copyright and the terms and conditions of use for these files, please refer to https://www.ifrs.org/legal/terms-and-conditions/. The IFRS Foundation has trade marks registered around the world (Marks) including 'IAS', 'IASB', the IASB logo, 'IFRIC', 'IFRS', the IFRS logo, 'IFRS for SMEs', the IFRS for SMEs logo, the 'Hexagon Device', 'International Accounting Standards', 'International Financial Reporting Standards', 'NIIF' and 'SIC'. Further details of the IFRS Foundation's Marks are available from the IFRS Foundation on request.        ********************** -->
<link:linkbase xmlns:link="http://www.xbrl.org/2003/linkbase" xmlns:ref="http://www.xbrl.org/2006/ref" xmlns:xbrldt="http://xbrl.org/2005/xbrldt" xmlns:xlink="http://www.w3.org/1999/xlink" xmlns:xsi="http://www.w3.org/2001/XMLSchema-instance" xsi:schemaLocation="http://www.xbrl.org/2003/linkbase http://www.xbrl.org/2003/xbrl-linkbase-2003-12-31.xsd http://www.w3.org/1999/xlink http://www.xbrl.org/2003/xlink-2003-12-31.xsd http://www.xbrl.org/2006/ref http://www.xbrl.org/2006/ref-2006-02-27.xsd">
	<link:referenceLink xlink:role="http://www.xbrl.org/2003/role/link" xlink:type="extended">
		<link:reference xlink:label="res_1" xlink:role="http://www.xbrl.org/2003/role/disclosureRef" xlink:type="resource">
			<ref:Name>IAS</ref:Name>
			<ref:Number>10</ref:Number>
			<ref:IssueDate>2025-01-01</ref:IssueDate>
			<ref:Section>Disclosure</ref:Section>
			<ref:URI>https://taxonomy.ifrs.org/xifrs-link?type=IAS&amp;num=10&amp;code=ifrs-tx-2025-en-r&amp;doctype=Standard&amp;dita_xref=IAS10_g17-22_TI</ref:URI>
			<ref:URIDate>2025-03-27</ref:URIDate>
		</link:reference>
		<link:loc xlink:href="../../full_ifrs-cor_2025-03-27.xsd#ifrs-full_DisclosureOfEventsAfterReportingPeriodExplanatory" xlink:label="loc_1" xlink:type="locator"/>
		<link:referenceArc xlink:arcrole="http://www.xbrl.org/2003/arcrole/concept-reference" xlink:from="loc_1" xlink:to="res_1" xlink:type="arc"/>
		<link:reference xlink:label="res_2" xlink:role="http://www.xbrl.org/2003/role/disclosureRef" xlink:type="resource">
			<ref:Name>IAS</ref:Name>
			<ref:Number>10</ref:Number>
			<ref:IssueDate>2025-01-01</ref:IssueDate>
			<ref:Paragraph>21</ref:Paragraph>
			<ref:URI>https://taxonomy.ifrs.org/xifrs-link?type=IAS&amp;num=10&amp;code=ifrs-tx-2025-en-r&amp;anchor=para_21&amp;doctype=Standard</ref:URI>
			<ref:URIDate>2025-03-27</ref:URIDate>
		</link:reference>
		<link:loc xlink:href="../../full_ifrs-cor_2025-03-27.xsd#ifrs-full_NonadjustingEventsAfterReportingPeriodAxis" xlink:label="loc_2" xlink:type="locator"/>
		<link:referenceArc xlink:arcrole="http://www.xbrl.org/2003/arcrole/concept-reference" xlink:from="loc_2" xlink:to="res_2" xlink:type="arc"/>
		<link:loc xlink:href="../../full_ifrs-cor_2025-03-27.xsd#ifrs-full_NonadjustingEventsAfterReportingPeriodDomain" xlink:label="loc_3" xlink:type="locator"/>
		<link:referenceArc xlink:arcrole="http://www.xbrl.org/2003/arcrole/concept-reference" xlink:from="loc_3" xlink:to="res_2" xlink:type="arc"/>
		<link:loc xlink:href="../../full_ifrs-cor_2025-03-27.xsd#ifrs-full_DisclosureOfNonadjustingEventsAfterReportingPeriodExplanatory" xlink:label="loc_4" xlink:type="locator"/>
		<link:referenceArc xlink:arcrole="http://www.xbrl.org/2003/arcrole/concept-reference" xlink:from="loc_4" xlink:to="res_2" xlink:type="arc"/>
		<link:loc xlink:href="../../full_ifrs-cor_2025-03-27.xsd#ifrs-full_DisclosureOfNonadjustingEventsAfterReportingPeriodTable" xlink:label="loc_5" xlink:type="locator"/>
		<link:referenceArc xlink:arcrole="http://www.xbrl.org/2003/arcrole/concept-reference" xlink:from="loc_5" xlink:to="res_2" xlink:type="arc"/>
		<link:reference xlink:label="res_3" xlink:role="http://www.xbrl.org/2003/role/disclosureRef" xlink:type="resource">
			<ref:Name>IAS</ref:Name>
			<ref:Number>10</ref:Number>
			<ref:IssueDate>2025-01-01</ref:IssueDate>
			<ref:Paragraph>17</ref:Paragraph>
			<ref:URI>https://taxonomy.ifrs.org/xifrs-link?type=IAS&amp;num=10&amp;code=ifrs-tx-2025-en-r&amp;anchor=para_17&amp;doctype=Standard</ref:URI>
			<ref:URIDate>2025-03-27</ref:URIDate>
		</link:reference>
		<link:loc xlink:href="../../full_ifrs-cor_2025-03-27.xsd#ifrs-full_ExplanationOfBodyOfAuthorisation" xlink:label="loc_6" xlink:type="locator"/>
		<link:referenceArc xlink:arcrole="http://www.xbrl.org/2003/arcrole/concept-reference" xlink:from="loc_6" xlink:to="res_3" xlink:type="arc"/>
		<link:loc xlink:href="../../full_ifrs-cor_2025-03-27.xsd#ifrs-full_DateOfAuthorisationForIssueOfFinancialStatements2013" xlink:label="loc_7" xlink:type="locator"/>
		<link:referenceArc xlink:arcrole="http://www.xbrl.org/2003/arcrole/concept-reference" xlink:from="loc_7" xlink:to="res_3" xlink:type="arc"/>
		<link:loc xlink:href="../../full_ifrs-cor_2025-03-27.xsd#ifrs-full_ExplanationOfFactThatEntitysOwnersOrOthersHavePowerToAmendFinancialStatementsAfterIssue" xlink:label="loc_8" xlink:type="locator"/>
		<link:referenceArc xlink:arcrole="http://www.xbrl.org/2003/arcrole/concept-reference" xlink:from="loc_8" xlink:to="res_3" xlink:type="arc"/>
		<link:loc xlink:href="../../full_ifrs-cor_2025-03-27.xsd#ifrs-full_EntitysOwnersOrOthersHavePowerToAmendFinancialStatementsAfterIssue" xlink:label="loc_9" xlink:type="locator"/>
		<link:referenceArc xlink:arcrole="http://www.xbrl.org/2003/arcrole/concept-reference" xlink:from="loc_9" xlink:to="res_3" xlink:type="arc"/>
		<link:reference xlink:label="res_4" xlink:role="http://www.xbrl.org/2003/role/disclosureRef" xlink:type="resource">
			<ref:Name>IAS</ref:Name>
			<ref:Number>10</ref:Number>
			<ref:IssueDate>2025-01-01</ref:IssueDate>
			<ref:Paragraph>21</ref:Paragraph>
			<ref:Subparagraph>a</ref:Subparagraph>
			<ref:URI>https://taxonomy.ifrs.org/xifrs-link?type=IAS&amp;num=10&amp;code=ifrs-tx-2025-en-r&amp;anchor=para_21_a&amp;doctype=Standard</ref:URI>
			<ref:URIDate>2025-03-27</ref:URIDate>
		</link:reference>
		<link:loc xlink:href="../../full_ifrs-cor_2025-03-27.xsd#ifrs-full_DescriptionOfNatureOfNonadjustingEventAfterReportingPeriod" xlink:label="loc_10" xlink:type="locator"/>
		<link:referenceArc xlink:arcrole="http://www.xbrl.org/2003/arcrole/concept-reference" xlink:from="loc_10" xlink:to="res_4" xlink:type="arc"/>
		<link:reference xlink:label="res_5" xlink:role="http://www.xbrl.org/2003/role/disclosureRef" xlink:type="resource">
			<ref:Name>IAS</ref:Name>
			<ref:Number>10</ref:Number>
			<ref:IssueDate>2025-01-01</ref:IssueDate>
			<ref:Paragraph>21</ref:Paragraph>
			<ref:Subparagraph>b</ref:Subparagraph>
			<ref:URI>https://taxonomy.ifrs.org/xifrs-link?type=IAS&amp;num=10&amp;code=ifrs-tx-2025-en-r&amp;anchor=para_21_b&amp;doctype=Standard</ref:URI>
			<ref:URIDate>2025-03-27</ref:URIDate>
		</link:reference>
		<link:loc xlink:href="../../full_ifrs-cor_2025-03-27.xsd#ifrs-full_ExplanationOfFinancialEffectOfNonadjustingEventAfterReportingPeriod" xlink:label="loc_11" xlink:type="locator"/>
		<link:referenceArc xlink:arcrole="http://www.xbrl.org/2003/arcrole/concept-reference" xlink:from="loc_11" xlink:to="res_5" xlink:type="arc"/>
		<link:reference xlink:label="res_6" xlink:role="http://www.xbrl.org/2003/role/exampleRef" xlink:type="resource">
			<ref:Name>IAS</ref:Name>
			<ref:Number>10</ref:Number>
			<ref:IssueDate>2025-01-01</ref:IssueDate>
			<ref:Paragraph>22</ref:Paragraph>
			<ref:Subparagraph>a</ref:Subparagraph>
			<ref:URI>https://taxonomy.ifrs.org/xifrs-link?type=IAS&amp;num=10&amp;code=ifrs-tx-2025-en-r&amp;anchor=para_22_a&amp;doctype=Standard</ref:URI>
			<ref:URIDate>2025-03-27</ref:URIDate>
		</link:reference>
		<link:loc xlink:href="../../full_ifrs-cor_2025-03-27.xsd#ifrs-full_DisposalOfMajorSubsidiaryMember" xlink:label="loc_12" xlink:type="locator"/>
		<link:referenceArc xlink:arcrole="http://www.xbrl.org/2003/arcrole/concept-reference" xlink:from="loc_12" xlink:to="res_6" xlink:type="arc"/>
		<link:loc xlink:href="../../full_ifrs-cor_2025-03-27.xsd#ifrs-full_MajorBusinessCombinationMember" xlink:label="loc_13" xlink:type="locator"/>
		<link:referenceArc xlink:arcrole="http://www.xbrl.org/2003/arcrole/concept-reference" xlink:from="loc_13" xlink:to="res_6" xlink:type="arc"/>
		<link:reference xlink:label="res_7" xlink:role="http://www.xbrl.org/2003/role/exampleRef" xlink:type="resource">
			<ref:Name>IAS</ref:Name>
			<ref:Number>10</ref:Number>
			<ref:IssueDate>2025-01-01</ref:IssueDate>
			<ref:Paragraph>22</ref:Paragraph>
			<ref:Subparagraph>b</ref:Subparagraph>
			<ref:URI>https://taxonomy.ifrs.org/xifrs-link?type=IAS&amp;num=10&amp;code=ifrs-tx-2025-en-r&amp;anchor=para_22_b&amp;doctype=Standard</ref:URI>
			<ref:URIDate>2025-03-27</ref:URIDate>
		</link:reference>
		<link:loc xlink:href="../../full_ifrs-cor_2025-03-27.xsd#ifrs-full_AnnouncementOfPlanToDiscontinueOperationMember" xlink:label="loc_14" xlink:type="locator"/>
		<link:referenceArc xlink:arcrole="http://www.xbrl.org/2003/arcrole/concept-reference" xlink:from="loc_14" xlink:to="res_7" xlink:type="arc"/>
		<link:reference xlink:label="res_8" xlink:role="http://www.xbrl.org/2003/role/exampleRef" xlink:type="resource">
			<ref:Name>IAS</ref:Name>
			<ref:Number>10</ref:Number>
			<ref:IssueDate>2025-01-01</ref:IssueDate>
			<ref:Paragraph>22</ref:Paragraph>
			<ref:Subparagraph>c</ref:Subparagraph>
			<ref:URI>https://taxonomy.ifrs.org/xifrs-link?type=IAS&amp;num=10&amp;code=ifrs-tx-2025-en-r&amp;anchor=para_22_c&amp;doctype=Standard</ref:URI>
			<ref:URIDate>2025-03-27</ref:URIDate>
		</link:reference>
		<link:loc xlink:href="../../full_ifrs-cor_2025-03-27.xsd#ifrs-full_ExpropriationOfMajorAssetsByGovernmentMember" xlink:label="loc_15" xlink:type="locator"/>
		<link:referenceArc xlink:arcrole="http://www.xbrl.org/2003/arcrole/concept-reference" xlink:from="loc_15" xlink:to="res_8" xlink:type="arc"/>
		<link:loc xlink:href="../../full_ifrs-cor_2025-03-27.xsd#ifrs-full_MajorPurchasesOfAssetsMember" xlink:label="loc_16" xlink:type="locator"/>
		<link:referenceArc xlink:arcrole="http://www.xbrl.org/2003/arcrole/concept-reference" xlink:from="loc_16" xlink:to="res_8" xlink:type="arc"/>
		<link:loc xlink:href="../../full_ifrs-cor_2025-03-27.xsd#ifrs-full_ClassificationOfAssetsAsHeldForSaleMember" xlink:label="loc_17" xlink:type="locator"/>
		<link:referenceArc xlink:arcrole="http://www.xbrl.org/2003/arcrole/concept-reference" xlink:from="loc_17" xlink:to="res_8" xlink:type="arc"/>
		<link:loc xlink:href="../../full_ifrs-cor_2025-03-27.xsd#ifrs-full_OtherDisposalsOfAssetsMember" xlink:label="loc_18" xlink:type="locator"/>
		<link:referenceArc xlink:arcrole="http://www.xbrl.org/2003/arcrole/concept-reference" xlink:from="loc_18" xlink:to="res_8" xlink:type="arc"/>
		<link:reference xlink:label="res_9" xlink:role="http://www.xbrl.org/2003/role/exampleRef" xlink:type="resource">
			<ref:Name>IAS</ref:Name>
			<ref:Number>10</ref:Number>
			<ref:IssueDate>2025-01-01</ref:IssueDate>
			<ref:Paragraph>22</ref:Paragraph>
			<ref:Subparagraph>d</ref:Subparagraph>
			<ref:URI>https://taxonomy.ifrs.org/xifrs-link?type=IAS&amp;num=10&amp;code=ifrs-tx-2025-en-r&amp;anchor=para_22_d&amp;doctype=Standard</ref:URI>
			<ref:URIDate>2025-03-27</ref:URIDate>
		</link:reference>
		<link:loc xlink:href="../../full_ifrs-cor_2025-03-27.xsd#ifrs-full_DestructionOfMajorProductionPlantMember" xlink:label="loc_19" xlink:type="locator"/>
		<link:referenceArc xlink:arcrole="http://www.xbrl.org/2003/arcrole/concept-reference" xlink:from="loc_19" xlink:to="res_9" xlink:type="arc"/>
		<link:reference xlink:label="res_10" xlink:role="http://www.xbrl.org/2003/role/exampleRef" xlink:type="resource">
			<ref:Name>IAS</ref:Name>
			<ref:Number>10</ref:Number>
			<ref:IssueDate>2025-01-01</ref:IssueDate>
			<ref:Paragraph>22</ref:Paragraph>
			<ref:Subparagraph>e</ref:Subparagraph>
			<ref:URI>https://taxonomy.ifrs.org/xifrs-link?type=IAS&amp;num=10&amp;code=ifrs-tx-2025-en-r&amp;anchor=para_22_e&amp;doctype=Standard</ref:URI>
			<ref:URIDate>2025-03-27</ref:URIDate>
		</link:reference>
		<link:loc xlink:href="../../full_ifrs-cor_2025-03-27.xsd#ifrs-full_AnnouncingOrCommencingImplementationOfMajorRestructuringMember" xlink:label="loc_20" xlink:type="locator"/>
		<link:referenceArc xlink:arcrole="http://www.xbrl.org/2003/arcrole/concept-reference" xlink:from="loc_20" xlink:to="res_10" xlink:type="arc"/>
		<link:reference xlink:label="res_11" xlink:role="http://www.xbrl.org/2003/role/exampleRef" xlink:type="resource">
			<ref:Name>IAS</ref:Name>
			<ref:Number>10</ref:Number>
			<ref:IssueDate>2025-01-01</ref:IssueDate>
			<ref:Paragraph>22</ref:Paragraph>
			<ref:Subparagraph>g</ref:Subparagraph>
			<ref:URI>https://taxonomy.ifrs.org/xifrs-link?type=IAS&amp;num=10&amp;code=ifrs-tx-2025-en-r&amp;anchor=para_22_g&amp;doctype=Standard</ref:URI>
			<ref:URIDate>2025-03-27</ref:URIDate>
		</link:reference>
		<link:loc xlink:href="../../full_ifrs-cor_2025-03-27.xsd#ifrs-full_AbnormallyLargeChangesInAssetPricesOrForeignExchangeRatesMember" xlink:label="loc_21" xlink:type="locator"/>
		<link:referenceArc xlink:arcrole="http://www.xbrl.org/2003/arcrole/concept-reference" xlink:from="loc_21" xlink:to="res_11" xlink:type="arc"/>
		<link:reference xlink:label="res_12" xlink:role="http://www.xbrl.org/2003/role/exampleRef" xlink:type="resource">
			<ref:Name>IAS</ref:Name>
			<ref:Number>10</ref:Number>
			<ref:IssueDate>2025-01-01</ref:IssueDate>
			<ref:Paragraph>22</ref:Paragraph>
			<ref:Subparagraph>h</ref:Subparagraph>
			<ref:URI>https://taxonomy.ifrs.org/xifrs-link?type=IAS&amp;num=10&amp;code=ifrs-tx-2025-en-r&amp;anchor=para_22_h&amp;doctype=Standard</ref:URI>
			<ref:URIDate>2025-03-27</ref:URIDate>
		</link:reference>
		<link:loc xlink:href="../../full_ifrs-cor_2025-03-27.xsd#ifrs-full_ChangesInTaxRatesOrTaxLawsEnactedOrAnnouncedMember" xlink:label="loc_22" xlink:type="locator"/>
		<link:referenceArc xlink:arcrole="http://www.xbrl.org/2003/arcrole/concept-reference" xlink:from="loc_22" xlink:to="res_12" xlink:type="arc"/>
		<link:reference xlink:label="res_13" xlink:role="http://www.xbrl.org/2003/role/exampleRef" xlink:type="resource">
			<ref:Name>IAS</ref:Name>
			<ref:Number>10</ref:Number>
			<ref:IssueDate>2025-01-01</ref:IssueDate>
			<ref:Paragraph>22</ref:Paragraph>
			<ref:Subparagraph>i</ref:Subparagraph>
			<ref:URI>https://taxonomy.ifrs.org/xifrs-link?type=IAS&amp;num=10&amp;code=ifrs-tx-2025-en-r&amp;anchor=para_22_i&amp;doctype=Standard</ref:URI>
			<ref:URIDate>2025-03-27</ref:URIDate>
		</link:reference>
		<link:loc xlink:href="../../full_ifrs-cor_2025-03-27.xsd#ifrs-full_EnteringIntoSignificantCommitmentsOrContingentLiabilitiesMember" xlink:label="loc_23" xlink:type="locator"/>
		<link:referenceArc xlink:arcrole="http://www.xbrl.org/2003/arcrole/concept-reference" xlink:from="loc_23" xlink:to="res_13" xlink:type="arc"/>
		<link:reference xlink:label="res_14" xlink:role="http://www.xbrl.org/2003/role/exampleRef" xlink:type="resource">
			<ref:Name>IAS</ref:Name>
			<ref:Number>10</ref:Number>
			<ref:IssueDate>2025-01-01</ref:IssueDate>
			<ref:Paragraph>22</ref:Paragraph>
			<ref:Subparagraph>j</ref:Subparagraph>
			<ref:URI>https://taxonomy.ifrs.org/xifrs-link?type=IAS&amp;num=10&amp;code=ifrs-tx-2025-en-r&amp;anchor=para_22_j&amp;doctype=Standard</ref:URI>
			<ref:URIDate>2025-03-27</ref:URIDate>
		</link:reference>
		<link:loc xlink:href="../../full_ifrs-cor_2025-03-27.xsd#ifrs-full_CommencementOfMajorLitigationMember" xlink:label="loc_24" xlink:type="locator"/>
		<link:referenceArc xlink:arcrole="http://www.xbrl.org/2003/arcrole/concept-reference" xlink:from="loc_24" xlink:to="res_14" xlink:type="arc"/>
		<link:reference xlink:label="res_15" xlink:role="http://www.xbrl.org/2003/role/disclosureRef" xlink:type="resource">
			<ref:Name>IAS</ref:Name>
			<ref:Number>10</ref:Number>
			<ref:IssueDate>2025-01-01</ref:IssueDate>
			<ref:Paragraph>13</ref:Paragraph>
			<ref:URI>https://taxonomy.ifrs.org/xifrs-link?type=IAS&amp;num=10&amp;code=ifrs-tx-2025-en-r&amp;anchor=para_13&amp;doctype=Standard</ref:URI>
			<ref:URIDate>2025-03-27</ref:URIDate>
		</link:reference>
		<link:loc xlink:href="../../full_ifrs-cor_2025-03-27.xsd#ifrs-full_DividendsProposedOrDeclaredBeforeFinancialStatementsAuthorisedForIssueButNotRecognisedAsDistributionToOwners" xlink:label="loc_25" xlink:type="locator"/>
		<link:referenceArc xlink:arcrole="http://www.xbrl.org/2003/arcrole/concept-reference" xlink:from="loc_25" xlink:to="res_15" xlink:type="arc"/>
		<link:reference xlink:label="res_16" xlink:role="http://www.xbrl.org/2003/role/exampleRef" xlink:type="resource">
			<ref:Name>IAS</ref:Name>
			<ref:Number>10</ref:Number>
			<ref:IssueDate>2025-01-01</ref:IssueDate>
			<ref:Paragraph>22</ref:Paragraph>
			<ref:Subparagraph>f</ref:Subparagraph>
			<ref:URI>https://taxonomy.ifrs.org/xifrs-link?type=IAS&amp;num=10&amp;code=ifrs-tx-2025-en-r&amp;anchor=para_22_f&amp;doctype=Standard</ref:URI>
			<ref:URIDate>2025-03-27</ref:URIDate>
		</link:reference>
		<link:loc xlink:href="../../full_ifrs-cor_2025-03-27.xsd#ifrs-full_PotentialOrdinaryShareTransactionsMember" xlink:label="loc_26" xlink:type="locator"/>
		<link:referenceArc xlink:arcrole="http://www.xbrl.org/2003/arcrole/concept-reference" xlink:from="loc_26" xlink:to="res_16" xlink:type="arc"/>
		<link:loc xlink:href="../../full_ifrs-cor_2025-03-27.xsd#ifrs-full_MajorOrdinaryShareTransactionsMember" xlink:label="loc_27" xlink:type="locator"/>
		<link:referenceArc xlink:arcrole="http://www.xbrl.org/2003/arcrole/concept-reference" xlink:from="loc_27" xlink:to="res_16" xlink:type="arc"/>
	</link:referenceLink>
</link:linkbase>
