<?xml version="1.0" encoding="UTF-8"?>
<!-- IFRS Accounting Taxonomy 2025.**********************         Copyright (c) 2025 IFRS Foundation        All rights reserved. Reproduction and use rights are strictly limited.For more information on the IFRS Foundation's copyright and the terms and conditions of use for these files, please refer to https://www.ifrs.org/legal/terms-and-conditions/. The IFRS Foundation has trade marks registered around the world (Marks) including 'IAS', 'IASB', the IASB logo, 'IFRIC', 'IFRS', the IFRS logo, 'IFRS for SMEs', the IFRS for SMEs logo, the 'Hexagon Device', 'International Accounting Standards', 'International Financial Reporting Standards', 'NIIF' and 'SIC'. Further details of the IFRS Foundation's Marks are available from the IFRS Foundation on request.        ********************** -->
<link:linkbase xmlns:link="http://www.xbrl.org/2003/linkbase" xmlns:ref="http://www.xbrl.org/2006/ref" xmlns:xbrldt="http://xbrl.org/2005/xbrldt" xmlns:xlink="http://www.w3.org/1999/xlink" xmlns:xsi="http://www.w3.org/2001/XMLSchema-instance" xsi:schemaLocation="http://www.xbrl.org/2003/linkbase http://www.xbrl.org/2003/xbrl-linkbase-2003-12-31.xsd http://www.w3.org/1999/xlink http://www.xbrl.org/2003/xlink-2003-12-31.xsd http://www.xbrl.org/2006/ref http://www.xbrl.org/2006/ref-2006-02-27.xsd">
	<link:referenceLink xlink:role="http://www.xbrl.org/2003/role/link" xlink:type="extended">
		<link:reference xlink:label="res_1" xlink:role="http://www.xbrl.org/2003/role/disclosureRef" xlink:type="resource">
			<ref:Name>IAS</ref:Name>
			<ref:Number>23</ref:Number>
			<ref:IssueDate>2025-01-01</ref:IssueDate>
			<ref:Section>Disclosure</ref:Section>
			<ref:URI>https://taxonomy.ifrs.org/xifrs-link?type=IAS&amp;num=23&amp;code=ifrs-tx-2025-en-r&amp;doctype=Standard&amp;dita_xref=IAS23_g26-26_TI</ref:URI>
			<ref:URIDate>2025-03-27</ref:URIDate>
		</link:reference>
		<link:loc xlink:href="../../full_ifrs-cor_2025-03-27.xsd#ifrs-full_DisclosureOfBorrowingCostsExplanatory" xlink:label="loc_1" xlink:type="locator"/>
		<link:referenceArc xlink:arcrole="http://www.xbrl.org/2003/arcrole/concept-reference" xlink:from="loc_1" xlink:to="res_1" xlink:type="arc"/>
		<link:reference xlink:label="res_2" xlink:role="http://www.xbrl.org/2003/role/disclosureRef" xlink:type="resource">
			<ref:Name>IAS</ref:Name>
			<ref:Number>23</ref:Number>
			<ref:IssueDate>2025-01-01</ref:IssueDate>
			<ref:Paragraph>26</ref:Paragraph>
			<ref:Subparagraph>a</ref:Subparagraph>
			<ref:URI>https://taxonomy.ifrs.org/xifrs-link?type=IAS&amp;num=23&amp;code=ifrs-tx-2025-en-r&amp;anchor=para_26_a&amp;doctype=Standard</ref:URI>
			<ref:URIDate>2025-03-27</ref:URIDate>
		</link:reference>
		<link:loc xlink:href="../../full_ifrs-cor_2025-03-27.xsd#ifrs-full_BorrowingCostsCapitalised" xlink:label="loc_2" xlink:type="locator"/>
		<link:referenceArc xlink:arcrole="http://www.xbrl.org/2003/arcrole/concept-reference" xlink:from="loc_2" xlink:to="res_2" xlink:type="arc"/>
		<link:reference xlink:label="res_3" xlink:role="http://www.xbrl.org/2003/role/disclosureRef" xlink:type="resource">
			<ref:Name>IAS</ref:Name>
			<ref:Number>23</ref:Number>
			<ref:IssueDate>2025-01-01</ref:IssueDate>
			<ref:Paragraph>26</ref:Paragraph>
			<ref:Subparagraph>b</ref:Subparagraph>
			<ref:URI>https://taxonomy.ifrs.org/xifrs-link?type=IAS&amp;num=23&amp;code=ifrs-tx-2025-en-r&amp;anchor=para_26_b&amp;doctype=Standard</ref:URI>
			<ref:URIDate>2025-03-27</ref:URIDate>
		</link:reference>
		<link:loc xlink:href="../../full_ifrs-cor_2025-03-27.xsd#ifrs-full_CapitalisationRateOfBorrowingCostsEligibleForCapitalisation" xlink:label="loc_3" xlink:type="locator"/>
		<link:referenceArc xlink:arcrole="http://www.xbrl.org/2003/arcrole/concept-reference" xlink:from="loc_3" xlink:to="res_3" xlink:type="arc"/>
	</link:referenceLink>
</link:linkbase>
